coin,entry_date,exit_date,pnl_net,pnl_gross,hold,side,reason,risk0,notional,funding,n_units,entry_fill,exit_fill
BTC,2017-10-20 00:00:00+00:00,2018-02-02 00:00:00+00:00,0.6216893616572033,0.6230893616572033,105,1.0,rebalance,,1.0,0.0,1,5683.31,9224.52
BTC,2018-04-13 00:00:00+00:00,2018-04-20 00:00:00+00:00,0.04288252465294036,0.04428252465294036,7,1.0,rebalance,,1.0,0.0,1,7922.99,8273.84
BTC,2018-06-01 00:00:00+00:00,2018-06-15 00:00:00+00:00,-0.11447132522201035,-0.11307132522201035,14,1.0,rebalance,,1.0,0.0,1,7485.01,6638.67
BTC,2018-07-27 00:00:00+00:00,2018-08-10 00:00:00+00:00,-0.1769315656565657,-0.1755315656565657,14,1.0,rebalance,,1.0,0.0,1,7920.0,6529.79
BTC,2018-08-31 00:00:00+00:00,2018-09-07 00:00:00+00:00,-0.06840225058841724,-0.06700225058841724,7,1.0,rebalance,,1.0,0.0,1,6984.84,6516.84
BTC,2018-09-14 00:00:00+00:00,2018-09-21 00:00:00+00:00,-0.0006893906486275401,0.0007106093513724598,7,1.0,rebalance,,1.0,0.0,1,6487.39,6492.0
BTC,2018-10-19 00:00:00+00:00,2018-11-02 00:00:00+00:00,-0.032969914306779355,-0.031569914306779356,14,1.0,rebalance,,1.0,0.0,1,6618.96,6410.0
BTC,2019-02-15 00:00:00+00:00,2019-02-22 00:00:00+00:00,0.09516962543551573,0.09656962543551573,7,1.0,rebalance,,1.0,0.0,1,3590.57,3937.31
BTC,2019-03-01 00:00:00+00:00,2019-08-30 00:00:00+00:00,1.4889939427306997,1.4903939427306998,182,1.0,rebalance,,1.0,0.0,1,3814.26,9499.01
BTC,2020-01-17 00:00:00+00:00,2020-03-13 00:00:00+00:00,-0.51677982637145,-0.44954960637145003,56,1.0,rebalance,,1.0,-0.06583022,1,8720.15,4800.01
BTC,2020-05-08 00:00:00+00:00,2020-07-10 00:00:00+00:00,-0.09396610324985226,-0.07549142324985225,63,1.0,rebalance,,1.0,-0.01707468000000001,1,9986.3,9232.42
BTC,2020-07-24 00:00:00+00:00,2020-10-02 00:00:00+00:00,0.06043728776176224,0.10578271776176229,70,1.0,rebalance,,1.0,-0.04394543000000005,1,9603.27,10619.13
BTC,2020-10-23 00:00:00+00:00,2021-05-14 00:00:00+00:00,2.5623241118543834,2.830097371854383,203,1.0,rebalance,,1.0,-0.26637326000000006,1,12968.84,49671.92
BTC,2021-07-30 00:00:00+00:00,2021-12-10 00:00:00+00:00,0.11821144706920983,0.18784841706920985,133,1.0,rebalance,,1.0,-0.06823697000000001,1,40018.49,47535.9
BTC,2022-03-25 00:00:00+00:00,2022-04-15 00:00:00+00:00,-0.09773627736643425,-0.09204263736643425,21,1.0,rebalance,,1.0,-0.00429364,1,43991.46,39942.37
BTC,2022-04-29 00:00:00+00:00,2022-05-06 00:00:00+00:00,-0.08312191799953488,-0.08024470799953487,7,1.0,rebalance,,1.0,-0.00147721,1,39742.06,36552.97
BTC,2022-08-19 00:00:00+00:00,2022-09-09 00:00:00+00:00,-0.1681482914545878,-0.16691108145458777,21,1.0,rebalance,,1.0,0.00016278999999999984,1,23191.45,19320.54
BTC,2022-11-04 00:00:00+00:00,2022-11-11 00:00:00+00:00,-0.1283285058308952,-0.12889862583089517,7,1.0,rebalance,,1.0,0.00197012,1,20207.12,17602.45
BTC,2023-01-13 00:00:00+00:00,2023-05-26 00:00:00+00:00,0.3766629301353028,0.4046975001353028,133,1.0,rebalance,,1.0,-0.026634570000000014,1,18846.62,26473.8
BTC,2023-06-23 00:00:00+00:00,2023-08-25 00:00:00+00:00,-0.13810051026761322,-0.1239712202676132,63,1.0,rebalance,,1.0,-0.012729290000000004,1,29884.92,26180.05
BTC,2023-10-20 00:00:00+00:00,2024-05-03 00:00:00+00:00,0.9612154158137559,1.056878055813756,196,1.0,rebalance,,1.0,-0.09426264000000002,1,28713.71,59060.6
BTC,2024-05-24 00:00:00+00:00,2024-05-31 00:00:00+00:00,0.0021020779874019457,0.005627657987401946,7,1.0,rebalance,,1.0,-0.00212558,1,67969.66,68352.17
BTC,2024-06-07 00:00:00+00:00,2024-06-14 00:00:00+00:00,-0.06036752799316262,-0.05686586799316262,7,1.0,rebalance,,1.0,-0.00210166,1,70799.06,66773.01
BTC,2024-06-21 00:00:00+00:00,2024-06-28 00:00:00+00:00,-0.051866944278901504,-0.048767234278901506,7,1.0,rebalance,,1.0,-0.0016997100000000001,1,64869.99,61706.46
BTC,2024-09-13 00:00:00+00:00,2024-09-20 00:00:00+00:00,0.08106301238129887,0.08284016238129888,7,1.0,rebalance,,1.0,-0.00037715,1,58132.31,62948.0
BTC,2024-10-18 00:00:00+00:00,2025-02-07 00:00:00+00:00,0.3934685269602851,0.43209434696028515,112,1.0,rebalance,,1.0,-0.03722582000000002,1,67421.78,96554.35
BTC,2025-02-21 00:00:00+00:00,2025-02-28 00:00:00+00:00,-0.14060935895542243,-0.1383087189554224,7,1.0,rebalance,,1.0,-0.0009006400000000001,1,98305.01,84708.57
BTC,2025-05-02 00:00:00+00:00,2025-09-12 00:00:00+00:00,0.17349771828487762,0.19683707828487762,133,1.0,rebalance,,1.0,-0.021939359999999998,1,96489.9,115482.69
BTC,2025-10-03 00:00:00+00:00,2025-10-17 00:00:00+00:00,-0.10528922211709435,-0.10234088211709436,14,1.0,rebalance,,1.0,-0.00154834,1,120529.35,108194.27
BTC,2026-01-23 00:00:00+00:00,2026-01-30 00:00:00+00:00,-0.05729582828822964,-0.05481841828822964,7,1.0,rebalance,,1.0,-0.00107741,1,89559.68,84650.16
BTC,2026-04-10 00:00:00+00:00,2026-06-05 00:00:00+00:00,-0.1122278884604665,-0.1100739984604665,56,1.0,rebalance,,1.0,-0.0007538900000000001,1,71787.98,63885.99
BTC,2026-08-07 00:00:00+00:00,2026-08-14 00:00:00+00:00,-0.01561036721410847,-0.01294625721410847,7,1.0,rebalance,,1.0,-0.00126411,1,64323.61,63490.86
ETH,2017-10-20 00:00:00+00:00,2017-10-27 00:00:00+00:00,-0.04656296248299101,-0.04516296248299101,7,1.0,rebalance,,1.0,0.0,1,308.66,294.72
ETH,2017-11-17 00:00:00+00:00,2018-03-09 00:00:00+00:00,1.096642173217895,1.098042173217895,112,1.0,rebalance,,1.0,0.0,1,331.49,695.48
ETH,2018-05-11 00:00:00+00:00,2018-06-22 00:00:00+00:00,-0.27294957648231183,-0.2715495764823118,42,1.0,rebalance,,1.0,0.0,1,722.52,526.32
ETH,2019-02-08 00:00:00+00:00,2019-03-08 00:00:00+00:00,0.3081329249617151,0.30953292496171514,28,1.0,rebalance,,1.0,0.0,1,104.48,136.82
ETH,2019-03-15 00:00:00+00:00,2019-07-19 00:00:00+00:00,0.7057234119782213,0.7071234119782213,126,1.0,rebalance,,1.0,0.0,1,132.24,225.75
ETH,2019-11-01 00:00:00+00:00,2019-11-22 00:00:00+00:00,-0.11759737636533278,-0.11619737636533278,21,1.0,rebalance,,1.0,0.0,1,182.19,161.02
ETH,2020-01-24 00:00:00+00:00,2020-03-13 00:00:00+00:00,-0.4209987827817009,-0.33883942278170087,49,1.0,rebalance,,1.0,-0.08075936000000002,1,162.85,107.67
ETH,2020-05-15 00:00:00+00:00,2020-10-09 00:00:00+00:00,0.6342718567253678,0.7263023267253677,147,1.0,rebalance,,1.0,-0.09063046999999994,1,203.29,350.94
ETH,2020-10-30 00:00:00+00:00,2021-06-18 00:00:00+00:00,4.772032157003514,5.130605497003514,231,1.0,rebalance,,1.0,-0.35717334000000045,1,387.12,2373.28
ETH,2021-08-13 00:00:00+00:00,2021-12-31 00:00:00+00:00,0.1446563640679095,0.21770717406790951,140,1.0,rebalance,,1.0,-0.07165081,1,3046.11,3709.27
ETH,2022-03-25 00:00:00+00:00,2022-04-15 00:00:00+00:00,-0.03357385656111871,-0.028536526561118714,21,1.0,rebalance,,1.0,-0.0036373300000000007,1,3110.75,3021.98
ETH,2022-04-22 00:00:00+00:00,2022-05-06 00:00:00+00:00,-0.07989897440227647,-0.07896915440227648,14,1.0,rebalance,,1.0,0.00047017999999999984,1,2983.57,2747.96
ETH,2022-08-12 00:00:00+00:00,2022-09-23 00:00:00+00:00,-0.27910770137831814,-0.29450215137831814,42,1.0,rebalance,,1.0,0.01679445,1,1880.19,1326.47
ETH,2023-01-13 00:00:00+00:00,2023-05-26 00:00:00+00:00,0.246204107798165,0.27522935779816504,133,1.0,rebalance,,1.0,-0.02762525000000001,1,1415.91,1805.61
ETH,2023-06-02 00:00:00+00:00,2023-06-09 00:00:00+00:00,-0.011187541893349336,-0.008663751893349336,7,1.0,rebalance,,1.0,-0.00112379,1,1861.78,1845.65
ETH,2023-07-14 00:00:00+00:00,2023-08-04 00:00:00+00:00,-0.08952524082355116,-0.08415108082355116,21,1.0,rebalance,,1.0,-0.00397416,1,2004.49,1835.81
ETH,2023-08-11 00:00:00+00:00,2023-08-25 00:00:00+00:00,-0.1055379674968015,-0.1032729274968015,14,1.0,rebalance,,1.0,-0.00086504,1,1852.47,1661.16
ETH,2023-10-27 00:00:00+00:00,2024-05-03 00:00:00+00:00,0.5574637682071543,0.6558758782071543,189,1.0,rebalance,,1.0,-0.09701211000000005,1,1803.39,2986.19
ETH,2024-05-24 00:00:00+00:00,2024-06-14 00:00:00+00:00,-0.09201292492652494,-0.08304260492652493,21,1.0,rebalance,,1.0,-0.007570319999999999,1,3783.6,3469.4
ETH,2024-06-21 00:00:00+00:00,2024-07-26 00:00:00+00:00,-0.10539602736732442,-0.09610085736732443,35,1.0,rebalance,,1.0,-0.007895169999999998,1,3513.08,3175.47
ETH,2024-10-18 00:00:00+00:00,2024-10-25 00:00:00+00:00,-0.03035174169829485,-0.02685174169829485,7,1.0,rebalance,,1.0,-0.0021,1,2605.79,2535.82
ETH,2024-11-08 00:00:00+00:00,2025-01-24 00:00:00+00:00,0.12013934174517434,0.15291127174517438,77,1.0,rebalance,,1.0,-0.031371930000000034,1,2895.47,3338.22
ETH,2025-05-09 00:00:00+00:00,2025-10-17 00:00:00+00:00,0.7376438158622175,0.7643008258622175,161,1.0,rebalance,,1.0,-0.025257010000000014,1,2207.39,3894.5
ETH,2026-01-16 00:00:00+00:00,2026-01-30 00:00:00+00:00,-0.15239486461385485,-0.14948624461385485,14,1.0,rebalance,,1.0,-0.00150862,1,3318.7,2822.6
ETH,2026-04-10 00:00:00+00:00,2026-05-22 00:00:00+00:00,-0.026992985688416928,-0.02575142568841693,42,1.0,rebalance,,1.0,0.0001584400000000001,1,2190.17,2133.77
SOL,2021-01-06 00:00:00+00:00,2021-06-23 00:00:00+00:00,11.241680627513404,11.459327047513403,168,1.0,rebalance,,1.0,-0.2162464199999998,1,2.1636,26.957
SOL,2021-08-04 00:00:00+00:00,2021-08-11 00:00:00+00:00,0.18710217145362812,0.19196926145362814,7,1.0,rebalance,,1.0,-0.00346709,1,34.094,40.639
SOL,2021-08-18 00:00:00+00:00,2021-12-29 00:00:00+00:00,1.6849239903188584,1.7641693303188584,133,1.0,rebalance,,1.0,-0.07784533999999985,1,64.135,177.28
SOL,2022-03-30 00:00:00+00:00,2022-04-13 00:00:00+00:00,-0.07952963026518557,-0.07534492026518558,14,1.0,rebalance,,1.0,-0.00278471,1,111.62,103.21
SOL,2022-04-20 00:00:00+00:00,2022-05-04 00:00:00+00:00,-0.2105346719795411,-0.20873652197954107,14,1.0,rebalance,,1.0,-0.00039815000000000006,1,108.51,85.86
SOL,2022-08-10 00:00:00+00:00,2022-08-24 00:00:00+00:00,-0.1167512832721865,-0.11527020327218651,14,1.0,rebalance,,1.0,-8.10799999999999e-05,1,40.34,35.69
SOL,2022-09-14 00:00:00+00:00,2022-09-21 00:00:00+00:00,-0.04934650787878785,-0.047878787878787854,7,1.0,rebalance,,1.0,-6.772e-05,1,33.0,31.42
SOL,2022-11-02 00:00:00+00:00,2022-11-09 00:00:00+00:00,-0.24292675285714302,-0.242857142857143,7,1.0,rebalance,,1.0,0.0013303899999999999,1,32.2,24.38
SOL,2023-01-18 00:00:00+00:00,2023-03-22 00:00:00+00:00,-0.024496890857392775,-0.014873140857392775,63,1.0,rebalance,,1.0,-0.00822375,1,22.86,22.52
SOL,2023-04-19 00:00:00+00:00,2023-04-26 00:00:00+00:00,-0.11830168527800151,-0.11603545527800152,7,1.0,rebalance,,1.0,-0.0008662300000000002,1,24.82,21.94
SOL,2023-05-03 00:00:00+00:00,2023-05-17 00:00:00+00:00,-0.07355227775280902,-0.07056179775280902,14,1.0,rebalance,,1.0,-0.00159048,1,22.25,20.68
SOL,2023-05-31 00:00:00+00:00,2023-06-07 00:00:00+00:00,-0.044116256470588255,-0.04094117647058826,7,1.0,rebalance,,1.0,-0.00177508,1,21.25,20.38
SOL,2023-07-12 00:00:00+00:00,2023-09-13 00:00:00+00:00,-0.1912409900906618,-0.1881233000906618,63,1.0,rebalance,,1.0,-0.0017176900000000022,1,22.06,17.91
SOL,2023-10-18 00:00:00+00:00,2024-02-28 00:00:00+00:00,3.462622148529657,3.525898078529657,133,1.0,rebalance,,1.0,-0.06187593000000005,1,23.94,108.35
SOL,2024-03-06 00:00:00+00:00,2024-05-15 00:00:00+00:00,0.09198559584231097,0.133429095842311,70,1.0,rebalance,,1.0,-0.0400435,1,125.31,142.03
SOL,2024-05-22 00:00:00+00:00,2024-05-29 00:00:00+00:00,-0.05669874158574236,-0.053157451585742366,7,1.0,rebalance,,1.0,-0.00214129,1,178.15,168.68
SOL,2024-06-19 00:00:00+00:00,2024-06-26 00:00:00+00:00,-0.00840767220580747,-0.006113092205807469,7,1.0,rebalance,,1.0,-0.0008945800000000001,1,137.41,136.57
SOL,2024-07-03 00:00:00+00:00,2024-07-10 00:00:00+00:00,-0.0842011263156528,-0.0818022463156528,7,1.0,rebalance,,1.0,-0.0009988800000000002,1,154.03,141.43
SOL,2024-07-17 00:00:00+00:00,2024-07-24 00:00:00+00:00,0.07418606546631798,0.07726310546631798,7,1.0,rebalance,,1.0,-0.0016770399999999999,1,160.62,173.03
SOL,2024-07-31 00:00:00+00:00,2024-08-07 00:00:00+00:00,-0.19662017154498773,-0.19401652154498772,7,1.0,rebalance,,1.0,-0.0012036500000000003,1,179.16,144.4
SOL,2024-08-21 00:00:00+00:00,2024-09-04 00:00:00+00:00,-0.10538385103254376,-0.10353553103254376,14,1.0,rebalance,,1.0,-0.00044832000000000004,1,142.27,127.54
SOL,2024-10-16 00:00:00+00:00,2025-01-15 00:00:00+00:00,0.1825090662238304,0.21200568622383043,91,1.0,rebalance,,1.0,-0.028096620000000024,1,154.76,187.57
SOL,2025-01-22 00:00:00+00:00,2025-01-29 00:00:00+00:00,-0.09485708636879324,-0.09295729636879324,7,1.0,rebalance,,1.0,-0.00049979,1,250.33,227.06
SOL,2025-04-30 00:00:00+00:00,2025-06-25 00:00:00+00:00,-0.007413129897470937,-0.0025290498974709363,56,1.0,rebalance,,1.0,-0.0034840800000000005,1,146.3,145.93
SOL,2025-07-02 00:00:00+00:00,2025-07-16 00:00:00+00:00,0.11388037289643897,0.11649758289643897,14,1.0,rebalance,,1.0,-0.00121721,1,146.87,163.98
SOL,2025-07-23 00:00:00+00:00,2025-10-29 00:00:00+00:00,-0.05697223813320362,-0.05610111813320362,98,1.0,rebalance,,1.0,0.0005288799999999969,1,205.7,194.16
SOL,2026-04-15 00:00:00+00:00,2026-05-06 00:00:00+00:00,0.028703973306258946,0.030697563306258946,21,1.0,rebalance,,1.0,-0.00059359,1,83.72,86.29
SOL,2026-05-13 00:00:00+00:00,2026-05-20 00:00:00+00:00,-0.10656226029698775,-0.10585490029698774,7,1.0,rebalance,,1.0,0.0006926399999999999,1,94.28,84.3
XRP,2018-09-22 00:00:00+00:00,2018-11-24 00:00:00+00:00,-0.26626285217823015,-0.26486285217823013,63,1.0,rebalance,,1.0,0.0,1,0.56399,0.41461
XRP,2019-02-09 00:00:00+00:00,2019-02-23 00:00:00+00:00,0.02767517230325385,0.02907517230325385,14,1.0,rebalance,,1.0,0.0,1,0.31195,0.32102
XRP,2019-04-06 00:00:00+00:00,2019-04-27 00:00:00+00:00,-0.16137563541724348,-0.15997563541724347,21,1.0,rebalance,,1.0,0.0,1,0.36118,0.3034
XRP,2019-05-18 00:00:00+00:00,2019-07-20 00:00:00+00:00,-0.18123426836172735,-0.17983426836172733,63,1.0,rebalance,,1.0,0.0,1,0.38858,0.3187
XRP,2019-10-19 00:00:00+00:00,2019-11-23 00:00:00+00:00,-0.21905746156985456,-0.21765746156985455,35,1.0,rebalance,,1.0,0.0,1,0.29404,0.23004
XRP,2020-02-01 00:00:00+00:00,2020-03-14 00:00:00+00:00,-0.40095206328350097,-0.337077713283501,42,1.0,rebalance,,1.0,-0.06247434999999996,1,0.23947,0.15875
XRP,2020-05-16 00:00:00+00:00,2020-06-20 00:00:00+00:00,-0.06610973130588353,-0.05520234130588353,35,1.0,rebalance,,1.0,-0.00950739,1,0.19818,0.18724
XRP,2020-07-25 00:00:00+00:00,2020-10-03 00:00:00+00:00,0.07418406360712017,0.14681508360712003,70,1.0,rebalance,,1.0,-0.07123101999999985,1,0.20393,0.23387
XRP,2020-11-07 00:00:00+00:00,2021-01-02 00:00:00+00:00,-0.10233633172467135,-0.08197989172467135,56,1.0,rebalance,,1.0,-0.01895644000000001,1,0.2586,0.2374
XRP,2021-01-09 00:00:00+00:00,2021-01-23 00:00:00+00:00,-0.1891189969839932,-0.1508003369839932,14,1.0,rebalance,,1.0,-0.036918660000000006,1,0.32049,0.27216
XRP,2021-02-13 00:00:00+00:00,2021-02-20 00:00:00+00:00,-0.10274711743842367,-0.07261083743842367,7,1.0,rebalance,,1.0,-0.028736280000000003,1,0.609,0.56478
XRP,2021-02-27 00:00:00+00:00,2021-06-12 00:00:00+00:00,0.7847483698714774,0.9790157498714773,105,1.0,rebalance,,1.0,-0.19286737999999992,1,0.42794,0.8469
XRP,2021-08-14 00:00:00+00:00,2021-10-23 00:00:00+00:00,-0.05791104525181179,-0.0014677552518117531,70,1.0,rebalance,,1.0,-0.055043290000000036,1,1.0901,1.0885
XRP,2021-11-13 00:00:00+00:00,2021-11-27 00:00:00+00:00,-0.2179680258229551,-0.2096937058229551,14,1.0,rebalance,,1.0,-0.006874320000000001,1,1.1884,0.9392
XRP,2022-03-12 00:00:00+00:00,2022-04-23 00:00:00+00:00,-0.11755259202291977,-0.10587942202291978,42,1.0,rebalance,,1.0,-0.01027317,1,0.8028,0.7178
XRP,2022-08-20 00:00:00+00:00,2022-08-27 00:00:00+00:00,0.014551915784753271,0.014349775784753271,7,1.0,rebalance,,1.0,0.0016021400000000002,1,0.3345,0.3393
XRP,2022-09-03 00:00:00+00:00,2022-11-26 00:00:00+00:00,0.235423743393665,0.229864253393665,84,1.0,rebalance,,1.0,0.006959489999999999,1,0.3315,0.4077
XRP,2023-01-14 00:00:00+00:00,2023-02-11 00:00:00+00:00,-0.019409435610578174,-0.010111485610578175,28,1.0,rebalance,,1.0,-0.007897949999999999,1,0.3857,0.3818
XRP,2023-02-18 00:00:00+00:00,2023-03-18 00:00:00+00:00,-0.04587033715370975,-0.038490757153709754,28,1.0,rebalance,,1.0,-0.005979579999999998,1,0.3949,0.3797
XRP,2023-03-25 00:00:00+00:00,2023-06-03 00:00:00+00:00,0.22323663727699525,0.23122065727699526,70,1.0,rebalance,,1.0,-0.0065840199999999995,1,0.426,0.5245
XRP,2023-06-10 00:00:00+00:00,2023-06-17 00:00:00+00:00,-0.1161444728996283,-0.1156133828996283,7,1.0,rebalance,,1.0,0.0008689099999999999,1,0.538,0.4758
XRP,2023-06-24 00:00:00+00:00,2023-07-01 00:00:00+00:00,-0.048562407741935494,-0.0463709677419355,7,1.0,rebalance,,1.0,-0.0007914400000000002,1,0.496,0.473
XRP,2023-07-08 00:00:00+00:00,2023-09-16 00:00:00+00:00,0.055668755749039546,0.06786171574903954,70,1.0,rebalance,,1.0,-0.010792959999999999,1,0.4686,0.5004
XRP,2023-10-21 00:00:00+00:00,2024-01-06 00:00:00+00:00,0.07383671242718448,0.11805825242718448,77,1.0,rebalance,,1.0,-0.042821540000000005,1,0.515,0.5758
XRP,2024-03-09 00:00:00+00:00,2024-04-20 00:00:00+00:00,-0.22206136741935487,-0.18870967741935485,42,1.0,rebalance,,1.0,-0.03195169,1,0.62,0.503
XRP,2024-07-20 00:00:00+00:00,2024-09-28 00:00:00+00:00,0.016555504353741306,0.027210884353741305,70,1.0,rebalance,,1.0,-0.00925538,1,0.5733,0.5889
XRP,2024-11-09 00:00:00+00:00,2025-02-08 00:00:00+00:00,3.2971015540364816,3.3288784540364817,91,1.0,rebalance,,1.0,-0.03037690000000005,1,0.5537,2.3969
XRP,2025-02-15 00:00:00+00:00,2025-03-01 00:00:00+00:00,-0.21766554010809228,-0.21654981010809227,14,1.0,rebalance,,1.0,0.00028427,1,2.7384,2.1454
XRP,2025-03-15 00:00:00+00:00,2025-03-22 00:00:00+00:00,0.00972779609234423,0.01039721609234423,7,1.0,rebalance,,1.0,0.00073058,1,2.3564,2.3809
XRP,2025-05-03 00:00:00+00:00,2025-05-10 00:00:00+00:00,0.05853845145159114,0.060879011451591136,7,1.0,rebalance,,1.0,-0.0009405600000000001,1,2.2093,2.3438
XRP,2025-05-17 00:00:00+00:00,2025-05-24 00:00:00+00:00,-0.03741240021725433,-0.034962390217254335,7,1.0,rebalance,,1.0,-0.00105001,1,2.3797,2.2965
XRP,2025-06-07 00:00:00+00:00,2025-06-28 00:00:00+00:00,-0.012516993842948528,-0.008241503842948528,21,1.0,rebalance,,1.0,-0.0028754900000000005,1,2.1598,2.142
XRP,2025-07-05 00:00:00+00:00,2025-09-20 00:00:00+00:00,0.3282457612677327,0.3465435712677327,77,1.0,rebalance,,1.0,-0.016897810000000003,1,2.2205,2.99
XRP,2025-10-04 00:00:00+00:00,2025-10-11 00:00:00+00:00,-0.22309662299651342,-0.22031445299651342,7,1.0,rebalance,,1.0,-0.0013821700000000003,1,3.0402,2.3704
XRP,2026-04-18 00:00:00+00:00,2026-05-23 00:00:00+00:00,-0.09765383003523748,-0.09561564003523748,35,1.0,rebalance,,1.0,-0.0006381900000000001,1,1.4757,1.3346
XRP,2026-05-30 00:00:00+00:00,2026-06-06 00:00:00+00:00,-0.17555744616541352,-0.1745864661654135,7,1.0,rebalance,,1.0,0.00042901999999999995,1,1.33,1.0978
ADA,2018-11-14 00:00:00+00:00,2018-11-21 00:00:00+00:00,-0.3876022772940388,-0.3862022772940388,7,1.0,rebalance,,1.0,0.0,1,0.07465,0.04582
ADA,2019-01-30 00:00:00+00:00,2019-03-13 00:00:00+00:00,0.24148724973656482,0.24288724973656484,42,1.0,rebalance,,1.0,0.0,1,0.03796,0.04718
ADA,2019-03-20 00:00:00+00:00,2019-06-05 00:00:00+00:00,0.5818533128480893,0.5832533128480892,77,1.0,rebalance,,1.0,0.0,1,0.05207,0.08244
ADA,2019-06-12 00:00:00+00:00,2019-07-17 00:00:00+00:00,-0.40892602081665336,-0.40752602081665334,35,1.0,rebalance,,1.0,0.0,1,0.08743,0.0518
ADA,2020-01-22 00:00:00+00:00,2020-03-18 00:00:00+00:00,-0.5052493607471763,-0.4411381407471764,56,1.0,rebalance,,1.0,-0.06271121999999994,1,0.04604,0.02573
ADA,2020-05-06 00:00:00+00:00,2020-09-09 00:00:00+00:00,0.7499775292139828,0.8397656092139827,126,1.0,rebalance,,1.0,-0.08838808000000001,1,0.04949,0.09105
ADA,2020-11-11 00:00:00+00:00,2021-06-23 00:00:00+00:00,9.57049979255902,9.91879131255902,224,1.0,rebalance,,1.0,-0.34689152000000045,1,0.1059,1.1563
ADA,2021-06-30 00:00:00+00:00,2021-07-14 00:00:00+00:00,-0.0812528460818586,-0.07879979608185861,14,1.0,rebalance,,1.0,-0.00105305,1,1.3731,1.2649
ADA,2021-08-11 00:00:00+00:00,2021-10-27 00:00:00+00:00,0.20797297604290815,0.27413587604290823,77,1.0,rebalance,,1.0,-0.06476290000000005,1,1.678,2.138
ADA,2022-03-30 00:00:00+00:00,2022-04-13 00:00:00+00:00,-0.20319475332493717,-0.19899244332493715,14,1.0,rebalance,,1.0,-0.0028023099999999997,1,1.191,0.954
ADA,2022-08-17 00:00:00+00:00,2022-08-24 00:00:00+00:00,-0.1624128309624708,-0.1634045609624708,7,1.0,rebalance,,1.0,0.00239173,1,0.5569,0.4659
ADA,2022-09-07 00:00:00+00:00,2022-09-21 00:00:00+00:00,-0.04500290567567565,-0.04367567567567565,14,1.0,rebalance,,1.0,7.276999999999996e-05,1,0.4625,0.4423
ADA,2023-01-18 00:00:00+00:00,2023-04-05 00:00:00+00:00,0.10882104425470344,0.12735166425470346,77,1.0,rebalance,,1.0,-0.01713062,1,0.3455,0.3895
ADA,2023-04-12 00:00:00+00:00,2023-06-07 00:00:00+00:00,-0.13482674120797025,-0.12079701120797026,56,1.0,rebalance,,1.0,-0.012629729999999997,1,0.4015,0.353
ADA,2023-08-16 00:00:00+00:00,2023-08-23 00:00:00+00:00,-0.08246406347517729,-0.08262411347517729,7,1.0,rebalance,,1.0,0.0015600500000000001,1,0.282,0.2587
ADA,2023-10-25 00:00:00+00:00,2024-02-14 00:00:00+00:00,0.9036418926208376,0.9505907626208376,112,1.0,rebalance,,1.0,-0.045548870000000075,1,0.2793,0.5448
ADA,2024-02-21 00:00:00+00:00,2024-04-17 00:00:00+00:00,-0.31784063770913773,-0.26270913770913773,56,1.0,rebalance,,1.0,-0.053731500000000015,1,0.6216,0.4583
ADA,2024-07-17 00:00:00+00:00,2024-07-24 00:00:00+00:00,-0.0669561871673134,-0.0641406071673134,7,1.0,rebalance,,1.0,-0.0014155800000000005,1,0.4381,0.41
ADA,2024-10-09 00:00:00+00:00,2025-01-29 00:00:00+00:00,1.6176092905134896,1.6597040905134897,112,1.0,rebalance,,1.0,-0.040694800000000066,1,0.3447,0.9168
ADA,2025-03-05 00:00:00+00:00,2025-03-12 00:00:00+00:00,-0.2304811464151344,-0.2305239664151344,7,1.0,rebalance,,1.0,0.00144282,1,0.9409,0.724
ADA,2025-04-30 00:00:00+00:00,2025-05-07 00:00:00+00:00,-0.024838239801638663,-0.024148339801638663,7,1.0,rebalance,,1.0,0.0007101,1,0.6957,0.6789
ADA,2025-05-14 00:00:00+00:00,2025-06-18 00:00:00+00:00,-0.2708118602409639,-0.26626506024096386,35,1.0,rebalance,,1.0,-0.0031468000000000004,1,0.83,0.609
ADA,2025-07-23 00:00:00+00:00,2025-09-24 00:00:00+00:00,-0.12276074906474808,-0.10791366906474809,63,1.0,rebalance,,1.0,-0.013447080000000002,1,0.9035,0.806
ADA,2025-10-01 00:00:00+00:00,2025-10-15 00:00:00+00:00,-0.13722892265948228,-0.13439861265948227,14,1.0,rebalance,,1.0,-0.0014303100000000002,1,0.8073,0.6988
ADA,2026-05-13 00:00:00+00:00,2026-05-20 00:00:00+00:00,-0.08616498958702065,-0.08480825958702065,7,1.0,rebalance,,1.0,4.327e-05,1,0.2712,0.2482
AVAX,2021-01-06 00:00:00+00:00,2021-04-21 00:00:00+00:00,5.272471356770974,5.448143616770975,105,1.0,rebalance,,1.0,-0.17427225999999998,1,4.2502,27.4059
AVAX,2021-04-28 00:00:00+00:00,2021-05-26 00:00:00+00:00,-0.3184840929694932,-0.30506777296949317,28,1.0,rebalance,,1.0,-0.012016320000000004,1,27.961,19.431
AVAX,2021-08-11 00:00:00+00:00,2022-01-19 00:00:00+00:00,4.1327748279671335,4.236153377967134,161,1.0,rebalance,,1.0,-0.10197854999999978,1,16.43,86.03
AVAX,2022-02-16 00:00:00+00:00,2022-02-23 00:00:00+00:00,-0.20151978962134243,-0.1994406196213424,7,1.0,rebalance,,1.0,-0.00067917,1,92.96,74.42
AVAX,2022-03-30 00:00:00+00:00,2022-04-13 00:00:00+00:00,-0.18060839337107748,-0.17696538337107748,14,1.0,rebalance,,1.0,-0.00224301,1,92.73,76.32
AVAX,2022-08-10 00:00:00+00:00,2022-09-21 00:00:00+00:00,-0.3816086507807371,-0.39255746078073706,42,1.0,rebalance,,1.0,0.012348809999999998,1,27.41,16.65
AVAX,2023-01-18 00:00:00+00:00,2023-03-29 00:00:00+00:00,-0.04402157762988914,-0.023934617629889132,70,1.0,rebalance,,1.0,-0.01868696000000001,1,17.13,16.72
AVAX,2023-04-19 00:00:00+00:00,2023-04-26 00:00:00+00:00,-0.17088175452830182,-0.1688679245283018,7,1.0,rebalance,,1.0,-0.0006138300000000001,1,21.2,17.62
AVAX,2023-08-16 00:00:00+00:00,2023-08-23 00:00:00+00:00,-0.14052536431952659,-0.14201183431952658,7,1.0,rebalance,,1.0,0.0028864700000000004,1,11.83,10.15
AVAX,2023-10-25 00:00:00+00:00,2024-02-21 00:00:00+00:00,2.6695158024878998,2.7270087124878994,119,1.0,rebalance,,1.0,-0.05609291000000003,1,10.33,38.5
AVAX,2024-03-13 00:00:00+00:00,2024-04-17 00:00:00+00:00,-0.4004089114996394,-0.3736481614996394,35,1.0,rebalance,,1.0,-0.025360750000000012,1,55.48,34.75
AVAX,2024-10-09 00:00:00+00:00,2025-01-29 00:00:00+00:00,0.1875499340470766,0.21791951404707666,112,1.0,rebalance,,1.0,-0.028969580000000036,1,26.34,32.08
AVAX,2025-05-07 00:00:00+00:00,2025-06-18 00:00:00+00:00,-0.07494203774112955,-0.07096451774112955,42,1.0,rebalance,,1.0,-0.00257752,1,20.01,18.59
AVAX,2025-07-23 00:00:00+00:00,2025-10-15 00:00:00+00:00,-0.1344878605100463,-0.12171561051004631,84,1.0,rebalance,,1.0,-0.011372249999999995,1,25.88,22.73
AVAX,2026-04-15 00:00:00+00:00,2026-05-20 00:00:00+00:00,-0.02521075634408611,-0.021505376344086113,35,1.0,rebalance,,1.0,-0.00230538,1,9.3,9.1
LINK,2019-04-04 00:00:00+00:00,2019-08-29 00:00:00+00:00,2.3908691481746605,2.3922691481746603,147,1.0,rebalance,,1.0,0.0,1,0.5588,1.8956
LINK,2019-10-10 00:00:00+00:00,2019-12-12 00:00:00+00:00,-0.2227604031883333,-0.22136040318833328,63,1.0,rebalance,,1.0,0.0,1,2.7977,2.1784
LINK,2020-01-30 00:00:00+00:00,2020-03-19 00:00:00+00:00,-0.3203049044844341,-0.2982904444844341,49,1.0,rebalance,,1.0,-0.020614459999999994,1,2.7785,1.9497
LINK,2020-04-09 00:00:00+00:00,2020-04-16 00:00:00+00:00,-0.005801226687174654,-0.015238996687174655,7,1.0,rebalance,,1.0,0.01083777,1,3.1695,3.1212
LINK,2020-04-30 00:00:00+00:00,2020-05-07 00:00:00+00:00,-0.08713060581929477,-0.07733854581929478,7,1.0,rebalance,,1.0,-0.00839206,1,3.8881,3.5874
LINK,2020-05-21 00:00:00+00:00,2020-10-08 00:00:00+00:00,1.177840631663405,1.196697651663405,140,1.0,rebalance,,1.0,-0.01745702000000002,1,4.088,8.9801
LINK,2020-11-12 00:00:00+00:00,2020-12-31 00:00:00+00:00,-0.16280630385321102,-0.11834862385321099,49,1.0,rebalance,,1.0,-0.04305768000000002,1,12.753,11.2437
LINK,2021-01-07 00:00:00+00:00,2021-05-20 00:00:00+00:00,0.213623497385663,0.5217996773856632,133,1.0,rebalance,,1.0,-0.3067761800000003,1,17.2342,26.227
LINK,2021-05-27 00:00:00+00:00,2021-06-10 00:00:00+00:00,-0.2536285019042022,-0.2480458419042022,14,1.0,rebalance,,1.0,-0.0041826599999999995,1,34.03,25.589
LINK,2021-08-12 00:00:00+00:00,2021-10-14 00:00:00+00:00,-0.04873838730986024,-0.008956837309860188,63,1.0,rebalance,,1.0,-0.038381550000000056,1,25.902,25.67
LINK,2021-10-21 00:00:00+00:00,2021-11-18 00:00:00+00:00,0.03850982423580797,0.06222707423580798,28,1.0,rebalance,,1.0,-0.022317250000000007,1,27.48,29.19
LINK,2021-11-25 00:00:00+00:00,2021-12-09 00:00:00+00:00,-0.11101800064112578,-0.10437842064112579,14,1.0,rebalance,,1.0,-0.00523958,1,25.58,22.91
LINK,2022-03-31 00:00:00+00:00,2022-04-07 00:00:00+00:00,-0.10808324444509013,-0.10459035444509013,7,1.0,rebalance,,1.0,-0.00209289,1,17.21,15.41
LINK,2022-07-21 00:00:00+00:00,2022-07-28 00:00:00+00:00,-0.004084667991844988,-0.0010193679918449883,7,1.0,rebalance,,1.0,-0.0016653,1,6.867,6.86
LINK,2022-08-04 00:00:00+00:00,2022-09-22 00:00:00+00:00,-0.0890484189236682,-0.08305875892366821,49,1.0,rebalance,,1.0,-0.00458966,1,7.284,6.679
LINK,2022-09-29 00:00:00+00:00,2022-10-13 00:00:00+00:00,-0.08690453640153951,-0.08338678640153951,14,1.0,rebalance,,1.0,-0.0021177500000000003,1,7.795,7.145
LINK,2022-10-27 00:00:00+00:00,2022-11-10 00:00:00+00:00,-0.13364393462140262,-0.1293657446214026,14,1.0,rebalance,,1.0,-0.00287819,1,7.158,6.232
LINK,2022-11-24 00:00:00+00:00,2022-12-01 00:00:00+00:00,0.14107970990459143,0.14385807990459143,7,1.0,rebalance,,1.0,-0.00137837,1,6.708,7.673
LINK,2023-01-12 00:00:00+00:00,2023-02-02 00:00:00+00:00,0.13963721770210077,0.14799490770210078,21,1.0,rebalance,,1.0,-0.006957689999999999,1,6.284,7.214
LINK,2023-02-09 00:00:00+00:00,2023-04-27 00:00:00+00:00,-0.039636890930362934,-0.01863528093036293,77,1.0,rebalance,,1.0,-0.019601610000000005,1,7.137,7.004
LINK,2023-05-11 00:00:00+00:00,2023-05-25 00:00:00+00:00,-0.04503444315118403,-0.040528233151184034,14,1.0,rebalance,,1.0,-0.00310621,1,6.588,6.321
LINK,2023-07-20 00:00:00+00:00,2023-09-14 00:00:00+00:00,-0.14013963362059007,-0.12941006362059004,56,1.0,rebalance,,1.0,-0.009329569999999999,1,6.916,6.021
LINK,2023-10-05 00:00:00+00:00,2023-10-12 00:00:00+00:00,-0.03953337526391248,-0.036882575263912476,7,1.0,rebalance,,1.0,-0.0012508,1,7.673,7.39
LINK,2023-10-19 00:00:00+00:00,2024-04-11 00:00:00+00:00,1.2625614055573684,1.3677270255573686,175,1.0,rebalance,,1.0,-0.10376562000000004,1,7.356,17.417
LINK,2024-06-06 00:00:00+00:00,2024-06-13 00:00:00+00:00,-0.10149430224313798,-0.09784140224313798,7,1.0,rebalance,,1.0,-0.0022529,1,17.743,16.007
LINK,2024-06-20 00:00:00+00:00,2024-06-27 00:00:00+00:00,-0.03268534593893771,-0.02990380593893771,7,1.0,rebalance,,1.0,-0.00138154,1,14.346,13.917
LINK,2024-07-04 00:00:00+00:00,2024-07-11 00:00:00+00:00,-0.06116717031640904,-0.05879323031640904,7,1.0,rebalance,,1.0,-0.0009739400000000001,1,13.59,12.791
LINK,2024-10-10 00:00:00+00:00,2025-02-06 00:00:00+00:00,0.7752330719544596,0.8206831119544595,119,1.0,rebalance,,1.0,-0.04405004000000001,1,10.54,19.19
LINK,2025-05-15 00:00:00+00:00,2025-06-26 00:00:00+00:00,-0.23191336753231492,-0.22796709753231492,42,1.0,rebalance,,1.0,-0.00254627,1,17.02,13.14
LINK,2025-07-10 00:00:00+00:00,2025-07-17 00:00:00+00:00,0.16704213578947363,0.17052631578947364,7,1.0,rebalance,,1.0,-0.0020841799999999997,1,14.25,16.68
LINK,2025-07-24 00:00:00+00:00,2025-10-16 00:00:00+00:00,-0.024129365071507106,-0.007150715071507108,84,1.0,rebalance,,1.0,-0.015578649999999998,1,18.18,18.05
LINK,2026-04-16 00:00:00+00:00,2026-04-30 00:00:00+00:00,-0.01869519049676035,-0.015118790496760348,14,1.0,rebalance,,1.0,-0.0021764,1,9.26,9.12
LINK,2026-05-07 00:00:00+00:00,2026-05-28 00:00:00+00:00,-0.0898102755855856,-0.0855855855855856,21,1.0,rebalance,,1.0,-0.0028246900000000004,1,9.99,9.135
DOT,2020-10-21 00:00:00+00:00,2020-10-28 00:00:00+00:00,0.1932961481534046,0.1969821181534046,7,1.0,rebalance,,1.0,-0.0022859699999999996,1,3.9034,4.6723
DOT,2020-11-11 00:00:00+00:00,2020-11-18 00:00:00+00:00,0.09430661198055625,0.09821388198055625,7,1.0,rebalance,,1.0,-0.00250727,1,4.423,4.8574
DOT,2020-11-25 00:00:00+00:00,2021-05-05 00:00:00+00:00,4.729796672791204,5.068929412791205,161,1.0,rebalance,,1.0,-0.33773274000000003,1,5.7305,34.778
DOT,2021-05-12 00:00:00+00:00,2021-05-26 00:00:00+00:00,-0.4374145232734613,-0.4267560432734613,14,1.0,rebalance,,1.0,-0.00925848,1,38.638,22.149
DOT,2021-08-25 00:00:00+00:00,2021-12-08 00:00:00+00:00,0.16376733496609486,0.2161946549660949,105,1.0,rebalance,,1.0,-0.051027320000000036,1,25.07,30.49
DOT,2022-03-30 00:00:00+00:00,2022-04-13 00:00:00+00:00,-0.20725493767721803,-0.20775746767721803,14,1.0,rebalance,,1.0,0.0019025300000000001,1,22.43,17.77
DOT,2022-04-27 00:00:00+00:00,2022-05-04 00:00:00+00:00,-0.11431975482014382,-0.11690647482014382,7,1.0,rebalance,,1.0,0.00398672,1,16.68,14.73
DOT,2022-08-17 00:00:00+00:00,2022-08-24 00:00:00+00:00,-0.13180763633484172,-0.1357466063348417,7,1.0,rebalance,,1.0,0.00533897,1,8.84,7.64
DOT,2022-09-07 00:00:00+00:00,2022-09-21 00:00:00+00:00,-0.08482841232558133,-0.08720930232558133,14,1.0,rebalance,,1.0,0.0037808900000000003,1,6.88,6.28
DOT,2023-01-18 00:00:00+00:00,2023-03-29 00:00:00+00:00,0.010640113308712482,0.016786973308712483,70,1.0,rebalance,,1.0,-0.00474686,1,5.957,6.057
DOT,2023-04-05 00:00:00+00:00,2023-04-12 00:00:00+00:00,-0.005573799311791236,-0.003262389311791236,7,1.0,rebalance,,1.0,-0.0009114100000000001,1,6.437,6.416
DOT,2023-04-19 00:00:00+00:00,2023-04-26 00:00:00+00:00,-0.13409906311740905,-0.13259109311740902,7,1.0,rebalance,,1.0,-0.00010797000000000001,1,6.916,5.999
DOT,2023-08-16 00:00:00+00:00,2023-08-23 00:00:00+00:00,-0.07796401131824794,-0.08137845131824795,7,1.0,rebalance,,1.0,0.0048144400000000006,1,4.817,4.425
DOT,2023-11-08 00:00:00+00:00,2024-02-28 00:00:00+00:00,0.6476326900081186,0.6990054800081187,112,1.0,rebalance,,1.0,-0.049972790000000065,1,4.927,8.371
DOT,2024-03-06 00:00:00+00:00,2024-04-17 00:00:00+00:00,-0.3102237898283262,-0.2811158798283262,42,1.0,rebalance,,1.0,-0.027707910000000002,1,9.32,6.7
DOT,2024-07-03 00:00:00+00:00,2024-07-10 00:00:00+00:00,-0.06497107621956814,-0.06338998621956815,7,1.0,rebalance,,1.0,-0.00018109,1,6.531,6.117
DOT,2024-11-13 00:00:00+00:00,2025-01-29 00:00:00+00:00,0.03553460311358069,0.06385383311358073,77,1.0,rebalance,,1.0,-0.026919230000000037,1,5.309,5.648
DOT,2025-05-14 00:00:00+00:00,2025-05-28 00:00:00+00:00,-0.1300348161185985,-0.12668463611859848,14,1.0,rebalance,,1.0,-0.0019501800000000001,1,5.194,4.536
DOT,2025-06-11 00:00:00+00:00,2025-06-25 00:00:00+00:00,-0.20184259225844003,-0.19953434225844002,14,1.0,rebalance,,1.0,-0.0009082500000000001,1,4.295,3.438
DOT,2025-08-27 00:00:00+00:00,2025-09-24 00:00:00+00:00,0.012434609632107012,0.02006688963210701,28,1.0,rebalance,,1.0,-0.00623228,1,3.887,3.965
DOT,2025-10-01 00:00:00+00:00,2025-10-15 00:00:00+00:00,-0.16732478574315676,-0.16909695574315675,14,1.0,rebalance,,1.0,0.00317217,1,3.909,3.248
BNB,2018-01-09 00:00:00+00:00,2018-03-13 00:00:00+00:00,-0.556810199556541,-0.555410199556541,63,1.0,rebalance,,1.0,0.0,1,18.04,8.0204
BNB,2018-04-10 00:00:00+00:00,2018-05-29 00:00:00+00:00,-0.0006594587316547816,0.0007405412683452184,49,1.0,rebalance,,1.0,0.0,1,11.8832,11.892
BNB,2018-06-05 00:00:00+00:00,2018-07-10 00:00:00+00:00,-0.05225007186174506,-0.05085007186174506,35,1.0,rebalance,,1.0,0.0,1,14.2635,13.5382
BNB,2018-07-17 00:00:00+00:00,2018-07-24 00:00:00+00:00,-0.10137980810218598,-0.09997980810218599,7,1.0,rebalance,,1.0,0.0,1,13.3717,12.0348
BNB,2018-07-31 00:00:00+00:00,2018-08-07 00:00:00+00:00,0.03593993654255352,0.03733993654255352,7,1.0,rebalance,,1.0,0.0,1,13.2057,13.6988
BNB,2018-10-16 00:00:00+00:00,2018-10-30 00:00:00+00:00,-0.10559016387227642,-0.10419016387227642,14,1.0,rebalance,,1.0,0.0,1,10.5509,9.4516
BNB,2019-01-29 00:00:00+00:00,2019-07-30 00:00:00+00:00,3.371251763408066,3.372651763408066,182,1.0,rebalance,,1.0,0.0,1,6.1642,26.9539
BNB,2020-01-28 00:00:00+00:00,2020-03-17 00:00:00+00:00,-0.506338681188455,-0.46638370118845507,49,1.0,rebalance,,1.0,-0.03855498,1,17.67,9.429
BNB,2020-05-19 00:00:00+00:00,2020-06-30 00:00:00+00:00,-0.07883841573801248,-0.06989861573801248,42,1.0,rebalance,,1.0,-0.0075398,1,16.6298,15.4674
BNB,2020-07-14 00:00:00+00:00,2020-11-17 00:00:00+00:00,0.5513421751338808,0.5194421951338808,126,1.0,rebalance,,1.0,0.03329998000000002,1,18.4007,27.9588
BNB,2020-11-24 00:00:00+00:00,2020-12-15 00:00:00+00:00,-0.04964342998045135,-0.031148989980451347,21,1.0,rebalance,,1.0,-0.01709444,1,30.9994,30.0338
BNB,2020-12-22 00:00:00+00:00,2021-06-08 00:00:00+00:00,9.91198001698908,10.168174726989081,168,1.0,rebalance,,1.0,-0.2547947099999999,1,32.05,357.94
BNB,2021-08-17 00:00:00+00:00,2021-10-26 00:00:00+00:00,0.1577524067535841,0.16689117675358411,70,1.0,rebalance,,1.0,-0.0077387699999999955,1,415.72,485.1
BNB,2021-11-02 00:00:00+00:00,2022-01-04 00:00:00+00:00,-0.060375350594957355,-0.07146744059495735,63,1.0,rebalance,,1.0,0.012492089999999999,1,551.3,511.9
BNB,2022-03-29 00:00:00+00:00,2022-04-12 00:00:00+00:00,-0.08418697827522079,-0.08275220827522078,14,1.0,rebalance,,1.0,-3.477e-05,1,430.2,394.6
BNB,2022-04-19 00:00:00+00:00,2022-05-03 00:00:00+00:00,-0.06489442501079393,-0.06572319501079393,14,1.0,rebalance,,1.0,0.0022287699999999997,1,416.9,389.5
BNB,2022-08-09 00:00:00+00:00,2022-10-11 00:00:00+00:00,-0.15505194408125578,-0.16435826408125576,63,1.0,rebalance,,1.0,0.010706319999999998,1,324.9,271.5
BNB,2022-11-01 00:00:00+00:00,2022-11-15 00:00:00+00:00,-0.13728565883977908,-0.14364640883977908,14,1.0,rebalance,,1.0,0.00776075,1,325.8,279.0
BNB,2022-11-29 00:00:00+00:00,2022-12-20 00:00:00+00:00,-0.1713911373594548,-0.1812606473594548,21,1.0,rebalance,,1.0,0.01126951,1,293.5,240.3
BNB,2023-01-17 00:00:00+00:00,2023-04-11 00:00:00+00:00,0.09895453946488308,0.06555183946488308,84,1.0,rebalance,,1.0,0.034802700000000006,1,299.0,318.6
BNB,2023-04-18 00:00:00+00:00,2023-05-23 00:00:00+00:00,-0.0648500629411764,-0.09088235294117641,35,1.0,rebalance,,1.0,0.02743229000000001,1,340.0,309.1
BNB,2023-05-30 00:00:00+00:00,2023-06-06 00:00:00+00:00,-0.11371776197946744,-0.11132499197946744,7,1.0,rebalance,,1.0,-0.00099277,1,311.7,277.0
BNB,2023-08-15 00:00:00+00:00,2023-08-22 00:00:00+00:00,-0.12158382515592513,-0.1251559251559251,7,1.0,rebalance,,1.0,0.004972099999999999,1,240.5,210.4
BNB,2023-10-24 00:00:00+00:00,2024-06-25 00:00:00+00:00,1.5312645191426073,1.4851268591426074,245,1.0,rebalance,,1.0,0.04753765999999997,1,228.6,568.1
BNB,2024-09-10 00:00:00+00:00,2024-09-17 00:00:00+00:00,0.027694909971081507,0.028918449971081506,7,1.0,rebalance,,1.0,0.00017646,1,518.7,533.7
BNB,2024-09-24 00:00:00+00:00,2024-10-01 00:00:00+00:00,-0.06289238556658402,-0.06137303556658402,7,1.0,rebalance,,1.0,-0.00011935,1,604.5,567.4
BNB,2024-10-08 00:00:00+00:00,2025-02-04 00:00:00+00:00,0.07568078121190652,0.09356839121190652,119,1.0,rebalance,,1.0,-0.016487609999999996,1,564.4,617.21
BNB,2025-05-06 00:00:00+00:00,2025-11-18 00:00:00+00:00,0.5157238499026121,0.5183146199026121,196,1.0,rebalance,,1.0,-0.0011907699999999983,1,597.61,907.36
BNB,2026-01-20 00:00:00+00:00,2026-02-03 00:00:00+00:00,-0.16391976408834993,-0.16203984408834993,14,1.0,rebalance,,1.0,-0.00047992,1,923.6,773.94
BNB,2026-04-21 00:00:00+00:00,2026-05-05 00:00:00+00:00,-0.012751913678288773,-0.010520293678288772,14,1.0,rebalance,,1.0,-0.00083162,1,629.26,622.64
BNB,2026-05-12 00:00:00+00:00,2026-05-19 00:00:00+00:00,-0.04238581566954968,-0.04036683566954968,7,1.0,rebalance,,1.0,-0.00061898,1,670.6,643.53
BNB,2026-05-26 00:00:00+00:00,2026-06-23 00:00:00+00:00,-0.11328141510819568,-0.11009575510819569,28,1.0,rebalance,,1.0,-0.00178566,1,663.15,590.14
LTC,2018-06-07 00:00:00+00:00,2018-06-14 00:00:00+00:00,-0.23349734440516318,-0.23209734440516316,7,1.0,rebalance,,1.0,0.0,1,121.63,93.4
LTC,2018-10-18 00:00:00+00:00,2018-10-25 00:00:00+00:00,-0.040995009943952374,-0.039595009943952375,7,1.0,rebalance,,1.0,0.0,1,55.31,53.12
LTC,2019-02-07 00:00:00+00:00,2019-07-18 00:00:00+00:00,1.7435664429530202,1.7449664429530203,161,1.0,rebalance,,1.0,0.0,1,32.78,89.98
LTC,2019-07-25 00:00:00+00:00,2019-08-01 00:00:00+00:00,0.044559970348406155,0.045959970348406154,7,1.0,rebalance,,1.0,0.0,1,94.43,98.77
LTC,2020-01-23 00:00:00+00:00,2020-03-19 00:00:00+00:00,-0.4711349666278073,-0.4047659866278073,56,1.0,rebalance,,1.0,-0.06496897999999998,1,58.33,34.72
LTC,2020-05-21 00:00:00+00:00,2020-07-02 00:00:00+00:00,-0.06058028618444852,-0.056057866184448524,42,1.0,rebalance,,1.0,-0.00312242,1,44.24,41.76
LTC,2020-07-09 00:00:00+00:00,2020-09-24 00:00:00+00:00,-0.13974045128996676,-0.05203969128996688,77,1.0,rebalance,,1.0,-0.08630075999999988,1,45.35,42.99
LTC,2020-11-12 00:00:00+00:00,2021-05-20 00:00:00+00:00,1.7810374415654522,2.142881241565452,189,1.0,rebalance,,1.0,-0.3604438,1,59.28,186.31
LTC,2021-05-27 00:00:00+00:00,2021-06-03 00:00:00+00:00,-0.0625187009853207,-0.05901870098532069,7,1.0,rebalance,,1.0,-0.0021,1,198.92,187.18
LTC,2021-08-19 00:00:00+00:00,2021-12-09 00:00:00+00:00,-0.07287400262121943,-0.008641382621219384,112,1.0,rebalance,,1.0,-0.06283262000000005,1,166.64,165.2
LTC,2022-03-31 00:00:00+00:00,2022-04-14 00:00:00+00:00,-0.15943021382913813,-0.15636918382913811,14,1.0,rebalance,,1.0,-0.0016610299999999995,1,131.1,110.6
LTC,2022-08-11 00:00:00+00:00,2022-09-22 00:00:00+00:00,-0.17440147542708662,-0.1703475154270866,42,1.0,rebalance,,1.0,-0.0026539600000000003,1,61.58,51.09
LTC,2022-11-03 00:00:00+00:00,2022-11-10 00:00:00+00:00,-0.17072507057424127,-0.16833470057424127,7,1.0,rebalance,,1.0,-0.0009903700000000002,1,60.95,50.69
LTC,2022-11-24 00:00:00+00:00,2023-03-16 00:00:00+00:00,-0.05798728441842807,-0.03265409441842804,112,1.0,rebalance,,1.0,-0.02393319000000003,1,79.01,76.43
LTC,2023-03-23 00:00:00+00:00,2023-04-06 00:00:00+00:00,0.057308681117478444,0.06166189111747844,14,1.0,rebalance,,1.0,-0.0029532100000000004,1,87.25,92.63
LTC,2023-05-18 00:00:00+00:00,2023-05-25 00:00:00+00:00,-0.08882849310183208,-0.08574776310183208,7,1.0,rebalance,,1.0,-0.00168073,1,93.88,85.83
LTC,2023-07-06 00:00:00+00:00,2023-07-20 00:00:00+00:00,-0.10731048015594535,-0.10331384015594536,14,1.0,rebalance,,1.0,-0.00259664,1,102.6,92.0
LTC,2023-07-27 00:00:00+00:00,2023-08-03 00:00:00+00:00,-0.03734049937879278,-0.03420500937879278,7,1.0,rebalance,,1.0,-0.00173549,1,90.63,87.53
LTC,2023-08-17 00:00:00+00:00,2023-08-24 00:00:00+00:00,-0.11959304416387286,-0.11988735416387286,7,1.0,rebalance,,1.0,0.0016943099999999997,1,74.57,65.63
LTC,2023-10-26 00:00:00+00:00,2024-01-04 00:00:00+00:00,-0.08824237142649193,-0.05050946142649193,70,1.0,rebalance,,1.0,-0.036332909999999996,1,68.7,65.23
LTC,2024-03-07 00:00:00+00:00,2024-05-09 00:00:00+00:00,-0.08750574454058474,-0.04867823454058473,63,1.0,rebalance,,1.0,-0.03742751000000001,1,85.87,81.69
LTC,2024-05-23 00:00:00+00:00,2024-05-30 00:00:00+00:00,-0.029174673963627953,-0.025647003963627957,7,1.0,rebalance,,1.0,-0.00212767,1,85.78,83.58
LTC,2024-10-10 00:00:00+00:00,2025-02-06 00:00:00+00:00,0.5555321118207152,0.6005573618207152,119,1.0,rebalance,,1.0,-0.04362525000000003,1,64.59,103.38
LTC,2025-02-13 00:00:00+00:00,2025-03-06 00:00:00+00:00,-0.14535069366653008,-0.14190905366653006,21,1.0,rebalance,,1.0,-0.00204164,1,122.05,104.73
LTC,2025-05-15 00:00:00+00:00,2025-07-17 00:00:00+00:00,-0.045979731144130745,-0.034472511144130746,63,1.0,rebalance,,1.0,-0.01010722,1,100.95,97.47
LTC,2025-07-24 00:00:00+00:00,2025-09-25 00:00:00+00:00,-0.07218079200428348,-0.05836159200428348,63,1.0,rebalance,,1.0,-0.0124192,1,112.06,105.52
LTC,2025-10-02 00:00:00+00:00,2025-10-09 00:00:00+00:00,0.027162558896707413,0.03040569889670741,7,1.0,rebalance,,1.0,-0.00184314,1,115.11,118.61
LTC,2026-04-16 00:00:00+00:00,2026-04-30 00:00:00+00:00,0.0001089226468455808,0.0029006526468455807,14,1.0,rebalance,,1.0,-0.0013917299999999999,1,55.16,55.32
LTC,2026-05-14 00:00:00+00:00,2026-05-21 00:00:00+00:00,-0.054789923333333344,-0.053333333333333344,7,1.0,rebalance,,1.0,-5.659000000000002e-05,1,57.0,53.96
