coin,kind,cell,mech,q,event,t4,e,t_entry,entry_raw,stop,target,block,status,entry_to_stop_atr4,flow_flag,harami,hikkake,r_net_K0,cost_R_K0,reason_K0,exit_b,t_exit,exit_px,reason,R,entry_fill,bars_held,stop_then_target,mfe_after_target_R,new20d_high,new30d_high,r_net_K1,cost_R_K1,reason_K1,r_net_K2,cost_R_K2,reason_K2
BTC,cell,M1xQ0,M1,Q0,0,164,700,2017-09-15 15:00:00+00:00,3750.01,2823.262190231198,3642.377638206508,P1,gap_in_window,5.321942377604106,True,False,False,,,,,,,,,,,,,,,,,,,,
BTC,cell,M1xQ0,M1,Q0,1,815,3267,2017-12-31 14:00:00+00:00,13160.0,12315.131644199148,13558.095690954844,P1,traded,0.871969530904017,False,False,False,0.4205942090380251,0.05059835986519572,target,3269.0,2017-12-31 16:00:00+00:00,13558.095690954844,target,851.4483558008524,13166.58,3.0,,0.5778557274708451,False,False,0.32799646760742995,0.13955472119063234,target,0.17165032354465726,0.2887843788080664,target
BTC,cell,M1xQ0,M1,Q0,2,901,3605,2018-01-14 17:00:00+00:00,13065.02,12601.094564919675,13855.261492042417,P1,traded,0.6599725459298813,False,False,False,1.6105369207139522,0.092843476839786,target,3624.0,2018-01-15 12:00:00+00:00,13855.261492042417,target,470.45794508032486,13071.55251,20.0,,0.8390303789857096,False,False,1.425454432742845,0.25427379866685584,target,1.1146544039812338,0.5196867734044877,target
BTC,cell,M1xQ0,M1,Q0,3,920,3687,2018-01-18 03:00:00+00:00,11535.0,10003.898168421829,11674.81418107004,P1,no_tight_invalidation,1.4143960024997435,False,False,False,,,,,,,,,,,,,,,,,,,,
BTC,cell,M1xQ0,M1,Q0,4,953,3816,2018-01-23 12:00:00+00:00,10143.01,9813.612209405139,11155.28362917227,P1,traded,0.4402967748062662,False,False,False,2.9696506391225768,0.10345324340255986,target,3820.0,2018-01-23 16:00:00+00:00,11155.28362917227,target,334.46929559486125,10148.081505,5.0,,0.6684511067902192,False,False,2.743833298588879,0.2826735960781448,target,2.3613867842812115,0.5760406167075719,target
BTC,cell,M1xQ0,M1,Q0,5,1021,4095,2018-02-04 03:00:00+00:00,9081.19,8842.370684590669,9291.702584711147,P1,traded,0.45561341444811554,False,False,False,0.7583806873626607,0.12309150156113885,target,4098.0,2018-02-04 06:00:00+00:00,9291.702584711147,target,243.35991040933186,9085.730595,4.0,,0.15736945014664272,False,False,0.5292029000986229,0.33582283218844156,target,0.15356760871652592,0.6803401201350796,target
BTC,cell,M1xQ0,M1,Q0,6,1207,4790,2018-03-08 05:00:00+00:00,9777.0,9429.377682825858,10659.837238336257,P1,no_tight_invalidation,1.023373587950328,False,False,False,,,,,,,,,,,,,,,,,,,,
BTC,cell,M1xQ0,M1,Q0,7,1276,5060,2018-03-19 11:00:00+00:00,8218.31,8045.56426468319,8042.233944089383,P1,target_below_entry,0.4907593166005558,False,True,False,,,,,,,,,,,,,,,,,,,,
BTC,cell,M1xQ0,M1,Q0,8,1320,5275,2018-03-28 10:00:00+00:00,8079.0,7700.362430234218,8126.368640079553,P1,no_tight_invalidation,1.556259072824401,False,False,False,,,,,,,,,,,,,,,,,,,,
BTC,cell,M1xQ0,M1,Q0,9,1391,5519,2018-04-07 14:00:00+00:00,6840.0,6741.724164096696,6815.811627539768,P1,target_below_entry,0.5445770209920548,False,False,False,,,,,,,,,,,,,,,,,,,,
BTC,cell,M1xQ0,M1,Q0,10,1593,6327,2018-05-11 06:00:00+00:00,9005.07,8896.319568213714,9243.807927914077,P1,traded,0.6797960148744697,False,False,False,-1.2633757203413138,0.26337572034131385,stop,6327.0,2018-05-11 06:00:00+00:00,8887.4232486455,stop,113.25296678628547,9009.572535,1.0,False,,,,-1.742264898173992,0.7820213401266003,stop,-2.4766108968769918,1.5870952900102846,stop
BTC,cell,M1xQ0,M1,Q0,11,1642,6522,2018-05-19 09:00:00+00:00,8210.0,8111.987904994053,8244.009624644807,P1,traded,0.5653005841432716,False,False,False,0.07839041951820981,0.26860374117943553,target,6523.0,2018-05-19 10:00:00+00:00,8244.009624644807,target,102.1170950059468,8214.105,2.0,,1.437471124170193,False,False,-0.3840635769791263,0.7171089367479876,target,-1.0869113078765886,1.39517306935026,target
BTC,cell,M1xQ0,M1,Q0,12,1686,6778,2018-05-30 01:00:00+00:00,7495.0,7382.163704692529,7353.716747406706,P1,target_below_entry,0.6758811485246907,False,False,False,,,,,,,,,,,,,,,,,,,,
BTC,cell,M1xQ0,M1,Q0,13,1786,7162,2018-06-15 01:00:00+00:00,6613.42,6253.119233946076,6609.0426343303425,P1,no_tight_invalidation,2.4587955364227887,False,False,False,,,,,,,,,,,,,,,,,,,,
BTC,cell,M1xQ0,M1,Q0,14,1814,7223,2018-06-17 14:00:00+00:00,6490.0,6422.555632652549,6514.648344679918,P1,traded,0.4584526267473802,False,True,False,0.05694926766298329,0.30851260334751096,target,7224.0,2018-06-17 15:00:00+00:00,6514.648344679918,target,70.68936734745057,6493.245,2.0,,0.6415626143203446,False,False,-0.47008211580684883,0.8187674358885451,target,-1.2569467128125287,1.5763111430618053,target
BTC,cell,M1xQ0,M1,Q0,16,1855,7414,2018-06-25 13:00:00+00:00,6110.0,6043.239215081586,6175.333280627062,P1,gap_in_window,0.5296201859051661,False,False,False,,,,,,,,,,,,,,,,,,,,
BTC,cell,M1xQ0,M1,Q0,17,1894,7530,2018-06-30 20:00:00+00:00,6325.75,6286.342326060581,6169.154275504935,P1,gap_in_window,0.28145940802767155,False,False,False,,,,,,,,,,,,,,,,,,,,
BTC,cell,M1xQ0,M1,Q0,18,1967,7828,2018-07-13 13:00:00+00:00,6274.2,6201.513127243563,6326.78069422618,P1,traded,0.7269110547819824,True,False,False,0.44601072911816647,0.277375657339398,target,7833.0,2018-07-13 18:00:00+00:00,6326.78069422618,target,75.82397275643689,6277.3371,6.0,,-0.6169644312419414,True,True,-0.04607646345295912,0.7395338531769238,target,-0.7951453087492404,1.4356065085639058,target
BTC,cell,M1xQ0,M1,Q0,20,2121,8552,2018-08-12 17:00:00+00:00,6312.04,6223.575215728479,6342.921455235653,P1,traded,0.6955299505859235,False,False,False,-1.2267228085201172,0.226722808520117,stop_ambiguous,8554.0,2018-08-12 19:00:00+00:00,6217.35164051275,stop_ambiguous,91.62080427152068,6315.196019999999,3.0,True,,,,-1.642433515595956,0.6768800588793626,stop_ambiguous,-2.29065866020845,1.38733776792179,stop_ambiguous
BTC,cell,M1xQ0,M1,Q0,22,2304,9166,2018-09-07 07:00:00+00:00,6464.64,6437.3581169974095,6802.702567050719,P1,traded,0.1974251626948998,False,False,False,-1.7566632033879583,0.7566632033879586,stop,9167.0,2018-09-07 08:00:00+00:00,6430.920758880412,stop,30.514203002590875,6467.87232,2.0,False,,,,-2.9863631713778935,2.0922915483938564,stop,-4.520568995753326,3.782798941652952,stop
BTC,cell,M1xQ0,M1,Q0,23,2375,9448,2018-09-19 01:00:00+00:00,6320.13,6294.575786860468,6371.536590655493,P1,traded,0.302471127170613,False,False,False,-1.7898317646788695,0.7898317646788697,stop,9456.0,2018-09-19 09:00:00+00:00,6288.281211073608,stop,28.714278139532325,6323.290065,9.0,True,,,,-3.0638922162134676,2.173944260170283,stop,-4.63326608065768,3.9038627741209493,stop
BTC,cell,M1xQ0,M1,Q0,25,2517,10016,2018-10-12 17:00:00+00:00,6325.48,6311.802195733335,6423.885992506262,P1,traded,0.18701761844541073,False,False,False,-2.4782819755984034,1.4782819755984036,stop,10016.0,2018-10-12 17:00:00+00:00,6305.490393537601,stop,16.840544266664438,6328.642739999999,1.0,False,,,,-4.525726984615541,3.7135320786741906,stop,-6.505251406015981,5.9148262165566665,stop
BTC,cell,M1xQ0,M1,Q0,27,2630,10468,2018-10-31 16:00:00+00:00,6393.38,6237.270944446526,6392.953092986763,P1,no_tight_invalidation,4.296827129566176,False,False,False,,,,,,,,,,,,,,,,,,,,
BTC,cell,M1xQ0,M1,Q0,28,2697,10734,2018-11-11 18:00:00+00:00,6400.85,6357.759698899955,6447.6482665077765,P1,no_tight_invalidation,1.0453310297019491,False,False,False,,,,,,,,,,,,,,,,,,,,
BTC,cell,M1xQ0,M1,Q0,29,2721,10827,2018-11-15 22:00:00+00:00,5646.38,5553.345890842679,6077.401642177927,P1,gap_in_window,0.6209589635517613,False,False,False,,,,,,,,,,,,,,,,,,,,
BTC,cell,M1xQ0,M1,Q0,32,2880,11483,2018-12-13 06:00:00+00:00,3386.64,3354.9613621999997,3435.5630552403686,P1,traded,0.3451357946985876,False,False,False,-1.3404995583339112,0.3404995583339112,stop,11496.0,2018-12-13 19:00:00+00:00,3351.6064008378,stop,33.37195780000002,3388.3333199999997,14.0,False,,,,-1.948781859891919,0.9995226647960851,stop,-2.8499015066993403,1.9880993788717112,stop
BTC,cell,M1xQ0,M1,Q0,34,3054,12159,2019-01-10 10:00:00+00:00,3732.77,3706.0395351782977,3936.541626091549,P1,traded,0.38917864667811924,False,False,False,-1.445263310446515,0.4452633104465149,stop,12165.0,2019-01-10 16:00:00+00:00,3702.3334956431195,stop,28.596849821702108,3734.636385,7.0,False,,,,-2.2218588149301115,1.2871242204428337,stop,-3.3212279616936313,2.4944175949426333,stop
BTC,cell,M1xQ0,M1,Q0,35,3122,12430,2019-01-21 17:00:00+00:00,3536.75,3522.458266687901,3580.0538820934553,P1,traded,0.3179041911276549,False,False,False,-1.7902983480064514,0.7902983480064515,stop,12431.0,2019-01-21 18:00:00+00:00,3518.935808421213,stop,16.06010831209869,3538.5183749999997,2.0,True,,,,-3.0649777194885686,2.1750874999230794,stop,-4.634833166157039,3.9055462016605342,stop
BTC,cell,M1xQ0,M1,Q0,36,3175,12664,2019-01-31 11:00:00+00:00,3425.69,3413.997129797533,3457.068686912536,P1,traded,0.2851175040807584,False,False,False,-1.9359121599902083,0.9359121599902084,stop,12678.0,2019-02-01 01:00:00+00:00,3410.5831326677353,stop,13.405715202467036,3427.402845,15.0,False,,,,-3.3970029014258585,2.5247726603779808,stop,-5.100632724984021,4.405927199104748,stop
BTC,cell,M1xQ0,M1,Q0,37,3222,12835,2019-02-07 14:00:00+00:00,3407.03,3395.91091518779,3432.0132628597244,P1,traded,0.3729507258041884,False,True,False,-1.9789209856864989,0.9789209856864987,stop,12838.0,2019-02-07 17:00:00+00:00,3392.5150042726023,stop,12.822599812209774,3408.733515,4.0,True,,,,-3.4925643133383253,2.6254168568901877,stop,-5.229878413487851,4.54476822053417,stop
BTC,cell,M1xQ0,M1,Q0,38,3925,15640,2019-06-05 03:00:00+00:00,7827.16,7655.4684634052,8204.825997817123,P1,traded,0.779431077427478,False,False,False,-1.1442832071560516,0.14428320715605164,stop,15651.0,2019-06-05 14:00:00+00:00,7647.812994941795,stop,175.60511659479926,7831.073579999999,12.0,False,,,,-1.4138079429988113,0.4360941956769144,stop,-1.8505617023867162,0.9145675590328469,stop
BTC,cell,M1xQ0,M1,Q0,39,3960,15778,2019-06-10 21:00:00+00:00,7912.37,7845.913586918006,7840.55525180322,P1,target_below_entry,0.390337746512644,False,False,False,,,,,,,,,,,,,,,,,,,,
BTC,cell,M1xQ0,M1,Q0,40,4162,16590,2019-07-14 17:00:00+00:00,10572.1,10240.281632100417,11335.159705479757,P1,traded,0.833000698980339,False,True,False,-1.1003555373445695,0.10035553734456944,stop,16596.0,2019-07-14 23:00:00+00:00,10230.041350468317,stop,337.1044178995817,10577.38605,7.0,False,,,,-1.2896179092590558,0.30529865895950453,stop,-1.602800295580468,0.6484120904057379,stop
BTC,cell,M1xQ0,M1,Q0,42,4247,16950,2019-07-29 17:00:00+00:00,9548.45,9384.43622946612,9632.57316454128,P1,traded,0.8074644554637027,False,False,False,0.32578683670329533,0.18711622178655118,target,16972.0,2019-07-30 15:00:00+00:00,9632.57316454128,target,168.78799553387944,9553.224225,23.0,,0.482420774067289,False,False,-0.007295598782949987,0.505691022433761,target,-0.5342681603501817,1.0059786079226987,target
BTC,cell,M1xQ0,M1,Q0,44,4369,17410,2019-08-18 05:00:00+00:00,10133.95,10053.265865075833,10347.71737709205,P1,gap_in_window,0.3254487070479804,False,False,False,,,,,,,,,,,,,,,,,,,,
BTC,cell,M1xQ0,M1,Q0,45,4398,17526,2019-08-23 01:00:00+00:00,10108.97,9994.526951834552,10240.460253617097,P1,traded,0.5039709294449503,False,True,False,0.8644576214737668,0.2845003600281388,target,17538.0,2019-08-23 13:00:00+00:00,10240.460253617097,target,119.49753316544593,10114.024484999998,13.0,,1.7116650106886733,False,False,0.342659230113273,0.7577003349251746,target,-0.4537481209715075,1.4682825031640878,target
BTC,cell,M1xQ0,M1,Q0,46,4447,17727,2019-08-31 10:00:00+00:00,9568.84,9505.781115182781,9685.171949257137,P1,traded,0.3806119035759804,False,True,False,-1.4839824534283335,0.4839824534283335,stop,17737.0,2019-08-31 20:00:00+00:00,9496.275334067599,stop,67.84330481721918,9573.62442,11.0,False,,,,-2.3206809474223133,1.3912025709323994,stop,-3.485879628754882,2.6712931712150465,stop
BTC,cell,M1xQ0,M1,Q0,47,4565,18215,2019-09-20 18:00:00+00:00,10122.04,10045.844762406501,10131.750283839907,P1,traded,0.6220395961376941,True,False,False,-0.2978635060542691,0.42530301732281006,target,18215.0,2019-09-20 18:00:00+00:00,10131.750283839907,target,81.25625759349896,10127.10102,1.0,,0.6943430306911794,False,False,-0.9899288254035513,1.10943080749684,target,-1.9674906586343017,2.0737553198901115,target
BTC,cell,M1xQ0,M1,Q0,48,4579,18250,2019-09-22 05:00:00+00:00,9897.65,9838.429928785523,10073.306820550071,P1,traded,0.4932752280010373,False,False,False,2.426597717465463,0.5395726526088479,target,18253.0,2019-09-22 08:00:00+00:00,10073.306820550071,target,64.16889621447626,9902.598825,4.0,,0.0383858784432928,False,False,1.3528235166865477,1.384590260277316,target,-0.14942728340012668,2.5210353781183024,target
BTC,cell,M1xQ0,M1,Q0,49,4616,18407,2019-09-28 18:00:00+00:00,8144.95,7981.401983860582,8301.678674800483,P1,traded,0.7366155698985495,False,False,False,0.7974053858875921,0.1608983496152509,target,18411.0,2019-09-28 22:00:00+00:00,8301.678674800483,target,167.62049113941794,8149.022475,5.0,,-0.4158123766772171,False,False,0.49852648923345555,0.4364944842471963,target,0.016870058886300766,0.8748221519628442,target
BTC,cell,M1xQ0,M1,Q0,50,4653,18547,2019-10-04 14:00:00+00:00,8168.58,8106.53150479122,8206.363449780909,P1,traded,0.41080459819107557,False,False,False,0.186685272902806,0.4222489108155217,target,18549.0,2019-10-04 16:00:00+00:00,8206.363449780909,target,66.13278520877975,8172.66429,3.0,,0.1679431795292953,False,False,-0.5306408404754696,1.1019679010495476,target,-1.5531250098157052,2.0616412352543745,target
BTC,cell,M1xQ0,M1,Q0,52,4725,18854,2019-10-17 09:00:00+00:00,8045.85,7905.521804462779,8138.122290220931,P1,no_tight_invalidation,1.3617645241031582,False,False,False,,,,,,,,,,,,,,,,,,,,
BTC,cell,M1xQ0,M1,Q0,53,4743,18906,2019-10-19 13:00:00+00:00,8039.23,7853.904523478173,8012.547499108625,P1,no_tight_invalidation,2.058379050666408,False,False,False,,,,,,,,,,,,,,,,,,,,
BTC,cell,M1xQ0,M1,Q0,54,4779,19053,2019-10-25 16:00:00+00:00,8262.95,7552.223950072285,7708.413462954227,P1,no_tight_invalidation,6.091109945230827,False,False,False,,,,,,,,,,,,,,,,,,,,
BTC,cell,M1xQ0,M1,Q0,55,4873,19475,2019-11-12 06:00:00+00:00,8753.2,8710.649370217008,8860.113588877384,P1,gap_in_window,0.36508437593763254,False,False,False,,,,,,,,,,,,,,,,,,,,
BTC,cell,M1xQ0,M1,Q0,56,4950,19732,2019-11-23 01:00:00+00:00,7195.03,7111.396294725303,7700.631252356093,P1,traded,0.4145245350423563,False,False,False,-1.2736968545920195,0.2736968545920196,stop,19740.0,2019-11-23 09:00:00+00:00,7104.284898430577,stop,87.23122027469617,7198.627514999999,9.0,False,,,,-1.7701787068846326,0.8114198472546825,stop,-2.527952200385866,1.64224822472871,stop
BTC,cell,M1xQ0,M1,Q0,57,4967,19798,2019-11-25 21:00:00+00:00,7160.38,7086.147000296604,7173.364132024818,P1,gap_in_window,0.3379228767121089,False,False,False,,,,,,,,,,,,,,,,,,,,
BTC,cell,M1xQ0,M1,Q0,58,5019,20006,2019-12-04 13:00:00+00:00,7217.43,7184.307516375826,7298.915646622788,P1,traded,0.2588966868878412,False,True,False,1.7589107824532295,0.7012201529973682,target,20006.0,2019-12-04 13:00:00+00:00,7298.915646622788,target,36.731198624173885,7221.038715,1.0,,6.427352284165269,False,False,0.4599121165856684,1.758519344269502,target,-1.2349458329927112,3.089057080003621,target
BTC,cell,M1xQ0,M1,Q0,59,5068,20206,2019-12-12 21:00:00+00:00,7250.0,7165.165284582166,7251.568323130898,P1,traded,0.8851559650924532,False,False,False,-0.25501572180159576,0.27350253021691506,target,20206.0,2019-12-12 21:00:00+00:00,7251.568323130898,target,88.45971541783365,7253.625,1.0,,0.6498062603705159,True,False,-0.7119454152523257,0.7296746507974522,target,-1.4012547092271324,1.4176409572067747,target
BTC,cell,M1xQ0,M1,Q0,60,5088,20282,2019-12-16 01:00:00+00:00,7080.12,7052.81035580274,7157.863081132587,P1,traded,0.3461431414472927,False,False,False,-1.8280111013512559,0.8280111013512558,stop,20285.0,2019-12-16 04:00:00+00:00,7045.757545446937,stop,30.849704197259598,7083.660059999999,4.0,False,,,,-3.152252866806347,2.2670046964304973,stop,-4.7598645969582405,4.039860094558455,stop
BTC,cell,M1xQ0,M1,Q0,62,5325,21233,2020-01-24 16:00:00+00:00,8507.8,8352.616893514347,8520.477304779111,P1,no_tight_invalidation,1.2473836639783982,False,False,False,,,,,,,,,,,,,,,,,,,,
BTC,cell,M1xQ0,M1,Q0,63,5529,22136,2020-03-02 13:00:00+00:00,8753.44,8700.601658448728,8687.308068545128,P1,target_below_entry,0.28438047507986836,False,False,False,,,,,,,,,,,,,,,,,,,,
BTC,cell,M1xQ0,M1,Q0,65,5635,22483,2020-03-17 01:00:00+00:00,5070.81,4390.10818445733,5338.225797620251,P1,no_tight_invalidation,1.6314623133138102,False,False,False,,,,,,,,,,,,,,,,,,,,
BTC,cell,M1xQ0,M1,Q0,66,5718,22799,2020-03-30 05:00:00+00:00,6034.99,5973.722102128317,6223.861574980958,P1,traded,0.3574682094237863,False,False,False,2.7625790722488,0.32013767733713683,target,22799.0,2020-03-30 05:00:00+00:00,6223.861574980958,target,64.28539287168314,6038.007495,1.0,,5.835515787666371,False,False,2.089965136484671,0.8480518304172056,target,1.056807600162356,1.6290647922789712,target
BTC,cell,M1xQ0,M1,Q0,67,5820,23209,2020-04-16 07:00:00+00:00,6688.63,6605.642535589133,6801.725680408641,P1,traded,0.6217484375395927,False,False,False,1.102710053495792,0.26009433161844425,target,23209.0,2020-04-16 07:00:00+00:00,6801.725680408641,target,86.33177941086615,6691.9743149999995,1.0,,4.49746689157769,True,True,0.6148121327989746,0.6952000224052084,target,-0.14019081245142265,1.3560065793881457,target
BTC,cell,M1xQ0,M1,Q0,69,6163,24597,2020-06-13 05:00:00+00:00,9407.6,9345.946309973257,9545.504461883904,P1,traded,0.40685417001611424,False,False,False,-0.13380130202137502,0.48884898838863217,time24,24621.0,2020-06-14 05:00:00+00:00,9424.775255,time24,66.35749002674311,9412.3038,25.0,,,,,-1.004321848281792,1.3342017155157306,time24,-2.2221886961339434,2.511108038700192,time24
BTC,cell,M1xQ0,M1,Q0,70,6185,24666,2020-06-16 02:00:00+00:00,9409.27,9353.903596458347,9375.5471098463,P1,target_below_entry,0.3856125650362862,False,False,False,,,,,,,,,,,,,,,,,,,,
BTC,cell,M1xQ0,M1,Q0,71,6241,24889,2020-06-25 09:00:00+00:00,9301.14,9154.160565939426,9398.606886965437,P1,no_tight_invalidation,1.1753932386870538,False,False,False,,,,,,,,,,,,,,,,,,,,
BTC,cell,M1xQ0,M1,Q0,72,6263,24974,2020-06-29 01:00:00+00:00,9123.85,9081.518492625222,9139.20433300673,P1,gap_in_window,0.3624071539287996,False,False,False,,,,,,,,,,,,,,,,,,,,
BTC,cell,M1xQ0,M1,Q0,73,6588,26276,2020-08-22 07:00:00+00:00,11564.02,11391.405230479504,11757.88573574518,P1,no_tight_invalidation,1.0900292280551935,False,False,False,,,,,,,,,,,,,,,,,,,,
BTC,cell,M1xQ0,M1,Q0,74,6618,26396,2020-08-27 07:00:00+00:00,11386.38,11316.702973289657,11503.817136136726,P1,traded,0.49722319267998394,False,False,False,-1.5213329912637017,0.5213329912637017,stop,26400.0,2020-08-27 11:00:00+00:00,11305.386270316367,stop,75.37021671034199,11392.07319,5.0,True,,,,-2.4149625324347195,1.490498868251288,stop,-3.6401627604203286,2.8370304413532748,stop
BTC,cell,M1xQ0,M1,Q0,75,6671,26607,2020-09-05 02:00:00+00:00,10483.73,10369.617737768753,10885.384358357993,P1,traded,0.4019993268889377,False,False,False,-1.2923906311910247,0.29239063119102476,stop,26612.0,2020-09-05 07:00:00+00:00,10359.248120030983,stop,119.35412723124682,10488.971865,6.0,False,,,,-1.8205174294907938,0.8644360196694469,stop,-2.619830704406215,1.7409478834427723,stop
BTC,cell,M1xQ0,M1,Q0,77,6787,27071,2020-09-24 10:00:00+00:00,10322.85,10269.274021504876,10486.414474540597,P1,traded,0.40061704851417346,False,False,False,2.431493647721013,0.6214505846551177,target,27076.0,2020-09-24 15:00:00+00:00,10486.414474540597,target,58.737403495124454,10328.011425,6.0,,5.257731991592659,True,True,1.2084712046969914,1.5762020155650154,target,-0.4490664041313144,2.817497828324441,target
BTC,cell,M1xQ0,M1,Q0,78,7256,28945,2020-12-11 13:00:00+00:00,17864.73,17567.373522999173,18315.740695267523,P1,traded,0.826673830176164,False,False,False,1.3220560928087732,0.19467796261342926,target,28956.0,2020-12-12 00:00:00+00:00,18315.740695267523,target,306.2888420008276,17873.662365,12.0,,0.684286451192083,True,True,0.947089144741405,0.5254120809686216,target,0.348079142163309,1.0432696943886763,target
BTC,cell,M1xQ0,M1,Q0,79,7502,29925,2021-01-21 13:00:00+00:00,32474.48,31105.446324879696,35256.704410725644,P2,traded,0.9501379293485559,False,False,False,-1.0743063402811244,0.07430634028112437,stop,29926.0,2021-01-21 14:00:00+00:00,31074.340878554816,stop,1385.2709151203017,32490.717239999998,2.0,False,,,,-1.2151771809898457,0.2268985272065087,stop,-1.45122354679991,0.4855821278030027,stop
BTC,cell,M1xQ0,M1,Q0,80,7523,30039,2021-01-26 07:00:00+00:00,31581.72,31148.950253313276,32770.84054380497,P2,traded,0.3572517362247992,False,False,False,-1.2319225712373025,0.2319225712373024,stop,30039.0,2021-01-26 07:00:00+00:00,31117.80130305996,stop,448.56060668672217,31597.51086,1.0,True,,,,-1.656663240033213,0.6918666434632113,stop,-2.3173893261499554,1.4160529460122206,stop
BTC,cell,M1xQ0,M1,Q0,83,7880,31444,2021-03-25 22:00:00+00:00,52437.21,50201.63469498986,54077.7945091219,P2,no_tight_invalidation,1.5495203379581217,False,False,False,,,,,,,,,,,,,,,,,,,,
BTC,cell,M1xQ0,M1,Q0,84,8022,32003,2021-04-18 05:00:00+00:00,54854.55,53609.79407510209,60924.73895613333,P2,traded,0.7012100593114017,False,False,False,-1.1394192604742137,0.13941926047421374,stop,32009.0,2021-04-18 11:00:00+00:00,53556.18428102699,stop,1272.1831998979105,54881.977275,7.0,False,,,,-1.400138967918506,0.42169818596367065,stop,-1.823599202330993,0.8856033352249779,stop
BTC,cell,M1xQ0,M1,Q0,85,8042,32081,2021-04-21 13:00:00+00:00,55433.39,54099.17300665685,56297.345544709424,P2,gap_in_window,0.8003398602403046,False,False,False,,,,,,,,,,,,,,,,,,,,
BTC,cell,M1xQ0,M1,Q0,87,8228,32822,2021-05-22 13:00:00+00:00,38151.8,37407.123986277446,39294.13752385668,P2,traded,0.2733886318840548,False,False,False,-1.1623447998193284,0.16234479981932828,stop,32823.0,2021-05-22 14:00:00+00:00,37369.71686229117,stop,763.7519137225536,38170.8759,2.0,False,,,,-1.4643885104774232,0.4893650763717324,stop,-1.9496840576117505,1.021048859919927,stop
BTC,cell,M1xQ0,M1,Q0,88,8269,32986,2021-05-29 09:00:00+00:00,35776.76,35307.50471048051,37334.2858583911,P2,traded,0.2785421264505214,False,False,False,-1.2423730239742885,0.24237302397428837,stop,32986.0,2021-05-29 09:00:00+00:00,35272.19720577003,stop,487.14366951948614,35794.64838,1.0,False,,,,-1.685194691126663,0.7219156445522543,stop,-2.3707587938048205,1.4733846178700936,stop
BTC,cell,M1xQ0,M1,Q0,89,8334,33257,2021-06-09 16:00:00+00:00,36356.42,32352.8122890461,34632.741760672085,P2,no_tight_invalidation,3.3963148315885325,False,False,False,,,,,,,,,,,,,,,,,,,,
BTC,cell,M1xQ0,M1,Q0,90,8403,33524,2021-06-20 19:00:00+00:00,34940.45,34169.96045651282,36204.98614028155,P2,traded,0.7444529826398136,False,False,False,-1.1435148051847124,0.14351480518471232,stop,33533.0,2021-06-21 04:00:00+00:00,34135.7904960563,stop,787.9597684871769,34957.920224999994,10.0,False,,,,-1.4116498817036112,0.4338213499671986,stop,-1.8463098471417159,0.9100000416787293,stop
BTC,cell,M1xQ0,M1,Q0,91,8436,33654,2021-06-26 05:00:00+00:00,32355.98,31717.4459251329,33250.65365078213,P2,traded,0.5237807413337138,False,False,False,-1.1605513088734534,0.16055130887345334,stop,33655.0,2021-06-26 06:00:00+00:00,31685.728479207766,stop,654.7120648670971,32372.157989999996,2.0,True,,,,-1.4593783820935973,0.4840884659123223,stop,-1.9399111013721881,1.0105503493514596,stop
BTC,cell,M1xQ0,M1,Q0,92,8511,33963,2021-07-09 02:00:00+00:00,32674.67,32167.0284969491,33686.2697094513,P2,traded,0.6809100751877913,False,False,False,1.783585858277229,0.2091584373952899,target,33977.0,2021-07-09 16:00:00+00:00,33686.2697094513,target,523.9788380508944,32691.007334999995,15.0,,1.098766302643658,True,True,1.367379288693748,0.5632324764955996,target,0.7032419881403584,1.114045956371802,target
BTC,cell,M1xQ0,M1,Q0,93,8546,34095,2021-07-14 14:00:00+00:00,32784.0,32189.724691321466,32949.638377032825,P2,traded,0.9063153784520175,False,False,True,0.10174502414381786,0.17697827903555888,target,34095.0,2021-07-14 14:00:00+00:00,32949.638377032825,target,610.667308678534,32800.392,1.0,,0.3858264878744398,True,True,-0.207811600108951,0.4790531987320398,target,-0.6982188404159588,0.9556406139033716,target
BTC,cell,M1xQ0,M1,Q0,94,8590,34270,2021-07-21 21:00:00+00:00,31796.9,31417.041651127005,30914.934364871,P2,target_below_entry,0.5617968576702379,False,False,False,,,,,,,,,,,,,,,,,,,,
BTC,cell,M1xQ0,M1,Q0,95,8877,35414,2021-09-07 17:00:00+00:00,47424.99,46027.75552687178,50693.33704444596,P2,no_tight_invalidation,1.0273642165044483,False,False,False,,,,,,,,,,,,,,,,,,,,
BTC,cell,M1xQ0,M1,Q0,96,8901,35510,2021-09-11 17:00:00+00:00,45853.71,45300.75770248242,46240.48540483385,P2,traded,0.5360218288076544,False,False,False,-1.2637608144115458,0.2637608144115457,stop,35512.0,2021-09-11 19:00:00+00:00,45255.45694477994,stop,575.8791525175766,45876.636855,3.0,True,,,,-1.7433079488816787,0.7831198693163193,stop,-2.478534438306414,1.5891616371350044,stop
BTC,cell,M1xQ0,M1,Q0,97,8961,35752,2021-09-21 19:00:00+00:00,42196.41,41305.46762418516,45060.32830874902,P2,traded,0.7585710208843996,False,True,False,-1.149956953250209,0.14995695325020914,stop,35753.0,2021-09-21 20:00:00+00:00,41264.162156560975,stop,912.0405808148353,42217.508205,2.0,False,,,,-1.4297270224451937,0.4528599898194582,stop,-1.8818681429927222,0.9481982220079471,stop
BTC,cell,M1xQ0,M1,Q0,98,8981,35831,2021-09-25 02:00:00+00:00,42392.91,41868.869761687565,43458.34243220855,P2,traded,0.39871033039048615,False,False,False,-1.2572681213428496,0.25726812134284943,stop,35837.0,2021-09-25 08:00:00+00:00,41827.000891925876,stop,545.2366933124358,42414.106455,7.0,False,,,,-1.7257059648992499,0.7645816591802498,stop,-2.4460206942347136,1.554234039242436,stop
BTC,cell,M1xQ0,M1,Q0,99,8992,35874,2021-09-26 21:00:00+00:00,43640.11,43141.480549315,42923.92859855076,P2,target_below_entry,0.4461103038663247,False,False,True,,,,,,,,,,,,,,,,,,,,
BTC,cell,M1xQ0,M1,Q0,100,9005,35926,2021-09-29 01:00:00+00:00,41596.21,40625.52479144053,42441.863116867855,P2,gap_in_window,0.9497269538993951,False,False,False,,,,,,,,,,,,,,,,,,,,
BTC,cell,M1xQ0,M1,Q0,101,9181,36638,2021-10-28 19:00:00+00:00,60126.36,57623.85213030494,60520.66694943058,P2,no_tight_invalidation,2.1897471087481972,True,False,False,,,,,,,,,,,,,,,,,,,,
BTC,cell,M1xQ0,M1,Q0,102,9301,37110,2021-11-17 11:00:00+00:00,60514.99,58147.828889680866,62144.29310749462,P2,no_tight_invalidation,1.6505155225815804,False,False,True,,,,,,,,,,,,,,,,,,,,
BTC,cell,M1xQ0,M1,Q0,103,9372,37398,2021-11-29 11:00:00+00:00,57170.49,56528.93017131847,55753.96917580595,P2,target_below_entry,0.5394645612360685,False,False,False,,,,,,,,,,,,,,,,,,,,
BTC,cell,M1xQ0,M1,Q0,107,9466,37768,2021-12-14 21:00:00+00:00,47786.13,46684.73419125347,47927.850283195265,P2,traded,0.9498305934463728,False,False,False,-0.010370554497428457,0.13904389978331216,target,37768.0,2021-12-14 21:00:00+00:00,47927.850283195265,target,1125.2888737465255,47810.023064999994,1.0,,1.3971076702913057,False,False,-0.2526212215363842,0.37856246782581493,target,-0.6425126960424706,0.7633236269229727,target
BTC,cell,M1xQ0,M1,Q0,108,9490,37864,2021-12-18 21:00:00+00:00,46864.55,46409.9187492976,47217.277286427896,P2,traded,0.4361547113920827,False,False,True,-1.3282641696282467,0.3282641696282466,stop,37868.0,2021-12-19 01:00:00+00:00,46363.5088305483,stop,478.06352570240415,46887.982275,5.0,True,,,,-1.916334666504756,0.9653496482806003,stop,-2.7922405141394515,1.9261575748833264,stop
BTC,cell,M1xQ0,M1,Q0,109,9557,38132,2021-12-30 01:00:00+00:00,46693.1,45763.25514377205,48643.381349145224,P2,traded,0.9910008044984755,False,False,False,0.24828083357531996,0.16134664078113772,time24,38156.0,2021-12-31 01:00:00+00:00,47050.453005,time24,953.1914062279466,46716.44654999999,25.0,,,,,-0.06275184893629449,0.46234630343026756,time24,-0.5662180901820397,0.9471520856860789,time24
BTC,cell,M1xQ0,M1,Q0,110,9568,38177,2021-12-31 22:00:00+00:00,46333.87,45546.91771506688,47662.09485464923,P2,traded,0.8030087742277894,False,False,False,1.4966997789222733,0.1911088469362777,target,38196.0,2022-01-01 17:00:00+00:00,47662.09485464923,target,810.1192199331199,46357.036935,20.0,,0.22573855903069365,False,False,1.1235106435418807,0.5160318114055272,target,0.5251438172887629,1.0256998544328633,target
BTC,cell,M1xQ0,M1,Q0,111,9623,38397,2022-01-10 02:00:00+00:00,41815.32,41499.51980694607,42305.42396054354,P2,traded,0.3421639748928506,False,False,False,-1.4221141931612062,0.42211419316120613,stop,38406.0,2022-01-10 11:00:00+00:00,41458.02028713912,stop,336.7078530539293,41836.22766,10.0,False,,,,-2.162240077371317,1.2243344414034159,stop,-3.22040543778754,2.3861099031019215,stop
BTC,cell,M1xQ0,M1,Q0,112,9677,38621,2022-01-19 10:00:00+00:00,41573.59,41054.07003903505,42225.82870734086,P2,traded,0.8093981273336892,False,False,False,0.9973815759584911,0.2580826147328557,target,38623.0,2022-01-19 12:00:00+00:00,42225.82870734086,target,540.3067559649498,41594.376795,3.0,,0.6168741904103853,False,False,0.5171266991322883,0.6900370095206018,target,-0.2257044403785058,1.3466199548202826,target
BTC,cell,M1xQ0,M1,Q0,114,9878,39417,2022-02-21 14:00:00+00:00,37562.74,37107.64110390079,39547.15800970169,P2,traded,0.5542655401414222,False,False,False,-1.26252010450976,0.26252010450976004,stop,39424.0,2022-02-21 21:00:00+00:00,37070.533462796884,stop,473.8802660992078,37581.521369999995,8.0,False,,,,-1.7399469791979931,0.7795801341183227,stop,-2.4723348917292425,1.5825018298397913,stop
BTC,cell,M1xQ0,M1,Q0,116,9969,39780,2022-03-08 17:00:00+00:00,38309.74,38006.015428451596,38912.30039897424,P2,traded,0.3128684051996549,False,False,False,1.5771036630124957,0.4068003586554363,target,39780.0,2022-03-08 17:00:00+00:00,38912.30039897424,target,322.8794415484008,38328.89487,1.0,,11.402892619516148,True,True,0.8021337859187629,1.0640748400767663,target,-0.3308735704392086,1.9991416962758966,target
BTC,cell,M1xQ0,M1,Q0,117,10006,39939,2022-03-15 08:00:00+00:00,38439.5,38000.92425947491,38933.19582648394,P2,traded,0.5915772454118067,False,False,False,0.843410793124807,0.2822689489714075,target,39943.0,2022-03-15 12:00:00+00:00,38933.19582648394,target,457.7954905250881,38458.71975,5.0,,6.083074716008907,True,True,0.3264121953043205,0.7520078343855217,target,-0.4632169870379184,1.4581001289169955,target
BTC,cell,M1xQ0,M1,Q0,118,10151,40522,2022-04-08 15:00:00+00:00,43750.15,42665.84791376859,44231.553427984814,P2,no_tight_invalidation,1.4834967924743003,False,False,False,,,,,,,,,,,,,,,,,,,,
BTC,cell,M1xQ0,M1,Q0,119,10203,40742,2022-04-17 19:00:00+00:00,40119.99,39784.067215182324,40406.40911638325,P2,traded,0.6128771153505198,False,False,False,0.4690866023945487,0.3835471852739722,target,40742.0,2022-04-17 19:00:00+00:00,40406.40911638325,target,355.98277981767023,40140.049994999994,1.0,,1.9953799000630628,False,False,-0.2020772098060451,1.0066642084523034,target,-1.1784957956833135,1.901588735717759,target
BTC,cell,M1xQ0,M1,Q0,120,10244,40892,2022-04-24 01:00:00+00:00,39560.55,39274.7340793746,40195.63937560724,P2,traded,0.4500988657716634,False,True,False,-1.4413206033134716,0.44132060331347145,stop,40907.0,2022-04-24 16:00:00+00:00,39235.459345295225,stop,305.5961956254032,39580.330275,16.0,False,,,,-2.211733181844068,1.2764600183791792,stop,-3.3041841086879202,2.4761083887493656,stop
BTC,cell,M1xQ0,M1,Q0,121,10261,40948,2022-04-26 09:00:00+00:00,40511.93,40361.969370121136,39878.06458282185,P2,target_below_entry,0.23675090491623363,False,False,False,,,,,,,,,,,,,,,,,,,,
BTC,cell,M1xQ0,M1,Q0,122,10297,41097,2022-05-02 14:00:00+00:00,38916.27,38160.77653793133,38556.116580247704,P2,no_tight_invalidation,1.223617188535585,False,False,False,,,,,,,,,,,,,,,,,,,,
BTC,cell,M1xQ0,M1,Q0,123,10347,41366,2022-05-13 19:00:00+00:00,30131.99,29222.01378590965,30358.06409255312,P2,traded,0.8407535620219666,False,False,False,-1.1043614158117172,0.10436141581171732,stop,41370.0,2022-05-13 23:00:00+00:00,29192.79177212374,stop,925.0422090903485,30147.055995,5.0,False,,,,-1.301012615069368,0.3172994340403775,stop,-1.6257971050737452,0.6731162067025855,stop
BTC,cell,M1xQ0,M1,Q0,124,10400,41504,2022-05-19 13:00:00+00:00,29498.45,29298.64708431724,29649.479703311346,P2,traded,0.2608902977941441,False,False,False,0.2822432074794439,0.4736501827408676,target,41504.0,2022-05-19 13:00:00+00:00,29649.479703311346,target,214.5521406827611,29513.199225,1.0,,5.2567655260839645,False,False,-0.5229627298543978,1.2268927993970722,target,-1.64830863968298,2.2671545227796774,target
BTC,cell,M1xQ0,M1,Q0,125,10534,42044,2022-06-11 01:00:00+00:00,29233.79,28905.167469255884,29963.782017197584,P2,traded,0.5759414927174322,False,False,False,-1.2830674200584309,0.2830674200584309,stop,42052.0,2022-06-11 09:00:00+00:00,28876.262301786628,stop,343.2394257441156,29248.406895,9.0,False,,,,-1.7954470192456933,0.8380321475954188,stop,-2.5741854029484617,1.6919138278296908,stop
BTC,cell,M1xQ0,M1,Q0,126,10650,42613,2022-07-04 18:00:00+00:00,19899.41,18705.91540880897,19418.90214776741,P2,no_tight_invalidation,3.0467449612062496,False,False,False,,,,,,,,,,,,,,,,,,,,
BTC,cell,M1xQ0,M1,Q0,128,10965,43770,2022-08-21 23:00:00+00:00,21567.23,21232.083727493795,21768.130968989135,P2,traded,0.9023728613170697,False,False,False,-1.204325417233224,0.204325417233224,stop,43778.0,2022-08-22 07:00:00+00:00,21210.851643766302,stop,345.929887506205,21578.013615,9.0,False,,,,-1.5808845233434967,0.6120573574623956,stop,-2.1741609884558435,1.2621911891266135,stop
BTC,cell,M1xQ0,M1,Q0,130,11015,44013,2022-09-01 02:00:00+00:00,20127.45,19869.00799125443,20183.152551660125,P2,traded,0.7995474202511456,False,False,False,-0.03402857169087325,0.2495606824746209,target,44013.0,2022-09-01 02:00:00+00:00,20183.152551660125,target,268.50573374556916,20137.513725,1.0,,-0.007197431627121646,False,False,-0.4607274860620722,0.6681813489017647,target,-1.1135914631094004,1.3065788075902978,target
BTC,cell,M1xQ0,M1,Q0,131,11052,44122,2022-09-05 15:00:00+00:00,19843.81,19606.31125052244,19868.713836162722,P2,traded,0.8946452030528885,False,False,False,-0.16267960172476664,0.26753841137114714,target,44122.0,2022-09-05 15:00:00+00:00,19868.713836162722,target,247.42065447755886,19853.731905,1.0,,1.2581252138976604,False,False,-0.6137415700835716,0.7143953987435374,target,-1.2970133147139122,1.3901938137054335,target
BTC,cell,M1xQ0,M1,Q0,132,11069,44207,2022-09-09 04:00:00+00:00,19949.59,19014.760236080077,19370.349826685797,P2,no_tight_invalidation,2.8572498572746072,False,False,False,,,,,,,,,,,,,,,,,,,,
BTC,cell,M1xQ0,M1,Q0,133,11127,44430,2022-09-18 11:00:00+00:00,19915.39,19733.66398565328,20041.67917513604,P2,traded,0.5168086366227564,False,True,False,-1.3490886354664053,0.3490886354664053,stop,44433.0,2022-09-18 14:00:00+00:00,19713.930321667624,stop,191.6837093467184,19925.347694999997,4.0,False,,,,-1.9714890863199321,1.0234376584439502,stop,-2.890039406918398,2.031217158110302,stop
BTC,cell,M1xQ0,M1,Q0,134,11144,44483,2022-09-20 16:00:00+00:00,19238.09,18723.548669677988,19458.546899470854,P2,no_tight_invalidation,1.2690829340451883,False,False,False,,,,,,,,,,,,,,,,,,,,
BTC,cell,M1xQ0,M1,Q0,135,11274,45008,2022-10-12 13:00:00+00:00,19075.88,18941.71271295941,19232.416240459017,P2,traded,0.680081977022516,False,False,False,0.7098821819767842,0.4568421657522966,target,45017.0,2022-10-12 22:00:00+00:00,19232.416240459017,target,143.70522704059113,19085.41794,10.0,,-0.3986371382499179,True,False,-0.09698048836437725,1.1862675218471648,target,-1.2395480638340561,2.201184480399145,target
BTC,cell,M1xQ0,M1,Q0,136,11283,45036,2022-10-13 17:00:00+00:00,19084.62,18845.02759914288,19121.858917870784,P2,traded,0.971899628303478,False,False,False,-0.09971705409828693,0.2551431767030378,target,45036.0,2022-10-13 17:00:00+00:00,19121.858917870784,target,249.1347108571208,19094.16231,1.0,,3.331575432719319,True,True,-0.5330878255757777,0.6825608465878596,target,-1.1938361094170284,1.3326736710192613,target
BTC,cell,M1xQ0,M1,Q0,137,11440,45665,2022-11-08 22:00:00+00:00,18700.79,17685.615790827564,20308.042537012472,P2,no_tight_invalidation,1.8458149440693905,False,False,False,,,,,,,,,,,,,,,,,,,,
BTC,cell,M1xQ0,M1,Q0,138,11465,45809,2022-11-14 22:00:00+00:00,16407.87,16129.33091565586,16791.80190963828,P2,traded,0.5068107956997067,False,False,False,1.187669713791902,0.1907074376312357,target,45812.0,2022-11-15 01:00:00+00:00,16791.80190963828,target,286.743019344136,16416.073934999997,4.0,,1.195802747512394,False,False,0.8239255366396958,0.5150152003185934,target,0.2427545729837905,1.0237167557624716,target
BTC,cell,M1xQ0,M1,Q0,139,11495,45903,2022-11-18 20:00:00+00:00,16656.36,16520.749409677595,16703.672247543105,P2,traded,0.4280129570613722,False,False,False,-0.044714826759090665,0.39359795919456547,target,45906.0,2022-11-18 23:00:00+00:00,16703.672247543105,target,143.93877032240562,16664.68818,4.0,,0.035416117877600975,False,False,-0.7028199978781515,1.0315170364670656,target,-1.6487637968735123,1.9433695389537473,target
BTC,cell,M1xQ0,M1,Q0,140,11512,45952,2022-11-20 21:00:00+00:00,16538.84,16429.5176653239,16653.60318820357,P2,traded,0.5789124509467067,False,False,False,-1.482512310231973,0.48251231023197316,stop,45952.0,2022-11-20 21:00:00+00:00,16413.088147658575,stop,117.59175467610112,16547.10942,1.0,False,,,,-2.3169490316395844,1.3872721595049533,stop,-3.4797168699741197,2.664672882880112,stop
BTC,cell,M1xQ0,M1,Q0,141,11558,46136,2022-11-28 13:00:00+00:00,16185.77,16143.167895677443,16435.30825662978,P2,traded,0.2588597539003123,False,False,False,-2.2141724324564738,1.2141724324564738,stop,46138.0,2022-11-28 15:00:00+00:00,16127.024727781765,stop,50.69498932255556,16193.862884999999,3.0,True,,,,-3.996171769618677,3.155810525009389,stop,-5.878094620871207,5.241108666254681,stop
BTC,cell,M1xQ0,M1,Q0,142,11692,46672,2022-12-20 21:00:00+00:00,16858.86,16811.75068907167,16800.083200002893,P2,target_below_entry,0.24675714333603785,False,False,False,,,,,,,,,,,,,,,,,,,,
BTC,cell,M1xQ0,M1,Q0,143,11755,46926,2022-12-31 11:00:00+00:00,16565.74,16529.702814564927,16602.61063793699,P2,traded,0.34664934305519846,False,False,False,-0.4495002283931539,1.4726277976483684,target,46928.0,2022-12-31 13:00:00+00:00,16602.61063793699,target,44.3200554350733,16574.02287,3.0,,0.9359050131103034,True,True,-2.498961061964303,3.330878747423893,target,-4.4910226374040105,5.09659307749629,target
BTC,cell,M1xQ0,M1,Q0,144,11994,47880,2023-02-09 05:00:00+00:00,22569.04,22316.371032262225,23006.15615429352,P2,traded,0.9106980967436814,False,True,False,-1.2842322042735062,0.2842322042735062,stop,47894.0,2023-02-09 19:00:00+00:00,22294.054661229962,stop,263.9534877377737,22580.32452,15.0,False,,,,-1.7985829829338635,0.8413349090277822,stop,-2.5799072756746715,1.6980604982756609,stop
BTC,cell,M1xQ0,M1,Q0,145,12094,48280,2023-02-25 21:00:00+00:00,22923.32,22689.6269262348,23550.464319227507,P2,traded,0.6690556567600993,False,False,False,2.365437089813572,0.3181868153502668,target,48303.0,2023-02-26 20:00:00+00:00,23550.464319227507,target,245.1547337651973,22934.781659999997,24.0,,0.0,True,True,1.7150173674290352,0.8431397180799463,target,0.7191528010084834,1.6202566001683638,target
BTC,cell,M1xQ0,M1,Q0,147,12186,48657,2023-03-13 14:00:00+00:00,22479.64,21884.5982337666,21106.32950412775,P2,no_tight_invalidation,1.2586385422610504,False,False,False,,,,,,,,,,,,,,,,,,,,
BTC,cell,M1xQ0,M1,Q0,148,12451,49719,2023-04-26 21:00:00+00:00,28413.38,27125.218551742655,28048.818050651582,P2,no_tight_invalidation,3.3976223181053316,False,True,False,,,,,,,,,,,,,,,,,,,,
BTC,cell,M1xQ0,M1,Q0,149,12489,49880,2023-05-03 14:00:00+00:00,28373.55,28082.062910354754,28592.724444089003,P2,traded,0.660499771723137,False,False,False,0.4392249589313828,0.312693228442714,target,49883.0,2023-05-03 17:00:00+00:00,28592.724444089003,target,305.67386464524316,28387.736774999998,4.0,,2.5749848022646376,False,False,-0.11231011873066585,0.8293306737701728,target,-0.9389740682719191,1.5950918362293902,target
BTC,cell,M1xQ0,M1,Q0,150,12536,50047,2023-05-10 13:00:00+00:00,28175.27,27597.26530775403,27943.63191052089,P2,no_tight_invalidation,1.6929678767461394,False,False,False,,,,,,,,,,,,,,,,,,,,
BTC,cell,M1xQ0,M1,Q0,151,12583,50241,2023-05-18 15:00:00+00:00,27245.0,26984.151316888387,27153.91689482945,P2,target_below_entry,0.8267631511518567,False,False,False,,,,,,,,,,,,,,,,,,,,
BTC,cell,M1xQ0,M1,Q0,152,12626,50432,2023-05-26 14:00:00+00:00,26539.98,26140.853415310725,26553.806462682587,P2,no_tight_invalidation,1.4538875457606015,False,False,False,,,,,,,,,,,,,,,,,,,,
BTC,cell,M1xQ0,M1,Q0,153,12699,50700,2023-06-06 18:00:00+00:00,26669.16,26012.771171598186,26427.32727078458,P2,no_tight_invalidation,2.1186469509857067,True,False,False,,,,,,,,,,,,,,,,,,,,
BTC,cell,M1xQ0,M1,Q0,154,12729,50844,2023-06-12 18:00:00+00:00,25804.55,25615.040404576015,25977.257900634133,P2,traded,0.6325523699545207,False,False,False,0.47415545261486464,0.43718573962260215,target,50850.0,2023-06-13 00:00:00+00:00,25977.257900634133,target,202.4118704239845,25817.452275,7.0,,2.2525956526699766,True,True,-0.28522120260338796,1.1384710652343146,target,-1.3656131772960116,2.122385631763895,target
BTC,cell,M1xQ0,M1,Q0,155,12758,50937,2023-06-16 15:00:00+00:00,25616.0,25137.116105761073,25563.29947184833,P2,no_tight_invalidation,1.6118256060477696,False,False,False,,,,,,,,,,,,,,,,,,,,
BTC,cell,M1xQ0,M1,Q0,156,12946,51688,2023-07-17 22:00:00+00:00,30242.6,29842.161460108742,30314.702519895407,P2,no_tight_invalidation,1.4220672454333767,False,False,False,,,,,,,,,,,,,,,,,,,,
BTC,cell,M1xQ0,M1,Q0,157,12995,51885,2023-07-26 03:00:00+00:00,29288.57,29073.677060667975,29439.815000235307,P2,traded,0.9879760320404352,False,False,False,0.2665494008922719,0.4372661860946171,target,51900.0,2023-07-26 18:00:00+00:00,29439.815000235307,target,229.53722433202347,29303.214285,16.0,,1.0899539300989496,False,False,-0.4797479279587004,1.1386606628122533,target,-1.538215266941243,2.1225658361170745,target
BTC,cell,M1xQ0,M1,Q0,159,13075,52204,2023-08-08 10:00:00+00:00,29204.0,29152.386760319867,29120.048388858195,P2,target_below_entry,0.2888281653435772,False,False,False,,,,,,,,,,,,,,,,,,,,
BTC,cell,M1xQ0,M1,Q0,162,13158,52536,2023-08-22 06:00:00+00:00,26041.39,25979.116125568657,26296.127119902758,P2,traded,0.248500458003732,False,True,False,-2.3365606453902963,1.3365606453902963,stop,52543.0,2023-08-22 13:00:00+00:00,25953.13700944309,stop,75.2945694313421,26054.410695,8.0,False,,,,-4.246061679217062,3.4189917470604314,stop,-6.18058324742297,5.5660543597428385,stop
BTC,cell,M1xQ0,M1,Q0,164,13227,52813,2023-09-02 19:00:00+00:00,25809.62,25739.82927450705,26194.77893584324,P2,traded,0.23632636861376882,False,False,False,0.5959274345729948,1.1862577930697205,time24,52837.0,2023-09-03 19:00:00+00:00,25921.033000000003,time24,82.6955354929487,25822.52481,25.0,,,,,-1.4367734859414145,2.940845008769956,time24,-3.67013858179187,4.816443560895688,time24
BTC,cell,M1xQ0,M1,Q0,165,13247,52929,2023-09-07 15:00:00+00:00,25768.76,25593.77755497045,25789.97460552099,P2,traded,0.8454204523727465,False,False,False,-0.35020295800240453,0.4714414371961879,target,52929.0,2023-09-07 15:00:00+00:00,25789.97460552099,target,187.86682502954864,25781.644379999998,1.0,,3.489308952636555,True,False,-1.1086075159115372,1.2215311548651182,target,-2.1587043611049057,2.258007131839743,target
BTC,cell,M1xQ0,M1,Q0,166,13288,53059,2023-09-13 01:00:00+00:00,25919.52,25713.89822151487,25790.37780993876,P2,target_below_entry,0.6113657671445374,False,False,False,,,,,,,,,,,,,,,,,,,,
BTC,cell,M1xQ0,M1,Q0,167,13364,53359,2023-09-25 13:00:00+00:00,26103.58,25964.759315170355,26470.436859039266,P2,traded,0.7506908745815862,False,False,False,0.18652252026975125,0.6029851826672694,time24,53383.0,2023-09-26 13:00:00+00:00,26200.07341,time24,151.8724748296445,26116.63179,25.0,,,,,-0.8973880355401698,1.6190461248215684,time24,-2.3531135273273676,2.968926705706358,time24
BTC,cell,M1xQ0,M1,Q0,168,13459,53740,2023-10-11 10:00:00+00:00,27285.44,26986.60750209219,27513.94018504522,P2,no_tight_invalidation,1.257987097815958,False,False,False,,,,,,,,,,,,,,,,,,,,
BTC,cell,M1xQ0,M1,Q0,169,13469,53796,2023-10-13 18:00:00+00:00,26768.26,26659.95450565655,26974.428134535927,P2,traded,0.46611635291262327,False,False,False,1.1096374588307498,0.7939421867424404,target,53798.0,2023-10-13 20:00:00+00:00,26974.428134535927,target,121.68962434344576,26781.644129999997,3.0,,1.2784316354285168,True,True,-0.27111184830358903,1.9653247744118838,target,-1.9973117984701072,3.386043258895398,target
BTC,cell,M1xQ1,M1,Q1,0,164,700,2017-09-15 15:00:00+00:00,3750.01,2823.262190231198,3522.0394413334807,P1,gap_in_window,5.321942377604106,True,False,False,,,,,,,,,,,,,,,,,,,,
BTC,cell,M1xQ1,M1,Q1,1,815,3267,2017-12-31 14:00:00+00:00,13160.0,12315.131644199148,12892.511885980372,P1,target_below_entry,0.871969530904017,False,False,False,,,,,,,,,,,,,,,,,,,,
BTC,cell,M1xQ1,M1,Q1,2,901,3605,2018-01-14 17:00:00+00:00,13065.02,12601.094564919675,13023.671409562783,P1,target_below_entry,0.6599725459298813,False,False,False,,,,,,,,,,,,,,,,,,,,
BTC,cell,M1xQ1,M1,Q1,3,920,3687,2018-01-18 03:00:00+00:00,11535.0,10003.898168421829,10842.134980716315,P1,no_tight_invalidation,1.4143960024997435,False,False,False,,,,,,,,,,,,,,,,,,,,
BTC,cell,M1xQ1,M1,Q1,4,953,3816,2018-01-23 12:00:00+00:00,10143.01,9813.612209405139,11149.103512267411,P1,traded,0.4402967748062662,False,False,False,2.9509187930264966,0.10342322441843152,target,3820.0,2018-01-23 16:00:00+00:00,11149.103512267411,target,334.46929559486125,10148.081505,5.0,,0.6869284886792443,False,False,2.725433521703788,0.28259599107421085,target,2.3436074775065987,0.5758863883050486,target
BTC,cell,M1xQ1,M1,Q1,5,1021,4095,2018-02-04 03:00:00+00:00,9081.19,8842.370684590669,10479.72630191459,P1,traded,0.45561341444811554,False,False,False,-1.1200811460588609,0.12008114605886079,stop,4101.0,2018-02-04 09:00:00+00:00,8833.528313906078,stop,243.35991040933186,9085.730595,7.0,False,,,,-1.3455920819519336,0.364250023567556,stop,-1.7152509945322472,0.7692112449744829,stop
BTC,cell,M1xQ1,M1,Q1,6,1207,4790,2018-03-08 05:00:00+00:00,9777.0,9429.377682825858,9849.62053861803,P1,no_tight_invalidation,1.023373587950328,False,False,False,,,,,,,,,,,,,,,,,,,,
BTC,cell,M1xQ1,M1,Q1,7,1276,5060,2018-03-19 11:00:00+00:00,8218.31,8045.56426468319,8736.780492648359,P1,traded,0.4907593166005558,False,True,False,1.2947979039239192,0.1545577026896478,time24,5084.0,2018-03-20 11:00:00+00:00,8464.445660000001,time24,176.85489031680936,8222.419155,25.0,,,,,0.9722189330981665,0.44346145635275575,time24,0.44217439711917456,0.9106416755019058,time24
BTC,cell,M1xQ1,M1,Q1,8,1320,5275,2018-03-28 10:00:00+00:00,8079.0,7700.362430234218,8647.602954070237,P1,no_tight_invalidation,1.556259072824401,False,False,False,,,,,,,,,,,,,,,,,,,,
BTC,cell,M1xQ1,M1,Q1,9,1391,5519,2018-04-07 14:00:00+00:00,6840.0,6741.724164096696,8141.920632018222,P1,traded,0.5445770209920548,False,False,False,2.012396864215845,0.22630197744522332,time24,5543.0,2018-04-08 14:00:00+00:00,7056.479995000001,time24,101.69583590330421,6843.42,25.0,,,,,1.5210103112587208,0.6424017699320278,time24,0.7336078122615364,1.293464611965327,time24
BTC,cell,M1xQ1,M1,Q1,10,1593,6327,2018-05-11 06:00:00+00:00,9005.07,8896.319568213714,9050.592439477641,P1,traded,0.6797960148744697,False,False,False,-1.2633757203413138,0.26337572034131385,stop,6327.0,2018-05-11 06:00:00+00:00,8887.4232486455,stop,113.25296678628547,9009.572535,1.0,False,,,,-1.742264898173992,0.7820213401266003,stop,-2.4766108968769918,1.5870952900102846,stop
BTC,cell,M1xQ1,M1,Q1,11,1642,6522,2018-05-19 09:00:00+00:00,8210.0,8111.987904994053,8478.21656365824,P1,traded,0.5653005841432716,False,False,False,0.5367866485948272,0.26933835052090443,time24,6546.0,2018-05-20 09:00:00+00:00,8284.865495,time24,102.1170950059468,8214.105,25.0,,,,,0.01434450246469643,0.7593751180885426,time24,-0.7942652869295165,1.5104084972237855,time24
BTC,cell,M1xQ1,M1,Q1,12,1686,6778,2018-05-30 01:00:00+00:00,7495.0,7382.163704692529,8073.540358972397,P1,traded,0.6758811485246907,False,False,False,-1.2109557200778813,0.21095572007788146,stop,6791.0,2018-05-30 14:00:00+00:00,7374.781540987837,stop,116.58379530747061,7498.7474999999995,14.0,False,,,,-1.5991483249676388,0.6312925864416804,stop,-2.2088796017011303,1.299487347949319,stop
BTC,cell,M1xQ1,M1,Q1,13,1786,7162,2018-06-15 01:00:00+00:00,6613.42,6253.119233946076,7654.309307896599,P1,no_tight_invalidation,2.4587955364227887,False,False,False,,,,,,,,,,,,,,,,,,,,
BTC,cell,M1xQ1,M1,Q1,14,1814,7223,2018-06-17 14:00:00+00:00,6490.0,6422.555632652549,7591.949042398506,P1,traded,0.4584526267473802,False,True,False,-1.306327864353894,0.30632786435389414,stop,7232.0,2018-06-17 23:00:00+00:00,6416.1330770198965,stop,70.68936734745057,6493.245,10.0,False,,,,-1.8578651334941312,0.9037701984531957,stop,-2.68741554743708,1.8135502947740842,stop
BTC,cell,M1xQ1,M1,Q1,16,1855,7414,2018-06-25 13:00:00+00:00,6110.0,6043.239215081586,7362.763912757191,P1,gap_in_window,0.5296201859051661,False,False,False,,,,,,,,,,,,,,,,,,,,
BTC,cell,M1xQ1,M1,Q1,17,1894,7530,2018-06-30 20:00:00+00:00,6325.75,6286.342326060581,7241.947754801431,P1,gap_in_window,0.28145940802767155,False,False,False,,,,,,,,,,,,,,,,,,,,
BTC,cell,M1xQ1,M1,Q1,18,1967,7828,2018-07-13 13:00:00+00:00,6274.2,6201.513127243563,6213.811559216316,P1,target_below_entry,0.7269110547819824,True,False,False,,,,,,,,,,,,,,,,,,,,
BTC,cell,M1xQ1,M1,Q1,20,2121,8552,2018-08-12 17:00:00+00:00,6312.04,6223.575215728479,6826.128706680169,P1,traded,0.6955299505859235,False,False,False,-1.2267228085201172,0.226722808520117,stop,8554.0,2018-08-12 19:00:00+00:00,6217.35164051275,stop,91.62080427152068,6315.196019999999,3.0,False,,,,-1.642433515595956,0.6768800588793626,stop,-2.29065866020845,1.38733776792179,stop
BTC,cell,M1xQ1,M1,Q1,22,2304,9166,2018-09-07 07:00:00+00:00,6464.64,6437.3581169974095,6507.935740732918,P1,traded,0.1974251626948998,False,False,False,-1.7566632033879583,0.7566632033879586,stop,9167.0,2018-09-07 08:00:00+00:00,6430.920758880412,stop,30.514203002590875,6467.87232,2.0,False,,,,-2.9863631713778935,2.0922915483938564,stop,-4.520568995753326,3.782798941652952,stop
BTC,cell,M1xQ1,M1,Q1,23,2375,9448,2018-09-19 01:00:00+00:00,6320.13,6294.575786860468,6396.623670870714,P1,traded,0.302471127170613,False,False,False,-1.7898317646788695,0.7898317646788697,stop,9456.0,2018-09-19 09:00:00+00:00,6288.281211073608,stop,28.714278139532325,6323.290065,9.0,True,,,,-3.0638922162134676,2.173944260170283,stop,-4.63326608065768,3.9038627741209493,stop
BTC,cell,M1xQ1,M1,Q1,25,2517,10016,2018-10-12 17:00:00+00:00,6325.48,6311.802195733335,6323.599224785615,P1,target_below_entry,0.18701761844541073,False,False,False,,,,,,,,,,,,,,,,,,,,
BTC,cell,M1xQ1,M1,Q1,27,2630,10468,2018-10-31 16:00:00+00:00,6393.38,6237.270944446526,6583.1666390768105,P1,no_tight_invalidation,4.296827129566176,False,False,False,,,,,,,,,,,,,,,,,,,,
BTC,cell,M1xQ1,M1,Q1,28,2697,10734,2018-11-11 18:00:00+00:00,6400.85,6357.759698899955,6395.885382653295,P1,no_tight_invalidation,1.0453310297019491,False,False,False,,,,,,,,,,,,,,,,,,,,
BTC,cell,M1xQ1,M1,Q1,29,2721,10827,2018-11-15 22:00:00+00:00,5646.38,5553.345890842679,5808.518108298715,P1,gap_in_window,0.6209589635517613,False,False,False,,,,,,,,,,,,,,,,,,,,
BTC,cell,M1xQ1,M1,Q1,32,2880,11483,2018-12-13 06:00:00+00:00,3386.64,3354.9613621999997,4226.624546478875,P1,traded,0.3451357946985876,False,False,False,-1.3404995583339112,0.3404995583339112,stop,11496.0,2018-12-13 19:00:00+00:00,3351.6064008378,stop,33.37195780000002,3388.3333199999997,14.0,False,,,,-1.948781859891919,0.9995226647960851,stop,-2.8499015066993403,1.9880993788717112,stop
BTC,cell,M1xQ1,M1,Q1,34,3054,12159,2019-01-10 10:00:00+00:00,3732.77,3706.0395351782977,3816.1863442970503,P1,traded,0.38917864667811924,False,False,False,-1.445263310446515,0.4452633104465149,stop,12165.0,2019-01-10 16:00:00+00:00,3702.3334956431195,stop,28.596849821702108,3734.636385,7.0,False,,,,-2.2218588149301115,1.2871242204428337,stop,-3.3212279616936313,2.4944175949426333,stop
BTC,cell,M1xQ1,M1,Q1,35,3122,12430,2019-01-21 17:00:00+00:00,3536.75,3522.458266687901,3603.756058419785,P1,traded,0.3179041911276549,False,False,False,-1.7902983480064514,0.7902983480064515,stop,12431.0,2019-01-21 18:00:00+00:00,3518.935808421213,stop,16.06010831209869,3538.5183749999997,2.0,False,,,,-3.0649777194885686,2.1750874999230794,stop,-4.634833166157039,3.9055462016605342,stop
BTC,cell,M1xQ1,M1,Q1,36,3175,12664,2019-01-31 11:00:00+00:00,3425.69,3413.997129797533,3562.052348723746,P1,traded,0.2851175040807584,False,False,False,-1.9359121599902083,0.9359121599902084,stop,12678.0,2019-02-01 01:00:00+00:00,3410.5831326677353,stop,13.405715202467036,3427.402845,15.0,False,,,,-3.3970029014258585,2.5247726603779808,stop,-5.100632724984021,4.405927199104748,stop
BTC,cell,M1xQ1,M1,Q1,37,3222,12835,2019-02-07 14:00:00+00:00,3407.03,3395.91091518779,3535.9694580915034,P1,traded,0.3729507258041884,False,True,False,-1.9789209856864989,0.9789209856864987,stop,12838.0,2019-02-07 17:00:00+00:00,3392.5150042726023,stop,12.822599812209774,3408.733515,4.0,False,,,,-3.4925643133383253,2.6254168568901877,stop,-5.229878413487851,4.54476822053417,stop
BTC,cell,M1xQ1,M1,Q1,38,3925,15640,2019-06-05 03:00:00+00:00,7827.16,7655.4684634052,7696.834482768609,P1,target_below_entry,0.779431077427478,False,False,False,,,,,,,,,,,,,,,,,,,,
BTC,cell,M1xQ1,M1,Q1,39,3960,15778,2019-06-10 21:00:00+00:00,7912.37,7845.913586918006,7780.489774924676,P1,target_below_entry,0.390337746512644,False,False,False,,,,,,,,,,,,,,,,,,,,
BTC,cell,M1xQ1,M1,Q1,40,4162,16590,2019-07-14 17:00:00+00:00,10572.1,10240.281632100417,11046.319758000029,P1,traded,0.833000698980339,False,True,False,-1.1003555373445695,0.10035553734456944,stop,16596.0,2019-07-14 23:00:00+00:00,10230.041350468317,stop,337.1044178995817,10577.38605,7.0,False,,,,-1.2896179092590558,0.30529865895950453,stop,-1.602800295580468,0.6484120904057379,stop
BTC,cell,M1xQ1,M1,Q1,42,4247,16950,2019-07-29 17:00:00+00:00,9548.45,9384.43622946612,10182.789239416465,P1,traded,0.8074644554637027,False,False,False,0.6440112903701606,0.18762619687255583,time24,16974.0,2019-07-30 17:00:00+00:00,9680.007575000001,time24,168.78799553387944,9553.224225,25.0,,,,,0.27255360367596493,0.5355607386299793,time24,-0.3244124904856335,1.0892589557813965,time24
BTC,cell,M1xQ1,M1,Q1,44,4369,17410,2019-08-18 05:00:00+00:00,10133.95,10053.265865075833,10350.464523609513,P1,gap_in_window,0.3254487070479804,False,False,False,,,,,,,,,,,,,,,,,,,,
BTC,cell,M1xQ1,M1,Q1,45,4398,17526,2019-08-23 01:00:00+00:00,10108.97,9994.526951834552,10362.59155402514,P1,traded,0.5039709294449503,False,True,False,1.9299298566340157,0.2862078475844853,target,17538.0,2019-08-23 13:00:00+00:00,10362.59155402514,target,119.49753316544593,10114.024484999998,13.0,,0.6896246624669952,False,False,1.36040700887242,0.7619929043877056,target,0.48047175432264155,1.47638648836434,target
BTC,cell,M1xQ1,M1,Q1,46,4447,17727,2019-08-31 10:00:00+00:00,9568.84,9505.781115182781,10213.840281366212,P1,traded,0.3806119035759804,False,True,False,-1.4839824534283335,0.4839824534283335,stop,17737.0,2019-08-31 20:00:00+00:00,9496.275334067599,stop,67.84330481721918,9573.62442,11.0,False,,,,-2.3206809474223133,1.3912025709323994,stop,-3.485879628754882,2.6712931712150465,stop
BTC,cell,M1xQ1,M1,Q1,47,4565,18215,2019-09-20 18:00:00+00:00,10122.04,10045.844762406501,10126.867064486489,P1,traded,0.6220395961376941,True,False,False,-0.3618492137760933,0.4252004761245379,target,18215.0,2019-09-20 18:00:00+00:00,10126.867064486489,target,81.25625759349896,10127.10102,1.0,,0.7544395635372699,False,False,-1.0497729528116881,1.1091784020588864,target,-2.0204706746170356,2.073295739360102,target
BTC,cell,M1xQ1,M1,Q1,48,4579,18250,2019-09-22 05:00:00+00:00,9897.65,9838.429928785523,10109.224590192305,P1,traded,0.4932752280010373,False,False,False,0.8388566744555962,0.5370281958091527,time24,18274.0,2019-09-23 05:00:00+00:00,9974.140435,time24,64.16889621447626,9902.598825,25.0,,,,,-0.18608228591137888,1.4558563479065108,time24,-1.6103684187273053,2.7104602167713927,time24
BTC,cell,M1xQ1,M1,Q1,49,4616,18407,2019-09-28 18:00:00+00:00,8144.95,7981.401983860582,9118.60957780475,P1,traded,0.7366155698985495,False,False,False,-1.1577650636384464,0.15776506363844636,stop,18425.0,2019-09-29 12:00:00+00:00,7973.420581876721,stop,167.62049113941794,8149.022475,19.0,False,,,,-1.4515895539274073,0.47588536031907736,stop,-1.9246981752668801,0.9942079999559655,stop
BTC,cell,M1xQ1,M1,Q1,50,4653,18547,2019-10-04 14:00:00+00:00,8168.58,8106.53150479122,8833.63049409581,P1,traded,0.41080459819107557,False,False,False,-1.4196746161215725,0.41967461612157236,stop,18557.0,2019-10-05 00:00:00+00:00,8098.424973286429,stop,66.13278520877975,8172.66429,11.0,False,,,,-2.1559335686416095,1.2176924978490484,stop,-3.2096737948679426,2.3745815319676686,stop
BTC,cell,M1xQ1,M1,Q1,52,4725,18854,2019-10-17 09:00:00+00:00,8045.85,7905.521804462779,8021.501597037439,P1,no_tight_invalidation,1.3617645241031582,False,False,False,,,,,,,,,,,,,,,,,,,,
BTC,cell,M1xQ1,M1,Q1,53,4743,18906,2019-10-19 13:00:00+00:00,8039.23,7853.904523478173,7995.847583838587,P1,no_tight_invalidation,2.058379050666408,False,False,False,,,,,,,,,,,,,,,,,,,,
BTC,cell,M1xQ1,M1,Q1,54,4779,19053,2019-10-25 16:00:00+00:00,8262.95,7552.223950072285,7711.654221209889,P1,no_tight_invalidation,6.091109945230827,False,False,False,,,,,,,,,,,,,,,,,,,,
BTC,cell,M1xQ1,M1,Q1,55,4873,19475,2019-11-12 06:00:00+00:00,8753.2,8710.649370217008,9104.870370466899,P1,gap_in_window,0.36508437593763254,False,False,False,,,,,,,,,,,,,,,,,,,,
BTC,cell,M1xQ1,M1,Q1,56,4950,19732,2019-11-23 01:00:00+00:00,7195.03,7111.396294725303,8546.733842538933,P1,traded,0.4145245350423563,False,False,False,-1.2736968545920195,0.2736968545920196,stop,19740.0,2019-11-23 09:00:00+00:00,7104.284898430577,stop,87.23122027469617,7198.627514999999,9.0,False,,,,-1.7701787068846326,0.8114198472546825,stop,-2.527952200385866,1.64224822472871,stop
BTC,cell,M1xQ1,M1,Q1,57,4967,19798,2019-11-25 21:00:00+00:00,7160.38,7086.147000296604,8246.859590162387,P1,gap_in_window,0.3379228767121089,False,False,False,,,,,,,,,,,,,,,,,,,,
BTC,cell,M1xQ1,M1,Q1,58,5019,20006,2019-12-04 13:00:00+00:00,7217.43,7184.307516375826,7979.491283469205,P1,traded,0.2588966868878412,False,True,False,-1.6956839435006474,0.6956839435006473,stop,20013.0,2019-12-04 20:00:00+00:00,7177.12320885945,stop,36.731198624173885,7221.038715,8.0,False,,,,-2.841937920099862,1.940184509788454,stop,-4.306488039608686,3.5528243950062457,stop
BTC,cell,M1xQ1,M1,Q1,59,5068,20206,2019-12-12 21:00:00+00:00,7250.0,7165.165284582166,7862.603110965285,P1,traded,0.8851559650924532,False,False,False,-0.18791401517035528,0.2736100650031831,time24,20230.0,2019-12-13 21:00:00+00:00,7253.641365,time24,88.45971541783365,7253.625,25.0,,,,,-0.6886089724037161,0.7707932747797871,time24,-1.4549550441046615,1.5309138949722279,time24
BTC,cell,M1xQ1,M1,Q1,60,5088,20282,2019-12-16 01:00:00+00:00,7080.12,7052.81035580274,7833.4871084429815,P1,traded,0.3461431414472927,False,False,False,-1.8280111013512559,0.8280111013512558,stop,20285.0,2019-12-16 04:00:00+00:00,7045.757545446937,stop,30.849704197259598,7083.660059999999,4.0,False,,,,-3.152252866806347,2.2670046964304973,stop,-4.7598645969582405,4.039860094558455,stop
BTC,cell,M1xQ1,M1,Q1,62,5325,21233,2020-01-24 16:00:00+00:00,8507.8,8352.616893514347,8389.711532719164,P1,no_tight_invalidation,1.2473836639783982,False,False,False,,,,,,,,,,,,,,,,,,,,
BTC,cell,M1xQ1,M1,Q1,63,5529,22136,2020-03-02 13:00:00+00:00,8753.44,8700.601658448728,8899.751066152232,P1,traded,0.28438047507986836,False,False,False,2.234475136427598,0.5345570068363226,target,22140.0,2020-03-02 17:00:00+00:00,8899.751066152232,target,57.21506155127281,8757.81672,5.0,,1.153523776053682,False,False,1.1845230890760823,1.3726893334101886,target,-0.28421831558665345,2.50211113885342,target
BTC,cell,M1xQ1,M1,Q1,65,5635,22483,2020-03-17 01:00:00+00:00,5070.81,4390.10818445733,6907.488200166897,P1,no_tight_invalidation,1.6314623133138102,False,False,False,,,,,,,,,,,,,,,,,,,,
BTC,cell,M1xQ1,M1,Q1,66,5718,22799,2020-03-30 05:00:00+00:00,6034.99,5973.722102128317,6566.717081461327,P1,traded,0.3574682094237863,False,False,False,8.34963117556911,0.32909128647707325,target,22816.0,2020-03-30 22:00:00+00:00,6566.717081461327,target,64.28539287168314,6038.007495,18.0,,-0.6764690938131178,True,False,7.400899675449602,0.8704518355022154,target,5.890497851037153,1.670995129335178,target
BTC,cell,M1xQ1,M1,Q1,67,5820,23209,2020-04-16 07:00:00+00:00,6688.63,6605.642535589133,6625.16884643476,P1,target_below_entry,0.6217484375395927,False,False,False,,,,,,,,,,,,,,,,,,,,
BTC,cell,M1xQ1,M1,Q1,69,6163,24597,2020-06-13 05:00:00+00:00,9407.6,9345.946309973257,9413.880806207444,P1,traded,0.40685417001611424,False,False,False,-0.3865715591743146,0.488443907848323,target,24597.0,2020-06-13 05:00:00+00:00,9413.880806207444,target,66.35749002674311,9412.3038,1.0,,1.218388365201457,False,False,-1.1678104326639844,1.2624614841867652,target,-2.2413579487069604,2.324256368087531,target
BTC,cell,M1xQ1,M1,Q1,70,6185,24666,2020-06-16 02:00:00+00:00,9409.27,9353.903596458347,9347.638135697303,P1,target_below_entry,0.3856125650362862,False,False,False,,,,,,,,,,,,,,,,,,,,
BTC,cell,M1xQ1,M1,Q1,71,6241,24889,2020-06-25 09:00:00+00:00,9301.14,9154.160565939426,9282.27172618348,P1,no_tight_invalidation,1.1753932386870538,False,False,False,,,,,,,,,,,,,,,,,,,,
BTC,cell,M1xQ1,M1,Q1,72,6263,24974,2020-06-29 01:00:00+00:00,9123.85,9081.518492625222,9185.360146346597,P1,gap_in_window,0.3624071539287996,False,False,False,,,,,,,,,,,,,,,,,,,,
BTC,cell,M1xQ1,M1,Q1,73,6588,26276,2020-08-22 07:00:00+00:00,11564.02,11391.405230479504,11507.67639694647,P1,no_tight_invalidation,1.0900292280551935,False,False,False,,,,,,,,,,,,,,,,,,,,
BTC,cell,M1xQ1,M1,Q1,74,6618,26396,2020-08-27 07:00:00+00:00,11386.38,11316.702973289657,11529.151589850733,P1,traded,0.49722319267998394,False,False,False,-1.5213329912637017,0.5213329912637017,stop,26400.0,2020-08-27 11:00:00+00:00,11305.386270316367,stop,75.37021671034199,11392.07319,5.0,True,,,,-2.4149625324347195,1.490498868251288,stop,-3.6401627604203286,2.8370304413532748,stop
BTC,cell,M1xQ1,M1,Q1,75,6671,26607,2020-09-05 02:00:00+00:00,10483.73,10369.617737768753,10818.738421304683,P1,traded,0.4019993268889377,False,False,False,-1.2923906311910247,0.29239063119102476,stop,26612.0,2020-09-05 07:00:00+00:00,10359.248120030983,stop,119.35412723124682,10488.971865,6.0,False,,,,-1.8205174294907938,0.8644360196694469,stop,-2.619830704406215,1.7409478834427723,stop
BTC,cell,M1xQ1,M1,Q1,77,6787,27071,2020-09-24 10:00:00+00:00,10322.85,10269.274021504876,10554.023554690908,P1,traded,0.40061704851417346,False,False,False,3.6914035461135,0.6234696710307467,target,27076.0,2020-09-24 15:00:00+00:00,10554.023554690908,target,58.737403495124454,10328.011425,6.0,,4.106692345178557,True,True,2.354676484596155,1.5810363820799544,target,0.521501160694515,2.825917115249499,target
BTC,cell,M1xQ1,M1,Q1,78,7256,28945,2020-12-11 13:00:00+00:00,17864.73,17567.373522999173,17780.67048198809,P1,target_below_entry,0.826673830176164,False,False,False,,,,,,,,,,,,,,,,,,,,
BTC,cell,M1xQ1,M1,Q1,79,7502,29925,2021-01-21 13:00:00+00:00,32474.48,31105.446324879696,32752.909618658876,P2,traded,0.9501379293485559,False,False,False,0.12714500631529474,0.0762317430801571,target,29925.0,2021-01-21 13:00:00+00:00,32752.909618658876,target,1385.2709151203017,32490.717239999998,1.0,,-0.0012052650789461257,True,True,-0.008540462387793706,0.20953336249116195,target,-0.23393239293536874,0.4303214058125712,target
BTC,cell,M1xQ1,M1,Q1,80,7523,30039,2021-01-26 07:00:00+00:00,31581.72,31148.950253313276,32153.914609839198,P2,traded,0.3572517362247992,False,False,False,-1.2319225712373025,0.2319225712373024,stop,30039.0,2021-01-26 07:00:00+00:00,31117.80130305996,stop,448.56060668672217,31597.51086,1.0,True,,,,-1.656663240033213,0.6918666434632113,stop,-2.3173893261499554,1.4160529460122206,stop
BTC,cell,M1xQ1,M1,Q1,83,7880,31444,2021-03-25 22:00:00+00:00,52437.21,50201.63469498986,52207.54139780373,P2,no_tight_invalidation,1.5495203379581217,False,False,False,,,,,,,,,,,,,,,,,,,,
BTC,cell,M1xQ1,M1,Q1,84,8022,32003,2021-04-18 05:00:00+00:00,54854.55,53609.79407510209,56273.20616879213,P2,traded,0.7012100593114017,False,False,False,0.9968635088230843,0.1428427905532158,target,32004.0,2021-04-18 06:00:00+00:00,56273.20616879213,target,1272.1831998979105,54881.977275,2.0,,0.8000371576118478,False,False,0.7266069253252088,0.3885281974353899,target,0.2863279639744518,0.7827118345552084,target
BTC,cell,M1xQ1,M1,Q1,85,8042,32081,2021-04-21 13:00:00+00:00,55433.39,54099.17300665685,55079.23937429671,P2,gap_in_window,0.8003398602403046,False,False,False,,,,,,,,,,,,,,,,,,,,
BTC,cell,M1xQ1,M1,Q1,87,8228,32822,2021-05-22 13:00:00+00:00,38151.8,37407.123986277446,40950.247928309014,P2,traded,0.2733886318840548,False,False,False,-1.1623447998193284,0.16234479981932828,stop,32823.0,2021-05-22 14:00:00+00:00,37369.71686229117,stop,763.7519137225536,38170.8759,2.0,False,,,,-1.4643885104774232,0.4893650763717324,stop,-1.9496840576117505,1.021048859919927,stop
BTC,cell,M1xQ1,M1,Q1,88,8269,32986,2021-05-29 09:00:00+00:00,35776.76,35307.50471048051,39285.1988808322,P2,traded,0.2785421264505214,False,False,False,-1.2423730239742885,0.24237302397428837,stop,32986.0,2021-05-29 09:00:00+00:00,35272.19720577003,stop,487.14366951948614,35794.64838,1.0,False,,,,-1.685194691126663,0.7219156445522543,stop,-2.3707587938048205,1.4733846178700936,stop
BTC,cell,M1xQ1,M1,Q1,89,8334,33257,2021-06-09 16:00:00+00:00,36356.42,32352.8122890461,38189.78033603629,P2,no_tight_invalidation,3.3963148315885325,False,False,False,,,,,,,,,,,,,,,,,,,,
BTC,cell,M1xQ1,M1,Q1,90,8403,33524,2021-06-20 19:00:00+00:00,34940.45,34169.96045651282,34307.18489820801,P2,target_below_entry,0.7444529826398136,False,False,False,,,,,,,,,,,,,,,,,,,,
BTC,cell,M1xQ1,M1,Q1,91,8436,33654,2021-06-26 05:00:00+00:00,32355.98,31717.4459251329,32542.667824860328,P2,traded,0.5237807413337138,False,False,False,0.12975030088691067,0.16261909991473594,target,33654.0,2021-06-26 05:00:00+00:00,32542.667824860328,target,654.7120648670971,32372.157989999996,1.0,,1.207144663356869,False,False,-0.1559959546229138,0.4411408830247213,target,-0.611863572634625,0.8835802188314931,target
BTC,cell,M1xQ1,M1,Q1,92,8511,33963,2021-07-09 02:00:00+00:00,32674.67,32167.0284969491,33996.302387596814,P2,traded,0.6809100751877913,False,False,False,2.3933402302113285,0.210135607863133,target,33982.0,2021-07-09 21:00:00+00:00,33996.302387596814,target,523.9788380508944,32691.007334999995,20.0,,0.5070769907264439,True,True,1.9565835055009095,0.5657175716056518,target,1.2554102448171116,1.1188357960000248,target
BTC,cell,M1xQ1,M1,Q1,93,8546,34095,2021-07-14 14:00:00+00:00,32784.0,32189.724691321466,32624.033301774263,P2,target_below_entry,0.9063153784520175,False,False,True,,,,,,,,,,,,,,,,,,,,
BTC,cell,M1xQ1,M1,Q1,94,8590,34270,2021-07-21 21:00:00+00:00,31796.9,31417.041651127005,31582.783938450335,P2,target_below_entry,0.5617968576702379,False,False,False,,,,,,,,,,,,,,,,,,,,
BTC,cell,M1xQ1,M1,Q1,95,8877,35414,2021-09-07 17:00:00+00:00,47424.99,46027.75552687178,47343.60299165975,P2,no_tight_invalidation,1.0273642165044483,False,False,False,,,,,,,,,,,,,,,,,,,,
BTC,cell,M1xQ1,M1,Q1,96,8901,35510,2021-09-11 17:00:00+00:00,45853.71,45300.75770248242,45338.70649004241,P2,target_below_entry,0.5360218288076544,False,False,False,,,,,,,,,,,,,,,,,,,,
BTC,cell,M1xQ1,M1,Q1,97,8961,35752,2021-09-21 19:00:00+00:00,42196.41,41305.46762418516,45735.79932578556,P2,traded,0.7585710208843996,False,True,False,-1.149956953250209,0.14995695325020914,stop,35753.0,2021-09-21 20:00:00+00:00,41264.162156560975,stop,912.0405808148353,42217.508205,2.0,False,,,,-1.4297270224451937,0.4528599898194582,stop,-1.8818681429927222,0.9481982220079471,stop
BTC,cell,M1xQ1,M1,Q1,98,8981,35831,2021-09-25 02:00:00+00:00,42392.91,41868.869761687565,44852.887495113515,P2,traded,0.39871033039048615,False,False,False,-1.2572681213428496,0.25726812134284943,stop,35837.0,2021-09-25 08:00:00+00:00,41827.000891925876,stop,545.2366933124358,42414.106455,7.0,False,,,,-1.7257059648992499,0.7645816591802498,stop,-2.4460206942347136,1.554234039242436,stop
BTC,cell,M1xQ1,M1,Q1,99,8992,35874,2021-09-26 21:00:00+00:00,43640.11,43141.480549315,44641.276138600384,P2,traded,0.4461103038663247,False,False,True,-1.2784643881105602,0.2784643881105602,stop,35875.0,2021-09-26 22:00:00+00:00,43098.33906876568,stop,520.4495056849992,43661.930055,2.0,False,,,,-1.7830435160712668,0.8249689185582527,stop,-2.5515194806947195,1.6675651641815743,stop
BTC,cell,M1xQ1,M1,Q1,100,9005,35926,2021-09-29 01:00:00+00:00,41596.21,40625.52479144053,44438.4262400541,P2,gap_in_window,0.9497269538993951,False,False,False,,,,,,,,,,,,,,,,,,,,
BTC,cell,M1xQ1,M1,Q1,101,9181,36638,2021-10-28 19:00:00+00:00,60126.36,57623.85213030494,59799.822238183326,P2,no_tight_invalidation,2.1897471087481972,True,False,False,,,,,,,,,,,,,,,,,,,,
BTC,cell,M1xQ1,M1,Q1,102,9301,37110,2021-11-17 11:00:00+00:00,60514.99,58147.828889680866,60476.017483702,P2,no_tight_invalidation,1.6505155225815804,False,False,True,,,,,,,,,,,,,,,,,,,,
BTC,cell,M1xQ1,M1,Q1,103,9372,37398,2021-11-29 11:00:00+00:00,57170.49,56528.93017131847,57717.54573795706,P2,traded,0.5394645612360685,False,False,False,0.5661746021767188,0.28652176923000594,target,37404.0,2021-11-29 17:00:00+00:00,57717.54573795706,target,670.1450736815241,57199.07524499999,7.0,,1.7136950000004234,False,False,0.053452134821883254,0.762872209624525,target,-0.7252348637232495,1.4773922013003065,target
BTC,cell,M1xQ1,M1,Q1,107,9466,37768,2021-12-14 21:00:00+00:00,47786.13,46684.73419125347,54111.41238682556,P2,traded,0.9498305934463728,False,False,False,-1.1372380224308547,0.13723802243085476,stop,37786.0,2021-12-15 15:00:00+00:00,46638.04945706222,stop,1125.2888737465255,47810.023064999994,19.0,False,,,,-1.394002508269518,0.4152353361748071,stop,-1.8114703718971121,0.8725740479374992,stop
BTC,cell,M1xQ1,M1,Q1,108,9490,37864,2021-12-18 21:00:00+00:00,46864.55,46409.9187492976,53451.24994314025,P2,traded,0.4361547113920827,False,False,True,-1.3282641696282467,0.3282641696282466,stop,37868.0,2021-12-19 01:00:00+00:00,46363.5088305483,stop,478.06352570240415,46887.982275,5.0,False,,,,-1.916334666504756,0.9653496482806003,stop,-2.7922405141394515,1.9261575748833264,stop
BTC,cell,M1xQ1,M1,Q1,109,9557,38132,2021-12-30 01:00:00+00:00,46693.1,45763.25514377205,46799.26285379576,P2,traded,0.9910008044984755,False,False,False,-0.04670126040861703,0.16087391306641988,target,38135.0,2021-12-30 04:00:00+00:00,46799.26285379576,target,953.1914062279466,46716.44654999999,4.0,,1.154791303207587,False,False,-0.3251704470634482,0.43654666500048944,target,-0.7686022265072303,0.8747773428676744,target
BTC,cell,M1xQ1,M1,Q1,110,9568,38177,2021-12-31 22:00:00+00:00,46333.87,45546.91771506688,46513.48436020135,P2,traded,0.8030087742277894,False,False,False,0.03946693315423095,0.18877353788857248,target,38177.0,2021-12-31 22:00:00+00:00,46513.48436020135,target,810.1192199331199,46357.036935,1.0,,1.7789303158584766,False,False,-0.2883634389735601,0.5100769297560345,target,-0.8044473273757254,1.0141661809972018,target
BTC,cell,M1xQ1,M1,Q1,111,9623,38397,2022-01-10 02:00:00+00:00,41815.32,41499.51980694607,43839.70650784609,P2,traded,0.3421639748928506,False,False,False,-1.4221141931612062,0.42211419316120613,stop,38406.0,2022-01-10 11:00:00+00:00,41458.02028713912,stop,336.7078530539293,41836.22766,10.0,False,,,,-2.162240077371317,1.2243344414034159,stop,-3.22040543778754,2.3861099031019215,stop
BTC,cell,M1xQ1,M1,Q1,112,9677,38621,2022-01-19 10:00:00+00:00,41573.59,41054.07003903505,43123.001705275055,P2,traded,0.8093981273336892,False,False,False,0.6662816022642827,0.25755200580065346,time24,38645.0,2022-01-20 10:00:00+00:00,42032.513230000004,time24,540.3067559649498,41594.376795,25.0,,,,,0.16084103323824656,0.727450654217794,time24,-0.6267230439623059,1.451548978242813,time24
BTC,cell,M1xQ1,M1,Q1,114,9878,39417,2022-02-21 14:00:00+00:00,37562.74,37107.64110390079,39466.01412642792,P2,traded,0.5542655401414222,False,False,False,-1.26252010450976,0.26252010450976004,stop,39424.0,2022-02-21 21:00:00+00:00,37070.533462796884,stop,473.8802660992078,37581.521369999995,8.0,False,,,,-1.7399469791979931,0.7795801341183227,stop,-2.4723348917292425,1.5825018298397913,stop
BTC,cell,M1xQ1,M1,Q1,116,9969,39780,2022-03-08 17:00:00+00:00,38309.74,38006.015428451596,38620.27658243753,P2,traded,0.3128684051996549,False,False,False,0.6171662534578989,0.4052619974221758,target,39780.0,2022-03-08 17:00:00+00:00,38620.27658243753,target,322.8794415484008,38328.89487,1.0,,12.307328699857102,True,True,-0.09850366288475929,1.0602762085393345,target,-1.132426957152971,1.992188540006239,target
BTC,cell,M1xQ1,M1,Q1,117,10006,39939,2022-03-15 08:00:00+00:00,38439.5,38000.92425947491,39014.50762248679,P2,traded,0.5915772454118067,False,False,False,1.028513820100367,0.2825655884377145,target,39945.0,2022-03-15 14:00:00+00:00,39014.50762248679,target,457.7954905250881,38458.71975,7.0,,5.9054587331393895,True,True,0.5032821910457866,0.7527538215135736,target,-0.30076871938971955,1.4595093029151542,target
BTC,cell,M1xQ1,M1,Q1,118,10151,40522,2022-04-08 15:00:00+00:00,43750.15,42665.84791376859,43446.11308637963,P2,no_tight_invalidation,1.4834967924743003,False,False,False,,,,,,,,,,,,,,,,,,,,
BTC,cell,M1xQ1,M1,Q1,119,10203,40742,2022-04-17 19:00:00+00:00,40119.99,39784.067215182324,41346.047137314796,P2,traded,0.6128771153505198,False,False,False,-1.3805829712137025,0.38058297121370255,stop,40746.0,2022-04-17 23:00:00+00:00,39744.283147967144,stop,355.98277981767023,40140.049994999994,5.0,False,,,,-2.0542596094335366,1.1106106357676486,stop,-3.03487143754124,2.186801667738072,stop
BTC,cell,M1xQ1,M1,Q1,120,10244,40892,2022-04-24 01:00:00+00:00,39560.55,39274.7340793746,41077.02754218719,P2,traded,0.4500988657716634,False,True,False,-1.4413206033134716,0.44132060331347145,stop,40907.0,2022-04-24 16:00:00+00:00,39235.459345295225,stop,305.5961956254032,39580.330275,16.0,False,,,,-2.211733181844068,1.2764600183791792,stop,-3.3041841086879202,2.4761083887493656,stop
BTC,cell,M1xQ1,M1,Q1,121,10261,40948,2022-04-26 09:00:00+00:00,40511.93,40361.969370121136,40854.574838169145,P2,traded,0.23675090491623363,False,False,False,-1.8628814049175428,0.862881404917543,stop,40948.0,2022-04-26 09:00:00+00:00,40321.60740075102,stop,170.21659487886063,40532.185965,1.0,False,,,,-3.2321437094701206,2.3511448269252804,stop,-4.872673185795601,4.161043709126201,stop
BTC,cell,M1xQ1,M1,Q1,122,10297,41097,2022-05-02 14:00:00+00:00,38916.27,38160.77653793133,40257.315179989506,P2,no_tight_invalidation,1.223617188535585,False,False,False,,,,,,,,,,,,,,,,,,,,
BTC,cell,M1xQ1,M1,Q1,123,10347,41366,2022-05-13 19:00:00+00:00,30131.99,29222.01378590965,36070.8447222484,P2,traded,0.8407535620219666,False,False,False,-1.1043614158117172,0.10436141581171732,stop,41370.0,2022-05-13 23:00:00+00:00,29192.79177212374,stop,925.0422090903485,30147.055995,5.0,False,,,,-1.301012615069368,0.3172994340403775,stop,-1.6257971050737452,0.6731162067025855,stop
BTC,cell,M1xQ1,M1,Q1,124,10400,41504,2022-05-19 13:00:00+00:00,29498.45,29298.64708431724,35296.16270454585,P2,traded,0.2608902977941441,False,False,False,3.28424676765923,0.47846108588218134,time24,41528.0,2022-05-20 13:00:00+00:00,30235.124875,time24,214.5521406827611,29513.199225,25.0,,,,,2.1951898838259587,1.308853457841828,time24,0.6078568701881629,2.472651961594375,time24
BTC,cell,M1xQ1,M1,Q1,125,10534,42044,2022-06-11 01:00:00+00:00,29233.79,28905.167469255884,29116.74211682596,P2,target_below_entry,0.5759414927174322,False,False,False,,,,,,,,,,,,,,,,,,,,
BTC,cell,M1xQ1,M1,Q1,126,10650,42613,2022-07-04 18:00:00+00:00,19899.41,18705.91540880897,21407.296841069987,P2,no_tight_invalidation,3.0467449612062496,False,False,False,,,,,,,,,,,,,,,,,,,,
BTC,cell,M1xQ1,M1,Q1,128,10965,43770,2022-08-21 23:00:00+00:00,21567.23,21232.083727493795,21549.949154830014,P2,target_below_entry,0.9023728613170697,False,False,False,,,,,,,,,,,,,,,,,,,,
BTC,cell,M1xQ1,M1,Q1,130,11015,44013,2022-09-01 02:00:00+00:00,20127.45,19869.00799125443,20906.407765774315,P2,traded,0.7995474202511456,False,False,False,-1.2476158310973668,0.24761583109736696,stop,44018.0,2022-09-01 07:00:00+00:00,19849.138983263176,stop,268.50573374556916,20137.513725,6.0,False,,,,-1.6994746322398055,0.7369551167703003,stop,-2.397356953776002,1.5019574526105834,stop
BTC,cell,M1xQ1,M1,Q1,131,11052,44122,2022-09-05 15:00:00+00:00,19843.81,19606.31125052244,20663.34761192379,P2,traded,0.8946452030528885,False,False,False,-0.28838969531699193,0.2673369528878263,time24,44146.0,2022-09-06 15:00:00+00:00,19828.890595,time24,247.42065447755886,19853.731905,25.0,,,,,-0.7740191493082065,0.753810650504589,time24,-1.5183257800217924,1.4996177186647623,time24
BTC,cell,M1xQ1,M1,Q1,132,11069,44207,2022-09-09 04:00:00+00:00,19949.59,19014.760236080077,20369.177991660476,P2,no_tight_invalidation,2.8572498572746072,False,False,False,,,,,,,,,,,,,,,,,,,,
BTC,cell,M1xQ1,M1,Q1,133,11127,44430,2022-09-18 11:00:00+00:00,19915.39,19733.66398565328,19817.783682331898,P2,target_below_entry,0.5168086366227564,False,True,False,,,,,,,,,,,,,,,,,,,,
BTC,cell,M1xQ1,M1,Q1,134,11144,44483,2022-09-20 16:00:00+00:00,19238.09,18723.548669677988,19504.492156361404,P2,no_tight_invalidation,1.2690829340451883,False,False,False,,,,,,,,,,,,,,,,,,,,
BTC,cell,M1xQ1,M1,Q1,135,11274,45008,2022-10-12 13:00:00+00:00,19075.88,18941.71271295941,19135.66916324036,P2,traded,0.680081977022516,False,False,False,-0.010056962845327776,0.4556884171227738,target,45008.0,2022-10-12 13:00:00+00:00,19135.66916324036,target,143.70522704059113,19085.41794,1.0,,0.7142456741023717,True,False,-0.7673857441671198,1.1834399439456067,target,-1.8287752419650962,2.1960731693925615,target
BTC,cell,M1xQ1,M1,Q1,136,11283,45036,2022-10-13 17:00:00+00:00,19084.62,18845.02759914288,19017.454947890994,P2,target_below_entry,0.971899628303478,False,False,False,,,,,,,,,,,,,,,,,,,,
BTC,cell,M1xQ1,M1,Q1,137,11440,45665,2022-11-08 22:00:00+00:00,18700.79,17685.615790827564,19274.29082626214,P2,no_tight_invalidation,1.8458149440693905,False,False,False,,,,,,,,,,,,,,,,,,,,
BTC,cell,M1xQ1,M1,Q1,138,11465,45809,2022-11-14 22:00:00+00:00,16407.87,16129.33091565586,16681.064993698852,P2,traded,0.5068107956997067,False,False,False,0.7907425208478468,0.19007133636049206,target,45810.0,2022-11-14 23:00:00+00:00,16681.064993698852,target,286.743019344136,16416.073934999997,2.0,,1.5819914547134153,False,False,0.4393588220089188,0.5133932077483491,target,-0.11939042583137748,1.0205752921859026,target
BTC,cell,M1xQ1,M1,Q1,139,11495,45903,2022-11-18 20:00:00+00:00,16656.36,16520.749409677595,16702.760765648385,P2,traded,0.4280129570613722,False,False,False,-0.051425390598721386,0.39358720508584816,target,45906.0,2022-11-18 23:00:00+00:00,16702.760765648385,target,143.93877032240562,16664.68818,4.0,,0.04174854584456529,False,False,-0.7091258296476547,1.0314904402696046,target,-1.6543906371681796,1.9433207283560732,target
BTC,cell,M1xQ1,M1,Q1,140,11512,45952,2022-11-20 21:00:00+00:00,16538.84,16429.5176653239,16694.140493603987,P2,traded,0.5789124509467067,False,False,False,-1.482512310231973,0.48251231023197316,stop,45952.0,2022-11-20 21:00:00+00:00,16413.088147658575,stop,117.59175467610112,16547.10942,1.0,False,,,,-2.3169490316395844,1.3872721595049533,stop,-3.4797168699741197,2.664672882880112,stop
BTC,cell,M1xQ1,M1,Q1,141,11558,46136,2022-11-28 13:00:00+00:00,16185.77,16143.167895677443,16531.997206358814,P2,traded,0.2588597539003123,False,False,False,-2.2141724324564738,1.2141724324564738,stop,46138.0,2022-11-28 15:00:00+00:00,16127.024727781765,stop,50.69498932255556,16193.862884999999,3.0,True,,,,-3.996171769618677,3.155810525009389,stop,-5.878094620871207,5.241108666254681,stop
BTC,cell,M1xQ1,M1,Q1,142,11692,46672,2022-12-20 21:00:00+00:00,16858.86,16811.75068907167,16769.004978041525,P2,target_below_entry,0.24675714333603785,False,False,False,,,,,,,,,,,,,,,,,,,,
BTC,cell,M1xQ1,M1,Q1,143,11755,46926,2022-12-31 11:00:00+00:00,16565.74,16529.702814564927,16745.020654449178,P2,traded,0.34664934305519846,False,False,False,-2.46939079353756,1.46939079353756,stop,46937.0,2022-12-31 22:00:00+00:00,16513.173111750362,stop,44.3200554350733,16574.02287,12.0,False,,,,-4.508477695063141,3.6953653223165213,stop,-6.485633323432425,5.893751667332488,stop
BTC,cell,M1xQ1,M1,Q1,144,11994,47880,2023-02-09 05:00:00+00:00,22569.04,22316.371032262225,22688.953906851733,P2,traded,0.9106980967436814,False,True,False,0.18799743010018977,0.2865915466362845,target,47881.0,2023-02-09 06:00:00+00:00,22688.953906851733,target,263.9534877377737,22580.32452,2.0,,0.5397014995679483,True,True,-0.3087725160957543,0.7630718999738022,target,-1.05907742668286,1.4775921864070138,target
BTC,cell,M1xQ1,M1,Q1,145,12094,48280,2023-02-25 21:00:00+00:00,22923.32,22689.6269262348,22981.33212253461,P2,traded,0.6690556567600993,False,False,False,-0.06604954358618181,0.31429020215571596,target,48281.0,2023-02-25 22:00:00+00:00,22981.33212253461,target,245.1547337651973,22934.781659999997,2.0,,2.890655491662354,True,True,-0.5967546010845141,0.8333893241577159,target,-1.3855986020867008,1.60199872033518,target
BTC,cell,M1xQ1,M1,Q1,147,12186,48657,2023-03-13 14:00:00+00:00,22479.64,21884.5982337666,21352.644039218234,P2,no_tight_invalidation,1.2586385422610504,False,False,False,,,,,,,,,,,,,,,,,,,,
BTC,cell,M1xQ1,M1,Q1,148,12451,49719,2023-04-26 21:00:00+00:00,28413.38,27125.218551742655,28083.532864067398,P2,no_tight_invalidation,3.3976223181053316,False,True,False,,,,,,,,,,,,,,,,,,,,
BTC,cell,M1xQ1,M1,Q1,149,12489,49880,2023-05-03 14:00:00+00:00,28373.55,28082.062910354754,28386.50126189336,P2,traded,0.660499771723137,False,False,False,-0.26712956728352094,0.3115612500353183,target,49882.0,2023-05-03 16:00:00+00:00,28386.50126189336,target,305.67386464524316,28387.736774999998,3.0,,3.249635814496181,False,False,-0.7841275967108369,0.8264971395188003,target,-1.5510119223767946,1.5897826516971105,target
BTC,cell,M1xQ1,M1,Q1,150,12536,50047,2023-05-10 13:00:00+00:00,28175.27,27597.26530775403,27777.787962745362,P2,no_tight_invalidation,1.6929678767461394,False,False,False,,,,,,,,,,,,,,,,,,,,
BTC,cell,M1xQ1,M1,Q1,151,12583,50241,2023-05-18 15:00:00+00:00,27245.0,26984.151316888387,27263.160379509474,P2,traded,0.8267631511518567,False,False,False,-0.26472311945003846,0.33434348054537794,target,50241.0,2023-05-18 15:00:00+00:00,27263.160379509474,target,274.471183111611,27258.622499999998,1.0,,-0.527561319435826,False,False,-0.8177674830555572,0.883932460025433,target,-1.6301040109352227,1.6902942841986102,target
BTC,cell,M1xQ1,M1,Q1,152,12626,50432,2023-05-26 14:00:00+00:00,26539.98,26140.853415310725,27077.860276105115,P2,no_tight_invalidation,1.4538875457606015,False,False,False,,,,,,,,,,,,,,,,,,,,
BTC,cell,M1xQ1,M1,Q1,153,12699,50700,2023-06-06 18:00:00+00:00,26669.16,26012.771171598186,26137.42317933518,P2,no_tight_invalidation,2.1186469509857067,True,False,False,,,,,,,,,,,,,,,,,,,,
BTC,cell,M1xQ1,M1,Q1,154,12729,50844,2023-06-12 18:00:00+00:00,25804.55,25615.040404576015,25845.92721220661,P2,traded,0.6325523699545207,False,False,False,-0.21773858595709475,0.4360769350736086,target,50844.0,2023-06-12 18:00:00+00:00,25845.92721220661,target,202.4118704239845,25817.452275,1.0,,2.901424637612555,True,True,-0.9313251058092074,1.1357459834975556,target,-1.9361297258649328,2.117436628013953,target
BTC,cell,M1xQ1,M1,Q1,155,12758,50937,2023-06-16 15:00:00+00:00,25616.0,25137.116105761073,25688.067750254937,P2,no_tight_invalidation,1.6118256060477696,False,False,False,,,,,,,,,,,,,,,,,,,,
BTC,cell,M1xQ1,M1,Q1,156,12946,51688,2023-07-17 22:00:00+00:00,30242.6,29842.161460108742,30073.87012769079,P2,no_tight_invalidation,1.4220672454333767,False,False,False,,,,,,,,,,,,,,,,,,,,
BTC,cell,M1xQ1,M1,Q1,157,12995,51885,2023-07-26 03:00:00+00:00,29288.57,29073.677060667975,29779.99598927051,P2,traded,0.9879760320404352,False,False,False,0.25718764037475816,0.4372511832732749,time24,51909.0,2023-07-27 03:00:00+00:00,29423.0811,time24,229.53722433202347,29303.214285,25.0,,,,,-0.5523445096365173,1.2024787108941735,time24,-1.7150702196379697,2.29163562875853,time24
BTC,cell,M1xQ1,M1,Q1,159,13075,52204,2023-08-08 10:00:00+00:00,29204.0,29152.386760319867,29466.285171189294,P2,traded,0.2888281653435772,False,False,False,3.26297508079534,1.818766984123961,target,52206.0,2023-08-08 12:00:00+00:00,29466.285171189294,target,66.21523968013207,29218.602,3.0,,11.745254303505291,False,False,0.018223071850671936,3.942876706030119,target,-3.0021410131040445,5.750907111728728,target
BTC,cell,M1xQ1,M1,Q1,162,13158,52536,2023-08-22 06:00:00+00:00,26041.39,25979.116125568657,27471.078869460373,P2,traded,0.248500458003732,False,True,False,-2.3365606453902963,1.3365606453902963,stop,52543.0,2023-08-22 13:00:00+00:00,25953.13700944309,stop,75.2945694313421,26054.410695,8.0,False,,,,-4.246061679217062,3.4189917470604314,stop,-6.18058324742297,5.5660543597428385,stop
BTC,cell,M1xQ1,M1,Q1,164,13227,52813,2023-09-02 19:00:00+00:00,25809.62,25739.82927450705,26939.77252589718,P2,traded,0.23632636861376882,False,False,False,0.5959274345729948,1.1862577930697205,time24,52837.0,2023-09-03 19:00:00+00:00,25921.033000000003,time24,82.6955354929487,25822.52481,25.0,,,,,-1.4367734859414145,2.940845008769956,time24,-3.67013858179187,4.816443560895688,time24
BTC,cell,M1xQ1,M1,Q1,165,13247,52929,2023-09-07 15:00:00+00:00,25768.76,25593.77755497045,26806.44986129425,P2,traded,0.8454204523727465,False,False,False,-0.11475436862598365,0.4718187586535219,time24,52953.0,2023-09-08 15:00:00+00:00,25818.324380000002,time24,187.86682502954864,25781.644379999998,25.0,,,,,-0.9583377414489147,1.290913756347639,time24,-2.1470168181230256,2.4394774584763663,time24
BTC,cell,M1xQ1,M1,Q1,166,13288,53059,2023-09-13 01:00:00+00:00,25919.52,25713.89822151487,26634.624212225153,P2,traded,0.6113657671445374,False,False,False,2.521977836299595,0.40806198943595073,time24,53083.0,2023-09-14 01:00:00+00:00,26508.739,time24,218.58153848512666,25932.47976,25.0,,,,,1.6287108402443027,1.1276061121180543,time24,0.2978654589195915,2.166254752799826,time24
BTC,cell,M1xQ1,M1,Q1,167,13364,53359,2023-09-25 13:00:00+00:00,26103.58,25964.759315170355,26302.08393141999,P2,traded,0.7506908745815862,False,False,False,0.8259206419447911,0.6040098591443128,target,53362.0,2023-09-25 16:00:00+00:00,26302.08393141999,target,151.8724748296445,26116.63179,4.0,,0.9485989396143665,True,True,-0.22852373116920988,1.5355672335724693,target,-1.6388546473367243,2.754195312742477,target
BTC,cell,M1xQ1,M1,Q1,168,13459,53740,2023-10-11 10:00:00+00:00,27285.44,26986.60750209219,27154.671107102877,P2,no_tight_invalidation,1.257987097815958,False,False,False,,,,,,,,,,,,,,,,,,,,
BTC,cell,M1xQ1,M1,Q1,169,13469,53796,2023-10-13 18:00:00+00:00,26768.26,26659.95450565655,26874.09292514684,P2,traded,0.46611635291262327,False,False,False,0.1847104857226257,0.792459931977844,target,53798.0,2023-10-13 20:00:00+00:00,26874.09292514684,target,121.68962434344576,26781.644129999997,3.0,,2.102949008461975,True,True,-1.0921662483703065,1.9618618014451432,target,-2.667349142921384,3.3802309518928952,target
BTC,cell,M2xQ0,M2,Q0,0,164,700,2017-09-15 15:00:00+00:00,3750.01,3092.2458202489825,3642.377638206508,P1,gap_in_window,3.777276866249346,False,False,False,,,,,,,,,,,,,,,,,,,,
BTC,cell,M2xQ0,M2,Q0,2,901,3625,2018-01-15 13:00:00+00:00,14190.03,13071.341938081556,13679.718157083953,P1,no_tight_invalidation,1.591426881343223,False,False,False,,,,,,,,,,,,,,,,,,,,
BTC,cell,M2xQ0,M2,Q0,18,1967,7837,2018-07-13 22:00:00+00:00,6220.5,6097.2534026839885,6307.287597767916,P1,no_tight_invalidation,1.2325377424541675,True,False,False,,,,,,,,,,,,,,,,,,,,
BTC,cell,M2xQ0,M2,Q0,25,2517,10073,2018-10-15 02:00:00+00:00,6378.01,6292.491043095883,6368.848038631801,P1,no_tight_invalidation,1.1693069545616341,False,False,False,,,,,,,,,,,,,,,,,,,,
BTC,cell,M2xQ0,M2,Q0,35,3122,12437,2019-01-22 00:00:00+00:00,3526.88,3470.299541620966,3570.576896679677,P1,no_tight_invalidation,1.2585712636682964,False,False,False,,,,,,,,,,,,,,,,,,,,
BTC,cell,M2xQ0,M2,Q0,37,3222,12849,2019-02-08 04:00:00+00:00,3403.77,3370.0981732799632,3422.163460847806,P1,no_tight_invalidation,1.1294034020318349,False,False,False,,,,,,,,,,,,,,,,,,,,
BTC,cell,M2xQ0,M2,Q0,46,4447,17760,2019-09-01 19:00:00+00:00,9599.98,9507.26553742056,9633.398550097485,P1,traded,0.5596075508418802,False,False,False,0.028530008627974834,0.3319159149931858,target,17762.0,2019-09-01 21:00:00+00:00,9633.398550097485,target,97.51445257943851,9604.779989999999,3.0,,5.65271542137277,False,False,-0.5351185223381582,0.87782208282076,target,-1.3678111496944658,1.6798003867443023,target
BTC,cell,M2xQ0,M2,Q0,75,6671,26727,2020-09-10 02:00:00+00:00,10380.41,10047.560253493215,10215.967175854596,P1,no_tight_invalidation,1.1725766489470377,False,True,False,,,,,,,,,,,,,,,,,,,,
BTC,cell,M2xQ0,M2,Q0,81,7544,30116,2021-01-29 12:00:00+00:00,37023.83,35205.1752723292,32565.4048562501,P2,no_tight_invalidation,1.4993079306465893,True,False,False,,,,,,,,,,,,,,,,,,,,
BTC,cell,M2xQ0,M2,Q0,98,8981,35839,2021-09-25 10:00:00+00:00,42649.28,41496.919919691296,43281.62049439294,P2,traded,0.8767606659906075,False,False,False,-1.1168332035898356,0.11683320358983566,stop,35860.0,2021-09-26 07:00:00+00:00,41455.4229997716,stop,1173.6847203087018,42670.60464,22.0,True,,,,-1.3363988890499374,0.35456785694311244,stop,-1.6968707888058379,0.7494664738592587,stop
BTC,cell,M2xQ0,M2,Q0,101,9181,36639,2021-10-28 20:00:00+00:00,61288.87,57623.85213030494,60593.853906627664,P2,no_tight_invalidation,3.206967850476,True,False,False,,,,,,,,,,,,,,,,,,,,
BTC,cell,M2xQ0,M2,Q0,119,10203,40743,2022-04-17 20:00:00+00:00,40370.46,39784.067215182324,40402.98539101342,P2,no_tight_invalidation,1.0698491875639697,False,False,False,,,,,,,,,,,,,,,,,,,,
BTC,cell,M2xQ0,M2,Q0,144,11994,47881,2023-02-09 06:00:00+00:00,22602.5,22316.371032262225,23006.15615429352,P2,no_tight_invalidation,1.0312984165608228,False,True,False,,,,,,,,,,,,,,,,,,,,
BTC,cell,M2xQ0,M2,Q0,145,12094,48281,2023-02-25 22:00:00+00:00,22933.68,22689.6269262348,23550.464319227507,P2,traded,0.698715999244187,False,False,False,2.2225070962990037,0.3047477737662857,target,48303.0,2023-02-26 20:00:00+00:00,23550.464319227507,target,255.519913765198,22945.146839999998,23.0,,0.4012825429595083,True,True,1.6047121585034019,0.8091283525507831,target,0.654774503517042,1.5602600050610338,target
BTC,cell,M2xQ0,M2,Q0,155,12758,50938,2023-06-16 16:00:00+00:00,25840.0,25137.116105761073,25589.65285548182,P2,no_tight_invalidation,2.365763961666312,False,False,False,,,,,,,,,,,,,,,,,,,,
BTC,cell,M2xQ0,M2,Q0,160,13135,52453,2023-08-18 19:00:00+00:00,26124.01,25545.815445985747,27877.739521359763,P2,no_tight_invalidation,1.3658046879788945,False,False,False,,,,,,,,,,,,,,,,,,,,
BTC,cell,M2xQ1,M2,Q1,0,164,700,2017-09-15 15:00:00+00:00,3750.01,3092.2458202489825,3522.0394413334807,P1,gap_in_window,3.777276866249346,False,False,False,,,,,,,,,,,,,,,,,,,,
BTC,cell,M2xQ1,M2,Q1,2,901,3625,2018-01-15 13:00:00+00:00,14190.03,13071.341938081556,13308.259649862328,P1,no_tight_invalidation,1.591426881343223,False,False,False,,,,,,,,,,,,,,,,,,,,
BTC,cell,M2xQ1,M2,Q1,18,1967,7837,2018-07-13 22:00:00+00:00,6220.5,6097.2534026839885,6214.996521224925,P1,no_tight_invalidation,1.2325377424541675,True,False,False,,,,,,,,,,,,,,,,,,,,
BTC,cell,M2xQ1,M2,Q1,25,2517,10073,2018-10-15 02:00:00+00:00,6378.01,6292.491043095883,6328.973474825201,P1,no_tight_invalidation,1.1693069545616341,False,False,False,,,,,,,,,,,,,,,,,,,,
BTC,cell,M2xQ1,M2,Q1,35,3122,12437,2019-01-22 00:00:00+00:00,3526.88,3470.299541620966,3602.442564912339,P1,no_tight_invalidation,1.2585712636682964,False,False,False,,,,,,,,,,,,,,,,,,,,
BTC,cell,M2xQ1,M2,Q1,37,3222,12849,2019-02-08 04:00:00+00:00,3403.77,3370.0981732799632,3534.253944696945,P1,no_tight_invalidation,1.1294034020318349,False,False,False,,,,,,,,,,,,,,,,,,,,
BTC,cell,M2xQ1,M2,Q1,46,4447,17760,2019-09-01 19:00:00+00:00,9599.98,9507.26553742056,10192.659033713231,P1,traded,0.5596075508418802,False,False,False,5.259797818297959,0.340299356995862,time24,17784.0,2019-09-02 19:00:00+00:00,10114.130405000002,time24,97.51445257943851,9604.779989999999,25.0,,,,,4.374028465098918,0.9504130537316909,time24,2.987954779778525,1.8592911748218386,time24
BTC,cell,M2xQ1,M2,Q1,75,6671,26727,2020-09-10 02:00:00+00:00,10380.41,10047.560253493215,10465.070973135036,P1,no_tight_invalidation,1.1725766489470377,False,True,False,,,,,,,,,,,,,,,,,,,,
BTC,cell,M2xQ1,M2,Q1,81,7544,30116,2021-01-29 12:00:00+00:00,37023.83,35205.1752723292,32375.821253515383,P2,no_tight_invalidation,1.4993079306465893,True,False,False,,,,,,,,,,,,,,,,,,,,
BTC,cell,M2xQ1,M2,Q1,98,8981,35839,2021-09-25 10:00:00+00:00,42649.28,41496.919919691296,44812.47908412437,P2,traded,0.8767606659906075,False,False,False,-1.1168332035898356,0.11683320358983566,stop,35860.0,2021-09-26 07:00:00+00:00,41455.4229997716,stop,1173.6847203087018,42670.60464,22.0,False,,,,-1.3363988890499374,0.35456785694311244,stop,-1.6968707888058379,0.7494664738592587,stop
BTC,cell,M2xQ1,M2,Q1,101,9181,36639,2021-10-28 20:00:00+00:00,61288.87,57623.85213030494,59834.637687334856,P2,no_tight_invalidation,3.206967850476,True,False,False,,,,,,,,,,,,,,,,,,,,
BTC,cell,M2xQ1,M2,Q1,119,10203,40743,2022-04-17 20:00:00+00:00,40370.46,39784.067215182324,41343.21296552249,P2,no_tight_invalidation,1.0698491875639697,False,False,False,,,,,,,,,,,,,,,,,,,,
BTC,cell,M2xQ1,M2,Q1,144,11994,47881,2023-02-09 06:00:00+00:00,22602.5,22316.371032262225,22675.69833339665,P2,no_tight_invalidation,1.0312984165608228,False,True,False,,,,,,,,,,,,,,,,,,,,
BTC,cell,M2xQ1,M2,Q1,145,12094,48281,2023-02-25 22:00:00+00:00,22933.68,22689.6269262348,22974.577967504847,P2,traded,0.698715999244187,False,False,False,-0.13339412096272904,0.30097229104631495,target,48281.0,2023-02-25 22:00:00+00:00,22974.577967504847,target,255.519913765198,22945.146839999998,1.0,,2.7998288742088415,True,True,-0.6396046174187869,0.7996624653657326,target,-1.3955984917737474,1.5424738362497559,target
BTC,cell,M2xQ1,M2,Q1,155,12758,50938,2023-06-16 16:00:00+00:00,25840.0,25137.116105761073,25689.372560238244,P2,no_tight_invalidation,2.365763961666312,False,False,False,,,,,,,,,,,,,,,,,,,,
BTC,cell,M2xQ1,M2,Q1,160,13135,52453,2023-08-18 19:00:00+00:00,26124.01,25545.815445985747,27932.213608063197,P2,no_tight_invalidation,1.3658046879788945,False,False,False,,,,,,,,,,,,,,,,,,,,
BTC,cell,M3xQ0,M3,Q0,0,164,700,2017-09-15 15:00:00+00:00,3750.01,2823.262190231198,3642.377638206508,P1,gap_in_window,5.321942377604106,True,False,False,,,,,,,,,,,,,,,,,,,,
BTC,cell,M3xQ0,M3,Q0,5,1021,4182,2018-02-07 18:00:00+00:00,8284.31,7781.512390197222,7737.193239098269,P1,target_below_entry,0.9592244889654507,True,False,False,,,,,,,,,,,,,,,,,,,,
BTC,cell,M3xQ0,M3,Q0,15,1823,7255,2018-06-18 22:00:00+00:00,6723.47,6435.083023509761,6504.209389022992,P1,no_tight_invalidation,2.450326234640084,True,False,False,,,,,,,,,,,,,,,,,,,,
BTC,cell,M3xQ0,M3,Q0,25,2517,10084,2018-10-15 13:00:00+00:00,6933.99,6685.345151187517,6470.482578228649,P1,no_tight_invalidation,3.399739209381807,True,False,False,,,,,,,,,,,,,,,,,,,,
BTC,cell,M3xQ0,M3,Q0,54,4779,19062,2019-10-26 01:00:00+00:00,9200.18,8397.50794881907,7878.39718849541,P1,no_tight_invalidation,6.879111458211288,True,False,False,,,,,,,,,,,,,,,,,,,,
BTC,cell,M3xQ0,M3,Q0,58,5019,20028,2019-12-05 11:00:00+00:00,7372.06,7171.841850673275,7308.462202577028,P1,no_tight_invalidation,1.5649736929048337,True,False,False,,,,,,,,,,,,,,,,,,,,
BTC,cell,M3xQ0,M3,Q0,60,5088,20352,2019-12-18 23:00:00+00:00,7422.6,6911.853353898887,6866.449986629714,P1,no_tight_invalidation,6.473590329047354,True,False,False,,,,,,,,,,,,,,,,,,,,
BTC,cell,M3xQ0,M3,Q0,61,5198,20727,2020-01-03 14:00:00+00:00,7348.36,7185.786336433311,7166.653152629665,P1,no_tight_invalidation,1.6919138282639694,True,False,True,,,,,,,,,,,,,,,,,,,,
BTC,cell,M3xQ0,M3,Q0,81,7544,30113,2021-01-29 09:00:00+00:00,36223.22,31686.53083358889,32095.94010427643,P2,no_tight_invalidation,3.7400689325950327,True,False,False,,,,,,,,,,,,,,,,,,,,
BTC,cell,M3xQ0,M3,Q0,101,9181,36632,2021-10-28 13:00:00+00:00,61095.29,58832.21018743911,60455.619259896965,P2,no_tight_invalidation,1.980242514492266,True,False,False,,,,,,,,,,,,,,,,,,,,
BTC,cell,M3xQ0,M3,Q0,153,12699,50700,2023-06-06 18:00:00+00:00,26669.16,26012.771171598186,26427.32727078458,P2,no_tight_invalidation,2.1186469509857067,True,False,False,,,,,,,,,,,,,,,,,,,,
BTC,cell,M3xQ0,M3,Q0,159,13075,52207,2023-08-08 13:00:00+00:00,29578.56,29261.075108390214,29150.389494681225,P2,no_tight_invalidation,1.7766483820091563,True,False,False,,,,,,,,,,,,,,,,,,,,
BTC,cell,M3xQ0,M3,Q0,168,13459,53750,2023-10-11 20:00:00+00:00,26763.19,26502.38181212395,27354.3858038252,P2,no_tight_invalidation,1.0979171865506003,True,False,False,,,,,,,,,,,,,,,,,,,,
BTC,cell,M3xQ1,M3,Q1,0,164,700,2017-09-15 15:00:00+00:00,3750.01,2823.262190231198,3522.0394413334807,P1,gap_in_window,5.321942377604106,True,False,False,,,,,,,,,,,,,,,,,,,,
BTC,cell,M3xQ1,M3,Q1,5,1021,4182,2018-02-07 18:00:00+00:00,8284.31,7781.512390197222,9343.197849589396,P1,traded,0.9592244889654507,True,False,False,-1.0511245784052126,0.05112457840521253,stop,4186.0,2018-02-07 22:00:00+00:00,7773.730877807025,stop,506.93976480277706,8288.452154999999,5.0,False,,,,-1.1484252890622217,0.1565961907897889,stop,-1.3132941999408891,0.33741276428545536,stop
BTC,cell,M3xQ1,M3,Q1,15,1823,7255,2018-06-18 22:00:00+00:00,6723.47,6435.083023509761,7557.409808958951,P1,no_tight_invalidation,2.450326234640084,True,False,False,,,,,,,,,,,,,,,,,,,,
BTC,cell,M3xQ1,M3,Q1,25,2517,10084,2018-10-15 13:00:00+00:00,6933.99,6685.345151187517,6568.78175498337,P1,no_tight_invalidation,3.399739209381807,True,False,False,,,,,,,,,,,,,,,,,,,,
BTC,cell,M3xQ1,M3,Q1,54,4779,19062,2019-10-26 01:00:00+00:00,9200.18,8397.50794881907,7967.520510040051,P1,no_tight_invalidation,6.879111458211288,True,False,False,,,,,,,,,,,,,,,,,,,,
BTC,cell,M3xQ1,M3,Q1,58,5019,20028,2019-12-05 11:00:00+00:00,7372.06,7171.841850673275,7950.628814525782,P1,no_tight_invalidation,1.5649736929048337,True,False,False,,,,,,,,,,,,,,,,,,,,
BTC,cell,M3xQ1,M3,Q1,60,5088,20352,2019-12-18 23:00:00+00:00,7422.6,6911.853353898887,7754.097589406505,P1,no_tight_invalidation,6.473590329047354,True,False,False,,,,,,,,,,,,,,,,,,,,
BTC,cell,M3xQ1,M3,Q1,61,5198,20727,2020-01-03 14:00:00+00:00,7348.36,7185.786336433311,7162.487059274362,P1,no_tight_invalidation,1.6919138282639694,True,False,True,,,,,,,,,,,,,,,,,,,,
BTC,cell,M3xQ1,M3,Q1,81,7544,30113,2021-01-29 09:00:00+00:00,36223.22,31686.53083358889,32092.091523307517,P2,no_tight_invalidation,3.7400689325950327,True,False,False,,,,,,,,,,,,,,,,,,,,
BTC,cell,M3xQ1,M3,Q1,101,9181,36632,2021-10-28 13:00:00+00:00,61095.29,58832.21018743911,59658.845142844715,P2,no_tight_invalidation,1.980242514492266,True,False,False,,,,,,,,,,,,,,,,,,,,
BTC,cell,M3xQ1,M3,Q1,153,12699,50700,2023-06-06 18:00:00+00:00,26669.16,26012.771171598186,26137.42317933518,P2,no_tight_invalidation,2.1186469509857067,True,False,False,,,,,,,,,,,,,,,,,,,,
BTC,cell,M3xQ1,M3,Q1,159,13075,52207,2023-08-08 13:00:00+00:00,29578.56,29261.075108390214,29465.907131259915,P2,no_tight_invalidation,1.7766483820091563,True,False,False,,,,,,,,,,,,,,,,,,,,
BTC,cell,M3xQ1,M3,Q1,168,13459,53750,2023-10-11 20:00:00+00:00,26763.19,26502.38181212395,26986.240949939027,P2,no_tight_invalidation,1.0979171865506003,True,False,False,,,,,,,,,,,,,,,,,,,,
