coin,kind,cell,mech,q,event,t4,e,t_entry,entry_raw,stop,target,block,status,entry_to_stop_atr4,flow_flag,harami,hikkake,r_net_K0,cost_R_K0,reason_K0,exit_b,t_exit,exit_px,reason,R,entry_fill,bars_held,stop_then_target,mfe_after_target_R,new20d_high,new30d_high,r_net_K1,cost_R_K1,reason_K1,r_net_K2,cost_R_K2,reason_K2,sig_t4
XRP,control,M1xQ0,M1,Q0,2,222,894,2018-06-10 14:00:00+00:00,0.62316,0.6079526793040156,0.6570936527756872,P1,no_tight_invalidation,1.1114628260444086,False,False,False,,,,,,,,,,,,,,,,,,,,,461
XRP,control,M1xQ0,M1,Q0,16,1068,4307,2018-10-31 16:00:00+00:00,0.45588,0.436337369285256,0.45185876289484994,P1,no_tight_invalidation,2.7538742098903897,False,False,False,,,,,,,,,,,,,,,,,,,,,1261
XRP,control,M1xQ0,M1,Q0,55,4077,16414,2020-03-20 21:00:00+00:00,0.15216,0.12906123502456907,0.1560619936934705,P1,no_tight_invalidation,1.9788745037343807,False,False,False,,,,,,,,,,,,,,,,,,,,,3648
XRP,control,M1xQ0,M1,Q0,69,5767,23044,2020-12-22 12:00:00+00:00,0.48576,0.4468436474939373,0.5324861528965743,P1,gap_in_window,1.441124344857753,False,False,False,,,,,,,,,,,,,,,,,,,,,5451
XRP,control,M1xQ0,M1,Q0,82,6874,27472,2021-06-25 08:00:00+00:00,0.651,0.6384362941823777,0.6541254980006874,P2,traded,0.31064822876919324,False,False,False,-1.164210950227601,0.16421095022760113,stop,27472.0,2021-06-25 08:00:00+00:00,0.6377978578881953,stop,0.012889205817622318,0.6513255,1.0,True,,,,-1.469598707861222,0.49485239723554714,stop,-1.9598367581097642,1.0319553073513972,stop,6995
XRP,control,M1xQ0,M1,Q0,92,7742,30925,2021-11-16 11:00:00+00:00,1.0929,1.036870223060413,1.180200930648479,P2,no_tight_invalidation,2.045710877920857,False,False,False,,,,,,,,,,,,,,,,,,,,,8161
XRP,control,M1xQ0,M1,Q0,97,7907,31607,2021-12-14 21:00:00+00:00,0.8099,0.7565312749429172,0.8108120091169818,P2,no_tight_invalidation,1.8744859937526859,False,False,False,,,,,,,,,,,,,,,,,,,,,7407
XRP,control,M1xQ0,M1,Q0,98,8011,32012,2021-12-31 18:00:00+00:00,0.8307,0.8239862217649655,0.851140246356538,P2,traded,0.3013764721499874,False,False,False,-1.3943380108995127,0.3943380108995128,stop,32012.0,2021-12-31 18:00:00+00:00,0.8231622355432006,stop,0.007129128235034421,0.8311153499999999,1.0,True,,,,-2.0901686468273852,1.148429627175415,stop,-3.0969946668553656,2.2535369895295685,stop,8161
XRP,control,M1xQ0,M1,Q0,102,8156,32591,2022-01-24 21:00:00+00:00,0.6188,0.5483213742233819,0.6192161561212844,P2,no_tight_invalidation,2.585551075514094,False,False,False,,,,,,,,,,,,,,,,,,,,,7911
XRP,control,M1xQ0,M1,Q0,102,8156,32591,2022-01-24 21:00:00+00:00,0.6188,0.5483213742233819,0.6192161561212844,P2,no_tight_invalidation,2.585551075514094,False,False,False,,,,,,,,,,,,,,,,,,,,,8347
XRP,control,M1xQ0,M1,Q0,125,9907,39591,2022-11-12 13:00:00+00:00,0.3729,0.3608432184961466,0.3854506904305859,P2,traded,0.5605273919642043,False,False,False,-1.097371686566487,0.09737168656648713,stop,39595.0,2022-11-12 17:00:00+00:00,0.3604823752776504,stop,0.012243231503853425,0.37308645,5.0,False,,,,-1.2811212287849836,0.29635005133410564,stop,-1.5856170718624376,0.6299531664750507,stop,10059
XRP,control,M1xQ0,M1,Q0,125,9907,39591,2022-11-12 13:00:00+00:00,0.3729,0.3608432184961466,0.3854506904305859,P2,traded,0.5605273919642043,False,False,False,-1.097371686566487,0.09737168656648713,stop,39595.0,2022-11-12 17:00:00+00:00,0.3604823752776504,stop,0.012243231503853425,0.37308645,5.0,False,,,,-1.2811212287849836,0.29635005133410564,stop,-1.5856170718624376,0.6299531664750507,stop,10432
XRP,control,M1xQ0,M1,Q0,130,10887,43507,2023-04-24 18:00:00+00:00,0.4565,0.4453365608590334,0.467278209085006,P2,traded,0.9974372628079375,False,False,False,0.36997917468311314,0.13165835200430323,time24,43531.0,2023-04-25 18:00:00+00:00,0.46186895000000006,time24,0.01139168914096661,0.45672825,25.0,,,,,0.11259012988579699,0.3789963179800742,time24,-0.31040927151336317,0.7830553386357452,time24,10432
XRP,control,M1xQ0,M1,Q0,130,10887,43507,2023-04-24 18:00:00+00:00,0.4565,0.4453365608590334,0.467278209085006,P2,traded,0.9974372628079375,False,False,False,0.36997917468311314,0.13165835200430323,time24,43531.0,2023-04-25 18:00:00+00:00,0.46186895000000006,time24,0.01139168914096661,0.45672825,25.0,,,,,0.11259012988579699,0.3789963179800742,time24,-0.31040927151336317,0.7830553386357452,time24,10546
XRP,control,M1xQ0,M1,Q0,130,10887,43507,2023-04-24 18:00:00+00:00,0.4565,0.4453365608590334,0.467278209085006,P2,traded,0.9974372628079375,False,False,False,0.36997917468311314,0.13165835200430323,time24,43531.0,2023-04-25 18:00:00+00:00,0.46186895000000006,time24,0.01139168914096661,0.45672825,25.0,,,,,0.11259012988579699,0.3789963179800742,time24,-0.31040927151336317,0.7830553386357452,time24,10577
XRP,control,M1xQ0,M1,Q0,130,10887,43507,2023-04-24 18:00:00+00:00,0.4565,0.4453365608590334,0.467278209085006,P2,traded,0.9974372628079375,False,False,False,0.36997917468311314,0.13165835200430323,time24,43531.0,2023-04-25 18:00:00+00:00,0.46186895000000006,time24,0.01139168914096661,0.45672825,25.0,,,,,0.11259012988579699,0.3789963179800742,time24,-0.31040927151336317,0.7830553386357452,time24,10631
XRP,control,M1xQ0,M1,Q0,130,10887,43507,2023-04-24 18:00:00+00:00,0.4565,0.4453365608590334,0.467278209085006,P2,traded,0.9974372628079375,False,False,False,0.36997917468311314,0.13165835200430323,time24,43531.0,2023-04-25 18:00:00+00:00,0.46186895000000006,time24,0.01139168914096661,0.45672825,25.0,,,,,0.11259012988579699,0.3789963179800742,time24,-0.31040927151336317,0.7830553386357452,time24,10987
XRP,control,M1xQ0,M1,Q0,133,10972,43847,2023-05-08 22:00:00+00:00,0.4242,0.4087154134094258,0.4479919756530551,P2,no_tight_invalidation,2.2499733911878423,True,False,False,,,,,,,,,,,,,,,,,,,,,10857
XRP,control,M1xQ0,M1,Q0,137,11433,45706,2023-07-25 09:00:00+00:00,0.6871,0.6720547186705339,0.7255489822011698,P2,traded,0.7013150529717385,False,False,False,0.8293470708030083,0.1477034527528408,time24,45730.0,2023-07-26 09:00:00+00:00,0.7014491,time24,0.015388831329466113,0.68744355,25.0,,,,,0.5310475301884768,0.42419069975123136,time24,0.04182026012811611,0.8725902146824951,time24,11569
XRP,control,M1xQ0,M1,Q0,137,11433,45706,2023-07-25 09:00:00+00:00,0.6871,0.6720547186705339,0.7255489822011698,P2,traded,0.7013150529717385,False,False,False,0.8293470708030083,0.1477034527528408,time24,45730.0,2023-07-26 09:00:00+00:00,0.7014491,time24,0.015388831329466113,0.68744355,25.0,,,,,0.5310475301884768,0.42419069975123136,time24,0.04182026012811611,0.8725902146824951,time24,11929
XRP,control,M1xQ0,M1,Q0,142,11606,46378,2023-08-22 09:00:00+00:00,0.517,0.5135168037976673,0.5277696538656818,P2,traded,0.24127113338347175,False,False,False,-1.4733660667670783,0.4733660667670784,stop,46382.0,2023-08-22 13:00:00+00:00,0.5130032869938697,stop,0.003741696202332667,0.5172585,5.0,False,,,,-2.293695705748137,1.3627820200883507,stop,-3.4412202694383702,2.6233182551024448,stop,11569
XRP,control,M1xQ0,M1,Q0,142,11606,46378,2023-08-22 09:00:00+00:00,0.517,0.5135168037976673,0.5277696538656818,P2,traded,0.24127113338347175,False,False,False,-1.4733660667670783,0.4733660667670784,stop,46382.0,2023-08-22 13:00:00+00:00,0.5130032869938697,stop,0.003741696202332667,0.5172585,5.0,False,,,,-2.293695705748137,1.3627820200883507,stop,-3.4412202694383702,2.6233182551024448,stop,11929
XRP,control,M1xQ1,M1,Q1,2,222,894,2018-06-10 14:00:00+00:00,0.62316,0.6079526793040156,0.6287295191795669,P1,no_tight_invalidation,1.1114628260444086,False,False,False,,,,,,,,,,,,,,,,,,,,,461
XRP,control,M1xQ1,M1,Q1,16,1068,4307,2018-10-31 16:00:00+00:00,0.45588,0.436337369285256,0.49998051911177166,P1,no_tight_invalidation,2.7538742098903897,False,False,False,,,,,,,,,,,,,,,,,,,,,1261
XRP,control,M1xQ1,M1,Q1,55,4077,16414,2020-03-20 21:00:00+00:00,0.15216,0.12906123502456907,0.19264515208435937,P1,no_tight_invalidation,1.9788745037343807,False,False,False,,,,,,,,,,,,,,,,,,,,,3648
XRP,control,M1xQ1,M1,Q1,69,5767,23044,2020-12-22 12:00:00+00:00,0.48576,0.4468436474939373,0.49604096311036766,P1,gap_in_window,1.441124344857753,False,False,False,,,,,,,,,,,,,,,,,,,,,5451
XRP,control,M1xQ1,M1,Q1,82,6874,27472,2021-06-25 08:00:00+00:00,0.651,0.6384362941823777,0.8662240292839563,P2,traded,0.31064822876919324,False,False,False,-1.164210950227601,0.16421095022760113,stop,27472.0,2021-06-25 08:00:00+00:00,0.6377978578881953,stop,0.012889205817622318,0.6513255,1.0,False,,,,-1.469598707861222,0.49485239723554714,stop,-1.9598367581097642,1.0319553073513972,stop,6995
XRP,control,M1xQ1,M1,Q1,92,7742,30925,2021-11-16 11:00:00+00:00,1.0929,1.036870223060413,1.1313193728343052,P2,no_tight_invalidation,2.045710877920857,False,False,False,,,,,,,,,,,,,,,,,,,,,8161
XRP,control,M1xQ1,M1,Q1,97,7907,31607,2021-12-14 21:00:00+00:00,0.8099,0.7565312749429172,0.9320775148141442,P2,no_tight_invalidation,1.8744859937526859,False,False,False,,,,,,,,,,,,,,,,,,,,,7407
XRP,control,M1xQ1,M1,Q1,98,8011,32012,2021-12-31 18:00:00+00:00,0.8307,0.8239862217649655,0.8409734063534428,P2,traded,0.3013764721499874,False,False,False,-1.3943380108995127,0.3943380108995128,stop,32012.0,2021-12-31 18:00:00+00:00,0.8231622355432006,stop,0.007129128235034421,0.8311153499999999,1.0,True,,,,-2.0901686468273852,1.148429627175415,stop,-3.0969946668553656,2.2535369895295685,stop,8161
XRP,control,M1xQ1,M1,Q1,102,8156,32591,2022-01-24 21:00:00+00:00,0.6188,0.5483213742233819,0.7360830361646999,P2,no_tight_invalidation,2.585551075514094,False,False,False,,,,,,,,,,,,,,,,,,,,,7911
XRP,control,M1xQ1,M1,Q1,102,8156,32591,2022-01-24 21:00:00+00:00,0.6188,0.5483213742233819,0.7360830361646999,P2,no_tight_invalidation,2.585551075514094,False,False,False,,,,,,,,,,,,,,,,,,,,,8347
XRP,control,M1xQ1,M1,Q1,125,9907,39591,2022-11-12 13:00:00+00:00,0.3729,0.3608432184961466,0.37084541416481054,P2,target_below_entry,0.5605273919642043,False,False,False,,,,,,,,,,,,,,,,,,,,,10059
XRP,control,M1xQ1,M1,Q1,125,9907,39591,2022-11-12 13:00:00+00:00,0.3729,0.3608432184961466,0.37084541416481054,P2,target_below_entry,0.5605273919642043,False,False,False,,,,,,,,,,,,,,,,,,,,,10432
XRP,control,M1xQ1,M1,Q1,130,10887,43507,2023-04-24 18:00:00+00:00,0.4565,0.4453365608590334,0.49946946211338666,P2,traded,0.9974372628079375,False,False,False,0.36997917468311314,0.13165835200430323,time24,43531.0,2023-04-25 18:00:00+00:00,0.46186895000000006,time24,0.01139168914096661,0.45672825,25.0,,,,,0.11259012988579699,0.3789963179800742,time24,-0.31040927151336317,0.7830553386357452,time24,10432
XRP,control,M1xQ1,M1,Q1,130,10887,43507,2023-04-24 18:00:00+00:00,0.4565,0.4453365608590334,0.49946946211338666,P2,traded,0.9974372628079375,False,False,False,0.36997917468311314,0.13165835200430323,time24,43531.0,2023-04-25 18:00:00+00:00,0.46186895000000006,time24,0.01139168914096661,0.45672825,25.0,,,,,0.11259012988579699,0.3789963179800742,time24,-0.31040927151336317,0.7830553386357452,time24,10546
XRP,control,M1xQ1,M1,Q1,130,10887,43507,2023-04-24 18:00:00+00:00,0.4565,0.4453365608590334,0.49946946211338666,P2,traded,0.9974372628079375,False,False,False,0.36997917468311314,0.13165835200430323,time24,43531.0,2023-04-25 18:00:00+00:00,0.46186895000000006,time24,0.01139168914096661,0.45672825,25.0,,,,,0.11259012988579699,0.3789963179800742,time24,-0.31040927151336317,0.7830553386357452,time24,10577
XRP,control,M1xQ1,M1,Q1,130,10887,43507,2023-04-24 18:00:00+00:00,0.4565,0.4453365608590334,0.49946946211338666,P2,traded,0.9974372628079375,False,False,False,0.36997917468311314,0.13165835200430323,time24,43531.0,2023-04-25 18:00:00+00:00,0.46186895000000006,time24,0.01139168914096661,0.45672825,25.0,,,,,0.11259012988579699,0.3789963179800742,time24,-0.31040927151336317,0.7830553386357452,time24,10631
XRP,control,M1xQ1,M1,Q1,130,10887,43507,2023-04-24 18:00:00+00:00,0.4565,0.4453365608590334,0.49946946211338666,P2,traded,0.9974372628079375,False,False,False,0.36997917468311314,0.13165835200430323,time24,43531.0,2023-04-25 18:00:00+00:00,0.46186895000000006,time24,0.01139168914096661,0.45672825,25.0,,,,,0.11259012988579699,0.3789963179800742,time24,-0.31040927151336317,0.7830553386357452,time24,10987
XRP,control,M1xQ1,M1,Q1,133,10972,43847,2023-05-08 22:00:00+00:00,0.4242,0.4087154134094258,0.48431074285467607,P2,no_tight_invalidation,2.2499733911878423,True,False,False,,,,,,,,,,,,,,,,,,,,,10857
XRP,control,M1xQ1,M1,Q1,137,11433,45706,2023-07-25 09:00:00+00:00,0.6871,0.6720547186705339,0.7271534014604405,P2,traded,0.7013150529717385,False,False,False,0.8293470708030083,0.1477034527528408,time24,45730.0,2023-07-26 09:00:00+00:00,0.7014491,time24,0.015388831329466113,0.68744355,25.0,,,,,0.5310475301884768,0.42419069975123136,time24,0.04182026012811611,0.8725902146824951,time24,11569
XRP,control,M1xQ1,M1,Q1,137,11433,45706,2023-07-25 09:00:00+00:00,0.6871,0.6720547186705339,0.7271534014604405,P2,traded,0.7013150529717385,False,False,False,0.8293470708030083,0.1477034527528408,time24,45730.0,2023-07-26 09:00:00+00:00,0.7014491,time24,0.015388831329466113,0.68744355,25.0,,,,,0.5310475301884768,0.42419069975123136,time24,0.04182026012811611,0.8725902146824951,time24,11929
XRP,control,M1xQ1,M1,Q1,142,11606,46378,2023-08-22 09:00:00+00:00,0.517,0.5135168037976673,0.629707330433478,P2,traded,0.24127113338347175,False,False,False,-1.4733660667670783,0.4733660667670784,stop,46382.0,2023-08-22 13:00:00+00:00,0.5130032869938697,stop,0.003741696202332667,0.5172585,5.0,False,,,,-2.293695705748137,1.3627820200883507,stop,-3.4412202694383702,2.6233182551024448,stop,11569
XRP,control,M1xQ1,M1,Q1,142,11606,46378,2023-08-22 09:00:00+00:00,0.517,0.5135168037976673,0.629707330433478,P2,traded,0.24127113338347175,False,False,False,-1.4733660667670783,0.4733660667670784,stop,46382.0,2023-08-22 13:00:00+00:00,0.5130032869938697,stop,0.003741696202332667,0.5172585,5.0,False,,,,-2.293695705748137,1.3627820200883507,stop,-3.4412202694383702,2.6233182551024448,stop,11929
