src,t,l_ref,level,ref,atr_t,h_pre,inv_bar,end_bar
S1,383,3.8641,4.149,377,0.0933065922810764,4.5858,-1,563
S1,559,3.9153,4.95,434,0.16067897826182856,4.95,-1,739
S1,1503,28.1,32.5168,1500,1.8008023329741134,48.36,1642,1642
S1,1800,19.928,24.6,1792,1.0963432834526654,28.6,1833,1833
S1,2451,26.42,30.26,2442,1.0711272189015018,38.77,-1,2631
S1,2854,24.84,29.96,2847,1.5940733495289845,43.56,2902,2902
S1,3185,17.12,19.06,3182,0.6534931523720571,28.47,3302,3302
S1,3404,16.0,17.8,3396,0.5403942648105129,20.34,-1,3584
S1,3636,17.47,18.48,3623,0.3911096417099316,23.85,3644,3644
S1,3654,17.1,18.81,3644,0.39450529172442433,23.85,3694,3694
S1,3743,14.52,15.6,3738,0.468544878623026,19.68,3748,3748
S1,4787,5.75,6.3,4774,0.12264515189607238,6.54,4878,4878
S1,5160,4.396,4.546,5153,0.044479258777329736,5.57,5168,5168
S1,5883,5.778,6.029,5878,0.1064651645031524,7.0,5885,5885
S1,5938,5.619,5.812,5933,0.09031363033391751,7.0,5944,5944
S2,212,3.9501,4.001,212,0.1886645346482884,6.3325,293,293
S2,292,3.789,4.0111,292,0.11035269165169899,5.455,294,294
S2,434,3.9153,3.94505,434,0.15655149622024925,4.95,-1,614
S2,461,3.8951,3.9153,461,0.10170784667472575,4.95,-1,641
S2,463,3.9561,4.02,463,0.10231492902055432,4.95,464,464
S2,466,3.8915,3.9153,466,0.1005641760416027,4.95,-1,646
S2,1479,33.1861,34.42895,1479,2.079338119054383,48.36,1482,1482
S2,1489,30.4843,31.5542,1489,2.2032044502696833,48.36,1491,1491
S2,1500,28.1,28.53,1500,1.7695841609835992,48.36,1642,1642
S2,1784,19.5,19.825,1784,1.11680402105778,28.6,1833,1833
S2,1785,19.684,19.825,1785,1.1131751624107957,28.6,1833,1833
S2,1970,14.4,14.724,1970,0.4202248813318386,17.668,1973,1973
S2,1972,14.1,14.381,1972,0.4186428823728609,17.668,1973,1973
S2,1987,12.833,13.164,1987,0.4652170223770879,17.668,1988,1988
S2,2726,40.8,41.805,2726,1.4133011995553968,55.09,2731,2731
S2,2727,38.1,41.27,2727,1.63377968530144,55.09,2786,2786
S2,2741,37.53,39.91,2741,1.8353767128182625,55.09,2787,2787
S2,2801,32.21,32.76,2801,1.2581206185817029,53.87,2833,2833
S2,2891,25.54,25.71,2891,1.174963346242045,41.47,2897,2897
S2,2894,25.41,25.71,2894,1.1187151864773224,40.93,2897,2897
S2,2914,24.16,24.84,2914,1.1187151507431443,39.35,2931,2931
S2,3038,24.24,24.92,3038,1.1802136354841544,32.78,3047,3047
S2,3124,21.08,21.87,3124,0.8639377681026291,30.88,3126,3126
S2,3182,17.12,17.26,3182,0.6195198953613675,28.47,3302,3302
S2,3288,17.8,18.135,3288,0.6092697525081944,23.19,3297,3297
S2,3303,16.71,17.12,3303,0.5389669201931426,23.19,3309,3309
S2,3330,15.67,15.83,3330,0.8030073314885906,23.19,-1,3510
S2,3398,16.35,16.62,3398,0.5595766480679654,20.19,-1,3578
S2,3749,14.02,14.18,3749,0.538716117041147,19.68,3762,3762
S2,3754,13.81,14.02,3754,0.531762961943979,19.68,3762,3762
S2,3767,13.03,13.26,3767,0.4377475938751206,19.68,3769,3769
S2,3788,7.3,8.06,3788,0.990244430432566,19.27,-1,3968
S2,4401,7.0,7.08,4401,0.21735664245864925,9.68,4428,4428
S2,4406,7.18,7.22,4406,0.20958754136743477,9.68,4427,4427
S2,4438,6.95,7.03,4438,0.17575664557548623,9.68,4440,4440
S2,4495,6.75,6.83,4495,0.2047192086401807,8.6,4566,4566
S2,4553,6.7,6.8,4553,0.18757648999894863,8.05,4566,4566
S2,4565,6.7,6.77,4565,0.15030671402724335,8.05,4566,4566
S2,4580,6.14,6.17,4580,0.16868336783943882,8.05,4584,4584
S2,4583,6.15,6.17,4583,0.18562221543121252,8.05,4584,4584
S2,4906,5.67,5.77,4906,0.2291876597646816,7.42,4918,4918
S2,5078,4.99,5.0,5078,0.07317943388089392,5.73,5100,5100
S2,5152,4.404,4.43,5152,0.046574709367327015,5.68,5168,5168
S2,5172,4.24,4.263,5172,0.06022333772817912,5.46,-1,5352
S2,5173,4.224,4.263,5173,0.062064527890452005,5.44,-1,5353
S2,5449,6.041,6.169,5449,0.13651145300663367,7.126,5452,5452
S2,5453,5.878,6.02,5453,0.1415999742118509,7.126,5583,5583
S2,5520,6.47,6.513,5520,0.1898789712010339,7.9,5525,5525
S2,5526,6.342,6.4915,5526,0.16858930033721758,7.9,5554,5554
S2,5544,6.276,6.342,5544,0.13170416407160493,7.9,5557,5557
S2,5554,6.221,6.291,5554,0.12890000418679978,7.9,5557,5557
S2,5568,5.73,5.792,5568,0.11960498058429454,7.9,5588,5588
S2,5591,5.623,5.63,5591,0.11355240243175697,7.9,5592,5592
S2,5601,5.15,5.25,5601,0.14981967449624764,7.9,-1,5781
S2,5604,5.437,5.501,5604,0.15595583996656562,7.9,5606,5606
S2,5852,6.003,6.106,5852,0.1353344366410406,7.0,5855,5855
S2,5886,5.6,5.778,5886,0.14795734927602983,7.0,5953,5953
S2,5926,5.55,5.6,5926,0.08336594956607458,7.0,5953,5953
S2,5938,5.651,5.777,5938,0.09031363033391751,7.0,5944,5944
S2,5969,5.209,5.291,5969,0.10565825162398008,6.245,5977,5977
S2,5975,5.18,5.209,5975,0.10734501951553073,6.22,6124,6124
S2,5981,5.117,5.209,5981,0.10411983703945894,6.22,6124,6124
S2,6138,4.976,4.985,6138,0.08288070682727358,5.561,6149,6149
S2,6145,4.955,4.976,6145,0.07195313701291242,5.561,6149,6149
S2,6163,4.411,4.424,6163,0.1021955428352727,5.561,6182,6182
S2,6480,4.929,4.9775,6480,0.0658319929223412,5.71,6551,6551
S2,6486,4.939,4.98,6486,0.061901408390303524,5.71,6502,6502
S2,6503,4.835,4.9445,6503,0.058725579405115094,5.71,6551,6551
S2,6558,4.531,4.622,6558,0.0659955305459606,5.276,6564,6564
S2,6559,4.582,4.622,6559,0.07149584979267769,5.276,6564,6564
S2,6585,4.453,4.466,6585,0.06356969244249454,5.22,6586,6586
S2,6672,4.193,4.234,6672,0.054707440270578965,4.982,6704,6704
S2,6683,4.171,4.226,6683,0.05083694552774244,4.806,6705,6705
S2,6704,4.103,4.136,6704,0.04111277376530166,4.806,6711,6711
S2,6936,3.629,3.636,6936,0.044513995778070393,4.31,6937,6937
