coin,src,t,l_ref,level,atr_t,h_pre,inv_bar,end_bar,fam,status,struct_bar,e,t_entry,entry,stop,delay,R,stop_atr,stop_pct,cost_R_K1,dist_target_atr,dist_target_pct,rr_geo_gross,rr_geo_net_K1,p_be_geo,target_below_entry,failed_holds,box_width_atr,detail,block,year
XRP,S1,1360,0.285,0.325,0.00841426863810778,0.40319,-1,1540,DT1,entry,1374.0,1378.0,2018-12-20 16:00:00+00:00,0.3671,0.33081524490456743,18.0,0.03628475509543255,2.2166060359998356,9.884161017551772,0.10016024609898708,2.2047086063784396,9.831108689730323,0.9946325917063429,0.8222343475785077,0.5487768361565892,False,,,,P1,2018
XRP,S1,1360,0.285,0.325,0.00841426863810778,0.40319,-1,1540,DT2,entry,1364.0,1366.0,2018-12-18 16:00:00+00:00,0.33062,0.31627651647616234,6.0,0.014343483523837686,1.375614160690715,4.338359301868515,0.228196866860154,6.959837857757408,21.949670316375283,5.059440398798145,3.952374290710878,0.2019233485392432,False,0.0,,,P1,2018
XRP,S1,1360,0.285,0.325,0.00841426863810778,0.40319,-1,1540,DT3,no_consolidation,,,,,,,,,,,,,,,,,,9.227183411802722,,P1,2018
XRP,S1,2161,0.28959,0.30581,0.005550722439130961,0.3578,-1,2341,DT1,entry,2168.0,2172.0,2019-05-02 04:00:00+00:00,0.30232,0.29751451999882406,11.0,0.004805480001175921,0.9988609339563627,1.5895342687139196,0.6228239425130492,11.53200192329139,18.351415718444045,11.545152614603294,6.769212539730979,0.12871317329601933,False,,,,P1,2019
XRP,S1,2161,0.28959,0.30581,0.005550722439130961,0.3578,-1,2341,DT2,retest_failed,,,,,,,,,,,,,,,,,4.0,,2169.0,P1,2019
XRP,S1,2161,0.28959,0.30581,0.005550722439130961,0.3578,-1,2341,DT3,entry,2228.0,2229.0,2019-05-11 16:00:00+00:00,0.32338,0.29687567851004837,68.0,0.026504321489951632,4.353075320302754,8.196029899793318,0.12079018892121966,5.653148018960822,10.643824602634673,1.2986561460571395,1.0618106743647906,0.4850105843535238,False,,2.212324636056303,,P1,2019
XRP,S1,2228,0.29061,0.31856,0.006088642979903291,0.33241,-1,2408,DT1,entry,2234.0,2238.0,2019-05-13 04:00:00+00:00,0.32125,0.2974009192185469,10.0,0.02384908078145309,2.419221944098712,7.4238383755496,0.13335419629562026,1.1320569184007205,3.4739299610894956,0.46794256358420705,0.30710477736277053,0.7650496098848414,False,,,,P1,2019
XRP,S1,2228,0.29061,0.31856,0.006088642979903291,0.33241,-1,2408,DT2,retest_failed,,,,,,,,,,,,,,,,,0.0,,2231.0,P1,2019
XRP,S1,2228,0.29061,0.31856,0.006088642979903291,0.33241,-1,2408,DT3,no_consolidation,,,,,,,,,,,,,,,,,,21.98683687676598,,P1,2019
XRP,S1,3076,0.23427,0.248,0.0067898255116527135,0.32631,-1,3256,DT1,entry,3084.0,3088.0,2019-10-02 08:00:00+00:00,0.24536,0.24133688164887962,12.0,0.004023118351120375,0.654566126562239,1.639679797489556,0.6037764211742725,13.170660994961075,32.992337789370715,20.121207713776727,12.20769837453878,0.07571341891996534,False,,,,P1,2019
XRP,S1,3076,0.23427,0.248,0.0067898255116527135,0.32631,-1,3256,DT2,entry,3079.0,3081.0,2019-10-01 04:00:00+00:00,0.25671,0.24601779666755633,5.0,0.010692203332443667,1.5178288024935627,4.165090309081713,0.23768992423558458,9.880179170648834,27.112305714619612,6.509416051676708,5.0866821224108945,0.1642931206014594,False,0.0,,,P1,2019
XRP,S1,3076,0.23427,0.248,0.0067898255116527135,0.32631,-1,3256,DT3,entry,3116.0,3117.0,2019-10-07 04:00:00+00:00,0.26763,0.24139809665567538,41.0,0.026231903344324597,4.664439017306463,9.801555634392482,0.10100437491026515,10.434213558306727,21.925793072525508,2.2369707310123847,1.9492827341300853,0.33906549156093646,False,,2.608314450733091,,P1,2019
XRP,S1,3612,0.18722,0.19413,0.0027060054365317743,0.232,3644,3644,DT1,entry,3614.0,3618.0,2019-12-29 16:00:00+00:00,0.19503,0.18955736657666244,6.0,0.005472633423337564,2.2020305105904767,2.8060469790994023,0.35280948871274403,14.875666188304905,18.95605804235246,6.7554314605368395,4.7591766228980035,0.17363593191847665,False,,,,P1,2019
XRP,S1,3612,0.18722,0.19413,0.0027060054365317743,0.232,3644,3644,DT2,retest_failed,,,,,,,,,,,,,,,,,0.0,,3615.0,P1,2019
XRP,S1,3612,0.18722,0.19413,0.0027060054365317743,0.232,3644,3644,DT3,no_consolidation,,,,,,,,,,,,,,,,,,3.185507273425169,,P1,2019
XRP,S1,4533,0.19139,0.2025,0.0028398530119071314,0.225,4607,4607,DT1,entry,4542.0,4546.0,2020-06-01 12:00:00+00:00,0.20349,0.19818632824402077,13.0,0.0053036717559792335,1.2788117841424613,2.6063549835270696,0.37984081456942403,5.186452469629806,10.570544007076515,4.05568085463625,2.691765426777329,0.270873114728997,False,,,,P1,2020
XRP,S1,4533,0.19139,0.2025,0.0028398530119071314,0.225,4607,4607,DT2,entry,4536.0,4538.0,2020-05-31 04:00:00+00:00,0.20308,0.20000332267970272,5.0,0.0030766773202972886,0.9342077170716947,1.5150075439714832,0.6534620926076621,6.655827383364611,10.79377585188103,7.1245690457658855,3.9535912279846492,0.20187374249829781,False,0.0,,,P1,2020
XRP,S1,4533,0.19139,0.2025,0.0028398530119071314,0.225,4607,4607,DT3,no_consolidation,,,,,,,,,,,,,,,,,,5.067163666451972,,P1,2020
XRP,S1,5998,0.24388,0.285,0.01250293702621148,0.37,-1,6178,DT1,entry,6001.0,6005.0,2021-01-30 16:00:00+00:00,0.38195,0.2681327500974462,7.0,0.11381724990255382,5.76742511979432,29.798991989148792,0.033222600293342314,-0.6055385298849658,-3.1286817646288823,0.0,-0.1305233300929507,,True,,,,P2,2021
XRP,S1,5998,0.24388,0.285,0.01250293702621148,0.37,-1,6178,DT2,entry,6001.0,6003.0,2021-01-30 08:00:00+00:00,0.29305,0.27117576342662403,5.0,0.02187423657337595,1.602687446293685,7.464335974535387,0.13263068588785246,5.637993288524881,26.258317693226417,3.5178370564785375,3.0006280528283065,0.2499607528605501,False,0.0,,,P2,2021
XRP,S1,5998,0.24388,0.285,0.01250293702621148,0.37,-1,6178,DT3,no_consolidation,,,,,,,,,,,,,,,,,,38.15103595259297,,P2,2021
XRP,S1,8086,0.7222,0.7909,0.021480779722582815,1.0167,8136,8136,DT1,entry,8098.0,8102.0,2022-01-15 04:00:00+00:00,0.7728,0.7417097117435715,16.0,0.031090288256428567,1.6209256398309224,4.023070426556492,0.24608070330187606,12.715989002547,31.560559006211165,7.844893491766467,6.1181185174928725,0.1404865622204079,False,,,,P2,2022
XRP,S1,8086,0.7222,0.7909,0.021480779722582815,1.0167,8136,8136,DT2,entry,8089.0,8091.0,2022-01-13 08:00:00+00:00,0.792,0.7749520024253347,5.0,0.017047997574665352,0.8568557363786278,2.15252494629613,0.4599249833101829,11.293730135813737,28.371212121212107,13.180433597311248,8.744946369829856,0.10261729126555057,False,0.0,,,P2,2022
XRP,S1,8086,0.7222,0.7909,0.021480779722582815,1.0167,8136,8136,DT3,no_breakout,,,,,,,,,,,,,,,,,,2.6209476903118016,,P2,2022
XRP,S1,8171,0.5524,0.6352,0.023967361956642265,0.8456,-1,8351,DT1,entry,8173.0,8177.0,2022-01-27 16:00:00+00:00,0.611,0.5776544104363439,6.0,0.033345589563656075,1.4316831870720368,5.457543300107377,0.181400301483732,10.072482750557615,38.396072013093296,7.035413170672938,5.81711052835716,0.14668971492251684,False,,,,P2,2022
XRP,S1,8171,0.5524,0.6352,0.023967361956642265,0.8456,-1,8351,DT2,retest_failed,,,,,,,,,,,,,,,,,0.0,,8174.0,P2,2022
XRP,S1,8171,0.5524,0.6352,0.023967361956642265,0.8456,-1,8351,DT3,entry,8225.0,8226.0,2022-02-04 20:00:00+00:00,0.6402,0.582613456477541,55.0,0.057586543522458955,4.306151850282213,8.995086460865192,0.11006008717172207,15.359206091315674,32.08372383630116,3.56680549718865,3.124031420114341,0.24248117876179381,False,,2.065308651387962,,P2,2022
XRP,S1,8759,0.5961,0.6312,0.015595444650336274,0.7999,8765,8765,DT1,no_higher_low,,,,,,,,,,,,,,,,,,,,P2,2022
XRP,S1,8759,0.5961,0.6312,0.015595444650336274,0.7999,8765,8765,DT2,no_retest_hold,,,,,,,,,,,,,,,,,1.0,,,P2,2022
XRP,S1,8759,0.5961,0.6312,0.015595444650336274,0.7999,8765,8765,DT3,no_consolidation,,,,,,,,,,,,,,,,,,4.943751315121214,,P2,2022
XRP,S1,8916,0.3794,0.4032,0.00848621810859613,0.5789,8985,8985,DT1,entry,8920.0,8924.0,2022-06-01 04:00:00+00:00,0.4172,0.40161526441406903,8.0,0.015584735585930987,1.595248638515686,3.7355550301847997,0.2650208582126079,16.551561200746356,38.75838926174495,10.375536954632295,8.013532594554095,0.11094429287404942,False,,,,P2,2022
XRP,S1,8916,0.3794,0.4032,0.00848621810859613,0.5789,8985,8985,DT2,retest_failed,,,,,,,,,,,,,,,,,1.0,,8928.0,P2,2022
XRP,S1,8916,0.3794,0.4032,0.00848621810859613,0.5789,8985,8985,DT3,no_consolidation,,,,,,,,,,,,,,,,,,5.361634525267584,,P2,2022
XRP,S1,9431,0.3326,0.3485,0.006281714425232398,0.3923,9456,9456,DT1,entry,9437.0,9441.0,2022-08-26 08:00:00+00:00,0.3493,0.3408136470041802,10.0,0.00848635299581979,1.4700823163539471,2.4295313472143687,0.4074859956571895,7.44884635771779,12.310334955625532,5.066958683097549,3.339736880882466,0.23042871663607736,False,,,,P2,2022
XRP,S1,9431,0.3326,0.3485,0.006281714425232398,0.3923,9456,9456,DT2,entry,9434.0,9436.0,2022-08-25 12:00:00+00:00,0.3486,0.3421155580266157,5.0,0.006484441973384325,1.0511531793009379,1.860138259720116,0.5322185030208235,7.083939392779636,12.535857716580596,6.7392075030308725,4.0860676414077615,0.19661555262430844,False,0.0,,,P2,2022
XRP,S1,9431,0.3326,0.3485,0.006281714425232398,0.3923,9456,9456,DT3,no_consolidation,,,,,,,,,,,,,,,,,,6.829345795739969,,P2,2022
XRP,S1,9983,0.321,0.403,0.009666569048522073,0.51,-1,10163,DT1,entry,9996.0,10000.0,2022-11-27 12:00:00+00:00,0.4067,0.38818757870062787,17.0,0.01851242129937214,2.051273592510977,4.551861642333941,0.21749342967559598,11.446183007598822,25.39955741332678,5.58003722632995,4.422621673933497,0.1844126439443476,False,,,,P2,2022
XRP,S1,9983,0.321,0.403,0.009666569048522073,0.51,-1,10163,DT2,entry,9986.0,9988.0,2022-11-25 12:00:00+00:00,0.4058,0.3870059990811792,5.0,0.018794000918820775,1.6798353442872267,4.6313457168114285,0.2137607642647743,9.313548702631,25.67767373090193,5.544322385110218,4.40956222578001,0.1848578421437437,False,0.0,,,P2,2022
XRP,S1,9983,0.321,0.403,0.009666569048522073,0.51,-1,10163,DT3,no_consolidation,,,,,,,,,,,,,,,,,,3.1655492084524512,,P2,2022
XRP,S1,10158,0.3414,0.3532,0.005090363104686969,0.3973,10195,10195,DT1,entry,10184.0,10188.0,2022-12-28 20:00:00+00:00,0.3583,0.3517680896972986,30.0,0.006531910302701394,1.1532692784214444,1.8230282731513798,0.5430524663715913,6.885811313090907,10.884733463578002,5.970688235548917,3.553015644731185,0.21963465053260126,False,,,,P2,2022
XRP,S1,10158,0.3414,0.3532,0.005090363104686969,0.3973,10195,10195,DT2,retest_failed,,,,,,,,,,,,,,,,,4.0,,10165.0,P2,2022
XRP,S1,10158,0.3414,0.3532,0.005090363104686969,0.3973,10195,10195,DT3,no_consolidation,,,,,,,,,,,,,,,,,,5.127335607153122,,P2,2022
XRP,S1,10605,0.3589,0.3806,0.006868937672818944,0.409,10630,10630,DT1,window_or_invalidated,,,,,,,,,,,,,,,,,,,10641.0,P2,2023
XRP,S1,10605,0.3589,0.3806,0.006868937672818944,0.409,10630,10630,DT2,retest_failed,,,,,,,,,,,,,,,,,1.0,,10614.0,P2,2023
XRP,S1,10605,0.3589,0.3806,0.006868937672818944,0.409,10630,10630,DT3,no_consolidation,,,,,,,,,,,,,,,,,,6.5075564998765785,,P2,2023
XRP,S1,11022,0.4114,0.434,0.0066592130419799835,0.4869,-1,11202,DT1,entry,11026.0,11030.0,2023-05-18 04:00:00+00:00,0.4478,0.43334687685141693,8.0,0.014453123148583047,1.7400306506097871,3.2275844458649052,0.30673093658892847,4.707300819305116,8.731576596694959,2.705297643840619,1.8592577569805777,0.34974111639938893,False,,,,P2,2023
XRP,S1,11022,0.4114,0.434,0.0066592130419799835,0.4869,-1,11202,DT2,no_retest_hold,,,,,,,,,,,,,,,,,0.0,,,P2,2023
XRP,S1,11022,0.4114,0.434,0.0066592130419799835,0.4869,-1,11202,DT3,no_consolidation,,,,,,,,,,,,,,,,,,5.706379982206042,,P2,2023
XRP,S1,11958,0.4769,0.5109,0.007538322866459457,0.5494,-1,12138,DT1,entry,11965.0,11969.0,2023-10-21 16:00:00+00:00,0.5235,0.5064160613135276,11.0,0.0170839386864724,1.9050147516527047,3.2634075809880425,0.3033638843543605,2.8880858783972334,4.947468958930283,1.5160438394987024,0.9539337299971983,0.5117880840316082,False,,,,P2,2023
XRP,S1,11958,0.4769,0.5109,0.007538322866459457,0.5494,-1,12138,DT2,entry,11961.0,11963.0,2023-10-20 16:00:00+00:00,0.5239,0.5047160748205312,5.0,0.019183925179468875,2.0478470987920856,3.6617532314313554,0.2703622929863615,2.722075932358483,4.86734109562893,1.3292378781424103,0.855019795279444,0.5390778052852843,False,0.0,,,P2,2023
XRP,S1,11958,0.4769,0.5109,0.007538322866459457,0.5494,-1,12138,DT3,no_consolidation,,,,,,,,,,,,,,,,,,3.1969975851298496,,P2,2023
XRP,S2,225,0.55,0.57617,0.01761982869595716,0.707,240,240,DT1,no_higher_low,,,,,,,,,,,,,,,,,,,,P1,2018
XRP,S2,225,0.55,0.57617,0.01761982869595716,0.707,240,240,DT2,retest_failed,,,,,,,,,,,,,,,,,1.0,,229.0,P1,2018
XRP,S2,225,0.55,0.57617,0.01761982869595716,0.707,240,240,DT3,no_consolidation,,,,,,,,,,,,,,,,,,5.447839570768628,,P1,2018
XRP,S2,226,0.56703,0.57617,0.018121269503388795,0.707,227,227,DT1,no_higher_low,,,,,,,,,,,,,,,,,,,,P1,2018
XRP,S2,226,0.56703,0.57617,0.018121269503388795,0.707,227,227,DT2,no_retest_hold,,,,,,,,,,,,,,,,,0.0,,,P1,2018
XRP,S2,226,0.56703,0.57617,0.018121269503388795,0.707,227,227,DT3,no_consolidation,,,,,,,,,,,,,,,,,,5.29709024977799,,P1,2018
XRP,S2,528,0.42813,0.434455,0.007547508072242081,0.52525,561,561,DT1,entry,534.0,538.0,2018-08-02 12:00:00+00:00,0.43556,0.4269709639727322,10.0,0.008589036027267793,0.8522499125616293,1.9719524353172453,0.5020405067938314,8.89951962187401,20.591881715492697,10.442382557863217,6.651653645944686,0.1306907037709413,False,,,,P1,2018
XRP,S2,528,0.42813,0.434455,0.007547508072242081,0.52525,561,561,DT2,entry,531.0,533.0,2018-08-01 16:00:00+00:00,0.44994,0.42934343375089407,5.0,0.02059656624910594,2.0246041475156495,4.577625072033147,0.21626935024634786,7.402832904539227,16.737787260523625,3.6564347226212552,2.846417827257976,0.2599821561020783,False,0.0,,,P1,2018
XRP,S2,528,0.42813,0.434455,0.007547508072242081,0.52525,561,561,DT3,no_consolidation,,,,,,,,,,,,,,,,,,5.103671255638307,,P1,2018
XRP,S2,534,0.43201,0.445635,0.010779180572437767,0.52525,540,540,DT1,no_higher_low,,,,,,,,,,,,,,,,,,,,P1,2018
XRP,S2,534,0.43201,0.445635,0.010779180572437767,0.52525,540,540,DT2,retest_failed,,,,,,,,,,,,,,,,,0.0,,537.0,P1,2018
XRP,S2,534,0.43201,0.445635,0.010779180572437767,0.52525,540,540,DT3,no_consolidation,,,,,,,,,,,,,,,,,,2.187550328296175,,P1,2018
XRP,S2,575,0.31928,0.34008,0.013772801723086462,0.48308,588,588,DT1,entry,580.0,584.0,2018-08-10 04:00:00+00:00,0.33749,0.32099306718391085,9.0,0.01649693281608916,1.1771864558348009,4.888124926987217,0.20253164859478825,10.38899642834445,43.1390559720288,8.825276893775593,7.1875056241248,0.12213732068207216,False,,,,P1,2018
XRP,S2,575,0.31928,0.34008,0.013772801723086462,0.48308,588,588,DT2,entry,578.0,580.0,2018-08-09 12:00:00+00:00,0.34017,0.3296566825019123,5.0,0.010513317498087649,0.7452746527388044,3.0906069018689624,0.3203254349174344,10.130693821648212,42.01134726754272,13.593235439336354,10.077262587755925,0.09027501082310119,False,0.0,,,P1,2018
XRP,S2,575,0.31928,0.34008,0.013772801723086462,0.48308,588,588,DT3,no_consolidation,,,,,,,,,,,,,,,,,,5.1253188290422065,,P1,2018
XRP,S2,1162,0.422,0.4576,0.016885999042454972,0.56878,1212,1212,DT1,entry,1167.0,1171.0,2018-11-16 04:00:00+00:00,0.48843,0.420117684482813,9.0,0.06831231551718697,3.1101053056743924,13.986101491961382,0.07078455712401416,3.658153869020364,16.450668468357797,1.1762154362895867,1.0390333209687572,0.49042847398143247,False,,,,P1,2018
XRP,S2,1162,0.422,0.4576,0.016885999042454972,0.56878,1212,1212,DT2,entry,1165.0,1167.0,2018-11-15 12:00:00+00:00,0.45858,0.44144871878056596,5.0,0.017131281219434025,0.8479756600813585,3.7357235857285587,0.26500890049308223,5.454753590464551,24.030703475947483,6.432677077006193,4.896753493122453,0.16958484039842056,False,0.0,,,P1,2018
XRP,S2,1162,0.422,0.4576,0.016885999042454972,0.56878,1212,1212,DT3,no_consolidation,,,,,,,,,,,,,,,,,,4.331991244112085,,P1,2018
XRP,S2,1294,0.3215,0.32802,0.009965249241636217,0.532,1295,1295,DT1,window_or_invalidated,,,,,,,,,,,,,,,,,,,1374.0,P1,2018
XRP,S2,1294,0.3215,0.32802,0.009965249241636217,0.532,1295,1295,DT2,no_retest_hold,,,,,,,,,,,,,,,,,0.0,,,P1,2018
XRP,S2,1294,0.3215,0.32802,0.009965249241636217,0.532,1295,1295,DT3,no_consolidation,,,,,,,,,,,,,,,,,,4.332054216931143,,P1,2018
XRP,S2,1343,0.28312,0.2865,0.006634013913235161,0.40471,1347,1347,DT1,window_or_invalidated,,,,,,,,,,,,,,,,,,,1374.0,P1,2018
XRP,S2,1343,0.28312,0.2865,0.006634013913235161,0.40471,1347,1347,DT2,no_retest_hold,,,,,,,,,,,,,,,,,0.0,,,P1,2018
XRP,S2,1343,0.28312,0.2865,0.006634013913235161,0.40471,1347,1347,DT3,no_consolidation,,,,,,,,,,,,,,,,,,8.516714124955318,,P1,2018
XRP,S2,1605,0.30272,0.30611,0.0036891103255927682,0.37963,1608,1608,DT1,window_or_invalidated,,,,,,,,,,,,,,,,,,,1746.0,P1,2019
XRP,S2,1605,0.30272,0.30611,0.0036891103255927682,0.37963,1608,1608,DT2,no_retest_hold,,,,,,,,,,,,,,,,,0.0,,,P1,2019
XRP,S2,1605,0.30272,0.30611,0.0036891103255927682,0.37963,1608,1608,DT3,no_consolidation,,,,,,,,,,,,,,,,,,11.38756943877786,,P1,2019
XRP,S2,1820,0.29728,0.30113,0.005235890017269423,0.34777,-1,2000,DT1,entry,1838.0,1842.0,2019-03-08 00:00:00+00:00,0.31324,0.3101024248346841,22.0,0.003137575165315931,0.6828014187915658,1.001652140632081,0.98836707859005,7.514444036753051,11.023496360618058,11.005314034133452,5.087985072233566,0.16425795860782538,False,,,,P1,2019
XRP,S2,1820,0.29728,0.30113,0.005235890017269423,0.34777,-1,2000,DT2,entry,1823.0,1825.0,2019-03-05 04:00:00+00:00,0.30199,0.2978515884685648,5.0,0.004138411531435182,0.8591578883881602,1.3703803210156569,0.7224271866851254,9.504189670757507,15.159442365641262,11.06221545447022,6.045399649621383,0.14193658979355978,False,0.0,,,P1,2019
XRP,S2,1820,0.29728,0.30113,0.005235890017269423,0.34777,-1,2000,DT3,no_consolidation,,,,,,,,,,,,,,,,,,4.255245989987246,,P1,2019
XRP,S2,1952,0.294,0.297,0.0033643326343261747,0.32555,2124,2124,DT1,entry,1963.0,1967.0,2019-03-29 00:00:00+00:00,0.30603,0.30262445322569853,15.0,0.0034055467743014933,1.0946462139753943,1.1128146829727454,0.889635997033521,6.274321133405174,6.378459628141026,5.731825546282124,2.610053882818623,0.2770041756881561,False,,,,P1,2019
XRP,S2,1952,0.294,0.297,0.0033643326343261747,0.32555,2124,2124,DT2,no_retest_hold,,,,,,,,,,,,,,,,,0.0,,,P1,2019
XRP,S2,1952,0.294,0.297,0.0033643326343261747,0.32555,2124,2124,DT3,no_consolidation,,,,,,,,,,,,,,,,,,3.994848744405393,,P1,2019
XRP,S2,2108,0.31356,0.313955,0.005019281004087232,0.37999,2124,2124,DT1,entry,2115.0,2119.0,2019-04-23 08:00:00+00:00,0.32455,0.3143225894893689,11.0,0.010227410510631085,1.9763795633914645,3.1512588231801217,0.31416016758691134,10.713414004505593,17.08211369588661,5.420726971149909,3.9099497006208592,0.20366807421134087,False,,,,P1,2019
XRP,S2,2108,0.31356,0.313955,0.005019281004087232,0.37999,2124,2124,DT2,no_retest_hold,,,,,,,,,,,,,,,,,0.0,,,P1,2019
XRP,S2,2108,0.31356,0.313955,0.005019281004087232,0.37999,2124,2124,DT3,no_consolidation,,,,,,,,,,,,,,,,,,8.327885999202277,,P1,2019
XRP,S2,2115,0.31691,0.31936,0.005453613510397534,0.37999,2124,2124,DT1,window_or_invalidated,,,,,,,,,,,,,,,,,,,2262.0,P1,2019
XRP,S2,2115,0.31691,0.31936,0.005453613510397534,0.37999,2124,2124,DT2,entry,2118.0,2120.0,2019-04-23 12:00:00+00:00,0.32329,0.31757811881155684,5.0,0.00571188118844318,1.1279915531809408,1.766797979660113,0.5603357097965727,11.197207882188346,17.538432985864073,9.926677066518959,6.039047151331947,0.14206468269086356,False,0.0,,,P1,2019
XRP,S2,2115,0.31691,0.31936,0.005453613510397534,0.37999,2124,2124,DT3,no_consolidation,,,,,,,,,,,,,,,,,,6.907346831267124,,P1,2019
XRP,S2,2402,0.37471,0.3836,0.011253683708192297,0.4735,-1,2582,DT1,entry,2413.0,2417.0,2019-06-12 08:00:00+00:00,0.39311,0.3769672245604711,15.0,0.01614277543952891,1.6875949585790062,4.106427066095727,0.24108549453461098,8.404116084521666,20.4497468901834,4.979936709219685,3.8379332494142293,0.20669983409156767,False,,,,P1,2019
XRP,S2,2402,0.37471,0.3836,0.011253683708192297,0.4735,-1,2582,DT2,entry,2405.0,2407.0,2019-06-10 16:00:00+00:00,0.39896,0.37535478107572784,5.0,0.023605218924272142,2.090726616710926,5.916688120180505,0.16732333695658735,6.602046882496252,18.683577300982552,3.1577762629159096,2.5762821472989175,0.27961999607756804,False,0.0,,,P1,2019
XRP,S2,2402,0.37471,0.3836,0.011253683708192297,0.4735,-1,2582,DT3,entry,2421.0,2422.0,2019-06-13 04:00:00+00:00,0.40368,0.3753194314566308,20.0,0.028360568543369158,3.1299127550864143,7.02550746714456,0.14091508757621102,7.7054346856959235,17.295877923107412,2.4618688406486213,2.0467672184643138,0.3282167386926389,False,,2.0979797026650653,,P1,2019
XRP,S2,2535,0.39862,0.40392,0.01448289752296676,0.50999,2536,2536,DT1,no_higher_low,,,,,,,,,,,,,,,,,,,,P1,2019
XRP,S2,2535,0.39862,0.40392,0.01448289752296676,0.50999,2536,2536,DT2,no_retest_hold,,,,,,,,,,,,,,,,,0.0,,,P1,2019
XRP,S2,2535,0.39862,0.40392,0.01448289752296676,0.50999,2536,2536,DT3,no_consolidation,,,,,,,,,,,,,,,,,,1.8062683905976569,,P1,2019
XRP,S2,2594,0.31574,0.32004,0.011984878370155756,0.50999,2610,2610,DT1,no_higher_low,,,,,,,,,,,,,,,,,,,,P1,2019
XRP,S2,2594,0.31574,0.32004,0.011984878370155756,0.50999,2610,2610,DT2,no_retest_hold,,,,,,,,,,,,,,,,,0.0,,,P1,2019
XRP,S2,2594,0.31574,0.32004,0.011984878370155756,0.50999,2610,2610,DT3,no_consolidation,,,,,,,,,,,,,,,,,,4.228662021819197,,P1,2019
XRP,S2,2623,0.286,0.29474,0.011583381356692892,0.4968,2797,2797,DT1,entry,2634.0,2638.0,2019-07-19 04:00:00+00:00,0.31878,0.2971618857328855,15.0,0.02161811426711452,1.998673955408929,6.781515235307898,0.14598507349000323,16.458601945829596,55.84415584415585,8.234760802925539,7.071227962661085,0.12389688466565127,False,,,,P1,2019
XRP,S2,2623,0.286,0.29474,0.011583381356692892,0.4968,2797,2797,DT2,entry,2626.0,2628.0,2019-07-17 12:00:00+00:00,0.29909,0.28907275360619916,5.0,0.01001724639380086,0.9029026009188399,3.349241497141616,0.29558931502697183,17.820553294779284,66.10384833996456,19.73696086005753,15.02885893373826,0.062387472753606635,False,0.0,,,P1,2019
XRP,S2,2623,0.286,0.29474,0.011583381356692892,0.4968,2797,2797,DT3,no_consolidation,,,,,,,,,,,,,,,,,,3.230490203827977,,P1,2019
XRP,S2,2805,0.25395,0.25875,0.007114894690553383,0.331,2880,2880,DT1,entry,2822.0,2826.0,2019-08-19 16:00:00+00:00,0.2827,0.2751871754211277,21.0,0.0075128245788723125,1.1339001507634394,2.65752549659438,0.37252699974795556,7.289851733779576,17.085249380969227,6.429006759432405,4.440064749674924,0.18382134147571605,False,,,,P1,2019
XRP,S2,2805,0.25395,0.25875,0.007114894690553383,0.331,2880,2880,DT2,entry,2808.0,2810.0,2019-08-17 00:00:00+00:00,0.26029,0.2558524309238742,5.0,0.004437569076125802,0.6917339846482241,1.7048557670774143,0.5806942845946017,11.022365897947608,27.165853471128354,15.934399845271368,9.75037469245512,0.09302001359095184,False,0.0,,,P1,2019
XRP,S2,2805,0.25395,0.25875,0.007114894690553383,0.331,2880,2880,DT3,no_consolidation,,,,,,,,,,,,,,,,,,4.97828872253415,,P1,2019
XRP,S2,3077,0.25356,0.25649,0.006901980832248946,0.32631,3083,3083,DT1,window_or_invalidated,,,,,,,,,,,,,,,,,,,3125.0,P1,2019
XRP,S2,3077,0.25356,0.25649,0.006901980832248946,0.32631,3083,3083,DT2,no_retest_hold,,,,,,,,,,,,,,,,,2.0,,,P1,2019
XRP,S2,3077,0.25356,0.25649,0.006901980832248946,0.32631,3083,3083,DT3,no_consolidation,,,,,,,,,,,,,,,,,,2.8122361495570023,,P1,2019
XRP,S2,3079,0.24954,0.25634,0.0069093610237248556,0.32631,3084,3084,DT1,window_or_invalidated,,,,,,,,,,,,,,,,,,,3125.0,P1,2019
XRP,S2,3079,0.24954,0.25634,0.0069093610237248556,0.32631,3084,3084,DT2,no_retest_hold,,,,,,,,,,,,,,,,,1.0,,,P1,2019
XRP,S2,3079,0.24954,0.25634,0.0069093610237248556,0.32631,3084,3084,DT3,no_consolidation,,,,,,,,,,,,,,,,,,2.8092322768127733,,P1,2019
XRP,S2,3080,0.2522,0.25634,0.007044406664887369,0.32631,3084,3084,DT1,window_or_invalidated,,,,,,,,,,,,,,,,,,,3125.0,P1,2019
XRP,S2,3080,0.2522,0.25634,0.007044406664887369,0.32631,3084,3084,DT2,no_retest_hold,,,,,,,,,,,,,,,,,0.0,,,P1,2019
XRP,S2,3080,0.2522,0.25634,0.007044406664887369,0.32631,3084,3084,DT3,no_consolidation,,,,,,,,,,,,,,,,,,2.5126317718460425,,P1,2019
XRP,S2,3311,0.27023,0.27503,0.006695425287092908,0.3149,3345,3345,DT1,no_higher_low,,,,,,,,,,,,,,,,,,,,P1,2019
XRP,S2,3311,0.27023,0.27503,0.006695425287092908,0.3149,3345,3345,DT2,entry,3314.0,3316.0,2019-11-09 08:00:00+00:00,0.28033,0.27145030844407725,5.0,0.008879691555922775,1.4558343676883574,3.1675851874300913,0.3125409235807172,5.667786293479696,12.331894552848425,3.8931532455022855,2.7520529434830285,0.2665207594516778,False,0.0,,,P1,2019
XRP,S2,3311,0.27023,0.27503,0.006695425287092908,0.3149,3345,3345,DT3,no_consolidation,,,,,,,,,,,,,,,,,,2.188061156957647,,P1,2019
XRP,S2,3328,0.26935,0.27052,0.005048528820825645,0.3149,3345,3345,DT1,no_higher_low,,,,,,,,,,,,,,,,,,,,P1,2019
XRP,S2,3328,0.26935,0.27052,0.005048528820825645,0.3149,3345,3345,DT2,entry,3332.0,3334.0,2019-11-12 08:00:00+00:00,0.27368,0.26935838867225076,6.0,0.00432161132774922,0.947052478919008,1.5790745862866193,0.6269494858555744,9.033089794628303,15.061385559777857,9.538109023207374,5.516144075934128,0.1534649922326409,False,0.0,,,P1,2019
XRP,S2,3328,0.26935,0.27052,0.005048528820825645,0.3149,3345,3345,DT3,no_consolidation,,,,,,,,,,,,,,,,,,2.5492575078327886,,P1,2019
XRP,S2,3335,0.2676,0.270375,0.004710533820302265,0.3149,3346,3346,DT1,no_higher_low,,,,,,,,,,,,,,,,,,,,P1,2019
XRP,S2,3335,0.2676,0.270375,0.004710533820302265,0.3149,3346,3346,DT2,entry,3338.0,3340.0,2019-11-13 08:00:00+00:00,0.27285,0.2679969438978335,5.0,0.004853056102166464,1.1375828552370062,1.778653510048182,0.5566008187694644,9.8567496554103,15.411398204141483,8.66464329172465,5.244931571046884,0.16012985708862823,False,0.0,,,P1,2019
XRP,S2,3335,0.2676,0.270375,0.004710533820302265,0.3149,3346,3346,DT3,no_consolidation,,,,,,,,,,,,,,,,,,4.797757719644143,,P1,2019
XRP,S2,3372,0.2411,0.25303,0.004483091554451866,0.3149,3393,3393,DT1,entry,3382.0,3386.0,2019-11-21 00:00:00+00:00,0.25022,0.2458053390259558,14.0,0.004414660974044193,0.9661523141067055,1.764311795237868,0.5611253082772291,14.155273087522069,25.849252657661264,14.651181683097128,9.061883516897089,0.09938497084772283,False,,,,P1,2019
XRP,S2,3372,0.2411,0.25303,0.004483091554451866,0.3149,3393,3393,DT2,retest_failed,,,,,,,,,,,,,,,,,0.0,,3375.0,P1,2019
XRP,S2,3372,0.2411,0.25303,0.004483091554451866,0.3149,3393,3393,DT3,no_consolidation,,,,,,,,,,,,,,,,,,5.014396812323981,,P1,2019
XRP,S2,3389,0.23613,0.2411,0.005077708094527111,0.3149,3394,3394,DT1,no_higher_low,,,,,,,,,,,,,,,,,,,,P1,2019
XRP,S2,3389,0.23613,0.2411,0.005077708094527111,0.3149,3394,3394,DT2,no_retest_hold,,,,,,,,,,,,,,,,,1.0,,,P1,2019
XRP,S2,3389,0.23613,0.2411,0.005077708094527111,0.3149,3394,3394,DT3,no_consolidation,,,,,,,,,,,,,,,,,,4.860460574053237,,P1,2019
XRP,S2,3390,0.23888,0.2411,0.005008586087775174,0.3149,3394,3394,DT1,no_higher_low,,,,,,,,,,,,,,,,,,,,P1,2019
XRP,S2,3390,0.23888,0.2411,0.005008586087775174,0.3149,3394,3394,DT2,no_retest_hold,,,,,,,,,,,,,,,,,0.0,,,P1,2019
XRP,S2,3390,0.23888,0.2411,0.005008586087775174,0.3149,3394,3394,DT3,no_consolidation,,,,,,,,,,,,,,,,,,4.927538344651459,,P1,2019
XRP,S2,3408,0.2214,0.22526,0.00541200054460697,0.3149,3409,3409,DT1,no_higher_low,,,,,,,,,,,,,,,,,,,,P1,2019
XRP,S2,3408,0.2214,0.22526,0.00541200054460697,0.3149,3409,3409,DT2,no_retest_hold,,,,,,,,,,,,,,,,,0.0,,,P1,2019
XRP,S2,3408,0.2214,0.22526,0.00541200054460697,0.3149,3409,3409,DT3,no_consolidation,,,,,,,,,,,,,,,,,,5.149666887556453,,P1,2019
XRP,S2,3424,0.21259,0.21327,0.005807375481746098,0.29873,3465,3465,DT1,entry,3434.0,3438.0,2019-11-29 16:00:00+00:00,0.23125,0.2199442760815284,14.0,0.011305723918471622,2.2559795664495224,4.888961694474215,0.20249698440447073,13.465170584547018,29.180540540540534,5.9686580431837,4.8121661631392385,0.17205289248989483,False,,,,P1,2019
XRP,S2,3424,0.21259,0.21327,0.005807375481746098,0.29873,3465,3465,DT2,no_retest_hold,,,,,,,,,,,,,,,,,0.0,,,P1,2019
XRP,S2,3424,0.21259,0.21327,0.005807375481746098,0.29873,3465,3465,DT3,no_breakout,,,,,,,,,,,,,,,,,,2.460664037466962,,P1,2019
XRP,S2,3530,0.21463,0.21537,0.002396651039391688,0.23229,3536,3536,DT1,no_higher_low,,,,,,,,,,,,,,,,,,,,P1,2019
XRP,S2,3530,0.21463,0.21537,0.002396651039391688,0.23229,3536,3536,DT2,no_retest_hold,,,,,,,,,,,,,,,,,0.0,,,P1,2019
XRP,S2,3530,0.21463,0.21537,0.002396651039391688,0.23229,3536,3536,DT3,no_consolidation,,,,,,,,,,,,,,,,,,17.461866292650708,,P1,2019
XRP,S2,3588,0.18745,0.18932,0.0036292473254013573,0.232,3604,3604,DT1,window_or_invalidated,,,,,,,,,,,,,,,,,,,3614.0,P1,2019
XRP,S2,3588,0.18745,0.18932,0.0036292473254013573,0.232,3604,3604,DT2,retest_failed,,,,,,,,,,,,,,,,,2.0,,3593.0,P1,2019
XRP,S2,3588,0.18745,0.18932,0.0036292473254013573,0.232,3604,3604,DT3,no_consolidation,,,,,,,,,,,,,,,,,,2.5625148043531363,,P1,2019
XRP,S2,3971,0.22271,0.2335,0.008544094543764997,0.34676,4036,4036,DT1,entry,3982.0,3986.0,2020-02-29 04:00:00+00:00,0.23838,0.22471537975417477,15.0,0.013664620245825237,1.805282876254032,5.732284690756455,0.17270600701259933,14.318477543361531,45.46522359258327,7.931431540010184,6.6309633767633915,0.13104505298047198,False,,,,P1,2020
XRP,S2,3971,0.22271,0.2335,0.008544094543764997,0.34676,4036,4036,DT2,entry,3974.0,3976.0,2020-02-27 12:00:00+00:00,0.23639,0.22470219759651613,5.0,0.011687802403483855,1.450890738008206,4.944288000120079,0.2002310544968166,13.701019680674388,46.68979229239817,9.44317812620629,7.717824327277581,0.11470751903901714,False,0.0,,,P1,2020
XRP,S2,3971,0.22271,0.2335,0.008544094543764997,0.34676,4036,4036,DT3,no_breakout,,,,,,,,,,,,,,,,,,2.760971321088045,,P1,2020
XRP,S2,3973,0.22363,0.2285,0.008408275397430024,0.34676,4036,4036,DT1,entry,3982.0,3986.0,2020-02-29 04:00:00+00:00,0.23838,0.22471537975417477,13.0,0.013664620245825237,1.805282876254032,5.732284690756455,0.17270600701259933,14.318477543361531,45.46522359258327,7.931431540010184,6.6309633767633915,0.13104505298047198,False,,,,P1,2020
XRP,S2,3973,0.22363,0.2285,0.008408275397430024,0.34676,4036,4036,DT2,entry,3981.0,3983.0,2020-02-28 16:00:00+00:00,0.23759,0.22449741786320235,10.0,0.013092582136797648,1.6355169849521987,5.510577943851866,0.1796544772775676,13.637446561851661,45.94890357338273,8.338309346417606,6.931522698839209,0.12607919537900983,False,0.0,,,P1,2020
XRP,S2,3973,0.22363,0.2285,0.008408275397430024,0.34676,4036,4036,DT3,no_breakout,,,,,,,,,,,,,,,,,,2.2263780757849254,,P1,2020
XRP,S2,3981,0.22857,0.2302799999999999,0.007892484602333405,0.34676,3995,3995,DT1,no_higher_low,,,,,,,,,,,,,,,,,,,,P1,2020
XRP,S2,3981,0.22857,0.2302799999999999,0.007892484602333405,0.34676,3995,3995,DT2,entry,3988.0,3990.0,2020-02-29 20:00:00+00:00,0.23497,0.22860331414408022,9.0,0.00636668585591979,0.9317048924601609,2.7095739268501466,0.3653710977175166,16.359420314617385,47.576286334425674,17.558585821547464,12.619368407695214,0.07342484394760775,False,0.0,,,P1,2020
XRP,S2,3981,0.22857,0.2302799999999999,0.007892484602333405,0.34676,3995,3995,DT3,no_consolidation,,,,,,,,,,,,,,,,,,2.3009230825272686,,P1,2020
XRP,S2,4003,0.23501,0.2355,0.005664367231767166,0.34676,4004,4004,DT1,no_higher_low,,,,,,,,,,,,,,,,,,,,P1,2020
XRP,S2,4003,0.23501,0.2355,0.005664367231767166,0.34676,4004,4004,DT2,no_retest_hold,,,,,,,,,,,,,,,,,0.0,,,P1,2020
XRP,S2,4003,0.23501,0.2355,0.005664367231767166,0.34676,4004,4004,DT3,no_consolidation,,,,,,,,,,,,,,,,,,2.43275187433441,,P1,2020
XRP,S2,4055,0.199,0.19979,0.006469340071476411,0.28467,4057,4057,DT1,no_higher_low,,,,,,,,,,,,,,,,,,,,P1,2020
XRP,S2,4055,0.199,0.19979,0.006469340071476411,0.28467,4057,4057,DT2,no_retest_hold,,,,,,,,,,,,,,,,,0.0,,,P1,2020
XRP,S2,4055,0.199,0.19979,0.006469340071476411,0.28467,4057,4057,DT3,no_consolidation,,,,,,,,,,,,,,,,,,16.785328766187114,,P1,2020
XRP,S2,4267,0.174,0.17568,0.004154968468980069,0.20519,-1,4447,DT1,entry,4274.0,4278.0,2020-04-17 20:00:00+00:00,0.18948,0.1841600978097718,11.0,0.0053199021902282095,1.3168712366283282,2.8076325682015035,0.3526102422419784,3.8888021598275997,8.291112518471607,2.953061811710881,1.9488753547257078,0.3391123325702642,False,,,,P1,2020
XRP,S2,4267,0.174,0.17568,0.004154968468980069,0.20519,-1,4447,DT2,no_retest_hold,,,,,,,,,,,,,,,,,0.0,,,P1,2020
XRP,S2,4267,0.174,0.17568,0.004154968468980069,0.20519,-1,4447,DT3,no_consolidation,,,,,,,,,,,,,,,,,,4.543957467054979,,P1,2020
XRP,S2,4415,0.18696,0.1926999999999999,0.006896812928403927,0.2359,-1,4595,DT1,entry,4428.0,4432.0,2020-05-13 12:00:00+00:00,0.19931,0.19037397415330384,17.0,0.008936025846696144,1.6949806956362161,4.483480932565423,0.22081057439303695,6.940372008464944,18.358336260097342,4.094661388376376,3.19144918477133,0.23858096708729543,False,,,,P1,2020
XRP,S2,4415,0.18696,0.1926999999999999,0.006896812928403927,0.2359,-1,4595,DT2,entry,4418.0,4420.0,2020-05-11 12:00:00+00:00,0.19683,0.1883550664560581,5.0,0.00847493354394191,1.3139702614744133,4.305712312118025,0.22992711269021326,6.057489164915297,19.849616420261135,4.610065647998879,3.5801824764680656,0.21833191256849968,False,0.0,,,P1,2020
XRP,S2,4415,0.18696,0.1926999999999999,0.006896812928403927,0.2359,-1,4595,DT3,no_consolidation,,,,,,,,,,,,,,,,,,2.7998439569780746,,P1,2020
XRP,S2,4419,0.19158,0.1926999999999999,0.006449867087883815,0.2359,-1,4599,DT1,entry,4441.0,4445.0,2020-05-15 16:00:00+00:00,0.19974,0.19496921588454438,26.0,0.004770784115455617,1.03228685093219,2.3884971039629606,0.4144865816908072,7.82418395516586,18.103534594973464,7.5794668391836595,5.0950271867281085,0.1640681771161735,False,,,,P1,2020
XRP,S2,4419,0.19158,0.1926999999999999,0.006449867087883815,0.2359,-1,4599,DT2,entry,4422.0,4424.0,2020-05-12 04:00:00+00:00,0.19456,0.1856656039944678,5.0,0.008894396005532212,1.3623341026117564,4.571543999553974,0.2165570319560722,6.331952362694475,21.247944078947363,4.647870408995392,3.6604842253482177,0.2145699784930144,False,0.0,,,P1,2020
XRP,S2,4419,0.19158,0.1926999999999999,0.006449867087883815,0.2359,-1,4599,DT3,no_consolidation,,,,,,,,,,,,,,,,,,3.466738104108165,,P1,2020
XRP,S2,4421,0.184,0.1926999999999999,0.006805344580879413,0.2359,-1,4601,DT1,entry,4428.0,4432.0,2020-05-13 12:00:00+00:00,0.19931,0.19037397415330384,11.0,0.008936025846696144,1.6949806956362161,4.483480932565423,0.22081057439303695,6.940372008464944,18.358336260097342,4.094661388376376,3.19144918477133,0.23858096708729543,False,,,,P1,2020
XRP,S2,4421,0.184,0.1926999999999999,0.006805344580879413,0.2359,-1,4601,DT2,entry,4424.0,4426.0,2020-05-12 12:00:00+00:00,0.19718,0.19028291875033193,5.0,0.006897081249668063,1.1243721128050481,3.4978604572817042,0.28303015860425706,6.312190132587856,19.636880008114417,5.613968952716554,4.177242181783297,0.1931530272079238,False,0.0,,,P1,2020
XRP,S2,4421,0.184,0.1926999999999999,0.006805344580879413,0.2359,-1,4601,DT3,entry,4459.0,4460.0,2020-05-18 04:00:00+00:00,0.20639,0.18710172966510952,39.0,0.019288270334890473,5.275005005221486,9.345545004549868,0.10593282676591036,8.070469513406994,14.298173361112463,1.529945375486546,1.2972875020339976,0.43529597367095285,False,,2.5612222559563076,,P1,2020
XRP,S2,4422,0.18893,0.191465,0.0067063913965308836,0.2359,-1,4602,DT1,entry,4428.0,4432.0,2020-05-13 12:00:00+00:00,0.19931,0.19037397415330384,10.0,0.008936025846696144,1.6949806956362161,4.483480932565423,0.22081057439303695,6.940372008464944,18.358336260097342,4.094661388376376,3.19144918477133,0.23858096708729543,False,,,,P1,2020
XRP,S2,4422,0.18893,0.191465,0.0067063913965308836,0.2359,-1,4602,DT2,entry,4428.0,4430.0,2020-05-13 04:00:00+00:00,0.1985,0.19018857357424587,8.0,0.008311426425754137,1.4729121322971728,4.187116587281681,0.23643955914843973,6.627853141696545,18.841309823677577,4.499829281302517,3.4674339511259036,0.22384214538817646,False,0.0,,,P1,2020
XRP,S2,4422,0.18893,0.191465,0.0067063913965308836,0.2359,-1,4602,DT3,entry,4459.0,4460.0,2020-05-18 04:00:00+00:00,0.20639,0.18945172966510954,38.0,0.016938270334890454,4.6323210554923575,8.206923947328095,0.12062984942395032,8.070469513406994,14.298173361112463,1.7422085854429634,1.4578976011873868,0.40685177426305696,False,,2.2486012384843272,,P1,2020
XRP,S2,4481,0.18986,0.19407,0.0038618450433112257,0.22667,4608,4608,DT1,entry,4492.0,4496.0,2020-05-24 04:00:00+00:00,0.19973,0.19636524524624555,15.0,0.0033647547537544453,1.0751700052935214,1.6846516566136511,0.5876585798099156,8.60837774589301,13.488209082261063,8.00652706410176,4.71022424587863,0.17512447093855427,False,,,,P1,2020
XRP,S2,4481,0.18986,0.19407,0.0038618450433112257,0.22667,4608,4608,DT2,entry,4484.0,4486.0,2020-05-22 12:00:00+00:00,0.2007,0.1901356480856673,5.0,0.010564351914332692,2.6619149148968244,5.263752822288337,0.188078740287355,6.543698174810115,12.9397110114599,2.458267218906863,1.9267968136691946,0.3416704553352115,False,0.0,,,P1,2020
XRP,S2,4481,0.18986,0.19407,0.0038618450433112257,0.22667,4608,4608,DT3,entry,4533.0,4534.0,2020-05-30 12:00:00+00:00,0.20473,0.19070007349404644,53.0,0.014029926505953555,4.940370662540601,6.8528923489247076,0.1444645486303811,7.725751969559154,10.716553509500324,1.5638000662861524,1.252924695676536,0.4438674767598957,False,,2.6878344116831716,,P1,2020
XRP,S2,4501,0.18972,0.19301,0.0033858677940353057,0.225,4608,4608,DT1,entry,4521.0,4525.0,2020-05-29 00:00:00+00:00,0.20052,0.19370116500365148,24.0,0.006818834996348527,2.5851736628266537,3.400576000572774,0.29112715017492624,9.280918411999338,12.208258527827649,3.5900560745507106,2.5778527752056037,0.27949724676486565,False,,,,P1,2020
XRP,S2,4501,0.18972,0.19301,0.0033858677940353057,0.225,4608,4608,DT2,entry,4504.0,4506.0,2020-05-25 20:00:00+00:00,0.19498,0.19095008954517073,5.0,0.004029910454829255,1.2515945973084035,2.0668327289102755,0.4789937696225525,9.323499921982815,15.396450918042886,7.449297034385829,4.74558217754174,0.17404676655897247,False,0.0,,,P1,2020
XRP,S2,4501,0.18972,0.19301,0.0033858677940353057,0.225,4608,4608,DT3,entry,4524.0,4525.0,2020-05-29 00:00:00+00:00,0.20052,0.19007116500365148,24.0,0.010448834996348522,3.9613882802922395,5.210869238155057,0.18998749628008627,9.280918411999338,12.208258527827649,2.342844920850492,1.8252696667403303,0.3539485139320366,False,,2.684688402782097,,P1,2020
XRP,S2,4628,0.18202,0.1846,0.0027031157859914033,0.2147,4687,4687,DT1,entry,4636.0,4640.0,2020-06-17 04:00:00+00:00,0.19152,0.18882140211909382,12.0,0.0026985978809061784,1.0806513138351972,1.409042335477328,0.702604865072863,9.28241203772396,12.103174603174606,8.589645817188686,4.674021144751314,0.17624185290973723,False,,,,P1,2020
XRP,S2,4628,0.18202,0.1846,0.0027031157859914033,0.2147,4687,4687,DT2,entry,4659.0,4661.0,2020-06-20 16:00:00+00:00,0.18607,0.18361522597250998,33.0,0.002454774027490031,0.9704397679487523,1.3192744813726183,0.7504124531916742,11.318227358296262,15.386682431343035,11.662987989682183,6.277591749390613,0.13740809246186897,False,0.0,,,P1,2020
XRP,S2,4628,0.18202,0.1846,0.0027031157859914033,0.2147,4687,4687,DT3,no_consolidation,,,,,,,,,,,,,,,,,,5.848806063703803,,P1,2020
XRP,S2,4708,0.176,0.17849,0.003328593877610818,0.20528,4721,4721,DT1,window_or_invalidated,,,,,,,,,,,,,,,,,,,4764.0,P1,2020
XRP,S2,4708,0.176,0.17849,0.003328593877610818,0.20528,4721,4721,DT2,retest_failed,,,,,,,,,,,,,,,,,1.0,,4712.0,P1,2020
XRP,S2,4708,0.176,0.17849,0.003328593877610818,0.20528,4721,4721,DT3,no_consolidation,,,,,,,,,,,,,,,,,,1.8326056660232826,,P1,2020
XRP,S2,4723,0.17373,0.17487,0.002363484810175815,0.2036,-1,4903,DT1,entry,4740.0,4744.0,2020-07-04 12:00:00+00:00,0.17751,0.17421494242194224,21.0,0.0032950575780577585,1.4775279962659518,1.8562658881515173,0.5333287684265151,11.698947441549981,14.697763506281337,7.9179193024537415,4.851185394787087,0.17090554007926595,False,,,,P1,2020
XRP,S2,4723,0.17373,0.17487,0.002363484810175815,0.2036,-1,4903,DT2,entry,4726.0,4728.0,2020-07-01 20:00:00+00:00,0.17603,0.1741174790495701,5.0,0.0019125209504299023,0.8518865281300194,1.0864744364198728,0.9112041358858168,12.280394405752928,15.66210305061638,14.415528359991425,7.114030778094004,0.12324330870173272,False,0.0,,,P1,2020
XRP,S2,4723,0.17373,0.17487,0.002363484810175815,0.2036,-1,4903,DT3,no_consolidation,,,,,,,,,,,,,,,,,,2.898262756125124,,P1,2020
XRP,S2,4733,0.172,0.17373,0.0024400482277324056,0.19895,-1,4913,DT1,entry,4740.0,4744.0,2020-07-04 12:00:00+00:00,0.17751,0.17421494242194224,11.0,0.0032950575780577585,1.4775279962659518,1.8562658881515173,0.5333287684265151,9.613853321074412,12.078192777871662,6.506714827313457,3.930831910133925,0.20280553428414055,False,,,,P1,2020
XRP,S2,4733,0.172,0.17373,0.0024400482277324056,0.19895,-1,4913,DT2,entry,4752.0,4754.0,2020-07-06 04:00:00+00:00,0.17695,0.1726936433778298,21.0,0.004256356622170193,2.0735271397042534,2.405400747199883,0.411573830744193,10.717522313775122,12.43289064707544,5.168739829131805,3.3995665037756218,0.22729512081288453,False,0.0,,,P1,2020
XRP,S2,4733,0.172,0.17373,0.0024400482277324056,0.19895,-1,4913,DT3,entry,4754.0,4755.0,2020-07-06 08:00:00+00:00,0.18195,0.17260766885084194,22.0,0.009342331149158056,3.9845103304930607,5.134559576344081,0.19281108443285444,7.250511091601211,9.343226161033243,1.81967431132347,1.3802178027108374,0.42012961959241585,False,,2.4015918756842933,,P1,2020
XRP,S2,5062,0.2739,0.27809,0.005435412524901541,0.32689,5067,5067,DT1,window_or_invalidated,,,,,,,,,,,,,,,,,,,5091.0,P1,2020
XRP,S2,5062,0.2739,0.27809,0.005435412524901541,0.32689,5067,5067,DT2,retest_failed,,,,,,,,,,,,,,,,,0.0,,5065.0,P1,2020
XRP,S2,5062,0.2739,0.27809,0.005435412524901541,0.32689,5067,5067,DT3,no_consolidation,,,,,,,,,,,,,,,,,,4.829440245747584,,P1,2020
XRP,S2,5071,0.26,0.2625,0.006158187803314773,0.32689,5112,5112,DT1,entry,5091.0,5095.0,2020-09-01 00:00:00+00:00,0.28115,0.2758064891822099,24.0,0.005343510817790109,1.1962133281890963,1.9005907230268928,0.5208906830942117,10.239484768929017,16.26889560732705,8.559915299079806,5.320329676843003,0.1582195947252389,False,,,,P1,2020
XRP,S2,5071,0.26,0.2625,0.006158187803314773,0.32689,5112,5112,DT2,entry,5103.0,5105.0,2020-09-02 16:00:00+00:00,0.2709,0.2580576799280838,34.0,0.012842320071916158,1.550136137352552,4.7406127987878035,0.20883376095452208,6.758289923030978,20.66814322628278,4.359804123122588,3.4513138333943014,0.22465277386147825,False,0.0,,,P1,2020
XRP,S2,5071,0.26,0.2625,0.006158187803314773,0.32689,5112,5112,DT3,no_consolidation,,,,,,,,,,,,,,,,,,3.280185769769302,,P1,2020
XRP,S2,5074,0.2666,0.27,0.00578711683814962,0.32689,5109,5109,DT1,entry,5091.0,5095.0,2020-09-01 00:00:00+00:00,0.28115,0.2758064891822099,21.0,0.005343510817790109,1.1962133281890963,1.9005907230268928,0.5208906830942117,10.239484768929017,16.26889560732705,8.559915299079806,5.320329676843003,0.1582195947252389,False,,,,P1,2020
XRP,S2,5074,0.2666,0.27,0.00578711683814962,0.32689,5109,5109,DT2,entry,5077.0,5079.0,2020-08-29 08:00:00+00:00,0.27211,0.2660495951684924,5.0,0.006060404831507604,1.1652810281839976,2.227189310024477,0.44450644385910776,10.53297535373389,20.131564440851125,9.039000120124443,5.980861735707038,0.14324879045877817,False,0.0,,,P1,2020
XRP,S2,5074,0.2666,0.27,0.00578711683814962,0.32689,5109,5109,DT3,entry,5096.0,5097.0,2020-09-01 08:00:00+00:00,0.29453,0.2659883503662932,23.0,0.02854164963370681,5.361646640538101,9.690574689745294,0.10216112374095133,6.078936834923212,10.98699623128374,1.1337816985106506,0.9453607623734084,0.5140434717003158,False,,2.7388422323728085,,P1,2020
XRP,S2,5111,0.25619,0.2622,0.008316056685148671,0.32689,5112,5112,DT1,no_higher_low,,,,,,,,,,,,,,,,,,,,P1,2020
XRP,S2,5111,0.25619,0.2622,0.008316056685148671,0.32689,5112,5112,DT2,no_retest_hold,,,,,,,,,,,,,,,,,0.0,,,P1,2020
XRP,S2,5111,0.25619,0.2622,0.008316056685148671,0.32689,5112,5112,DT3,no_consolidation,,,,,,,,,,,,,,,,,,4.4179593034295435,,P1,2020
XRP,S2,5219,0.22915,0.22962,0.0044563644674286635,0.304,5231,5231,DT1,window_or_invalidated,,,,,,,,,,,,,,,,,,,5248.0,P1,2020
XRP,S2,5219,0.22915,0.22962,0.0044563644674286635,0.304,5231,5231,DT2,entry,5222.0,5224.0,2020-09-22 12:00:00+00:00,0.23157,0.2275592620841026,5.0,0.0040107379158974,0.9280944917911603,1.7319764718648358,0.5716012983329141,16.760477859694028,31.27779936952109,18.059020937994607,11.16387290030553,0.08221065841413734,False,0.0,,,P1,2020
XRP,S2,5219,0.22915,0.22962,0.0044563644674286635,0.304,5231,5231,DT3,no_consolidation,,,,,,,,,,,,,,,,,,3.5365150483514123,,P1,2020
XRP,S2,5772,0.40215,0.43722,0.031810563268255085,0.65852,5774,5774,DT1,no_higher_low,,,,,,,,,,,,,,,,,,,,P1,2020
XRP,S2,5772,0.40215,0.43722,0.031810563268255085,0.65852,5774,5774,DT2,no_retest_hold,,,,,,,,,,,,,,,,,0.0,,,P1,2020
XRP,S2,5772,0.40215,0.43722,0.031810563268255085,0.65852,5774,5774,DT3,no_consolidation,,,,,,,,,,,,,,,,,,7.443439401033535,,P1,2020
XRP,S2,6516,0.9418,1.02673,0.09354776454251545,1.96689,6673,6673,DT1,entry,6526.0,6530.0,2021-04-28 04:00:00+00:00,1.3817,1.2818464978812412,14.0,0.09985350211875876,1.0724596171522258,7.226858371481419,0.13698898596196812,6.2851340217882035,42.35289860317002,5.860485487069007,5.0460768250645485,0.16539650899810124,False,,,,P2,2021
XRP,S2,6516,0.9418,1.02673,0.09354776454251545,1.96689,6673,6673,DT2,entry,6658.0,6660.0,2021-05-19 20:00:00+00:00,1.1648,0.7718597673246507,144.0,0.3929402326753494,2.5143272500090044,33.73456667885898,0.029346753121937096,5.132375298474338,68.86074862637362,2.0412519088181376,1.9574253943896034,0.33813194473039093,False,0.0,,,P2,2021
XRP,S2,6516,0.9418,1.02673,0.09354776454251545,1.96689,6673,6673,DT3,no_consolidation,,,,,,,,,,,,,,,,,,4.7964801959118475,,P2,2021
XRP,S2,6672,0.8641,0.88601,0.12672046120959832,1.7658,6681,6681,DT1,window_or_invalidated,,,,,,,,,,,,,,,,,,,6703.0,P2,2021
XRP,S2,6672,0.8641,0.88601,0.12672046120959832,1.7658,6681,6681,DT2,entry,6675.0,6677.0,2021-05-22 16:00:00+00:00,0.9119,0.8149256651836821,5.0,0.0969743348163179,0.8207822831847699,10.634316790911052,0.09309483810432788,7.227334871015172,93.6396534707753,8.805422606067868,7.978933742006705,0.11137179856018291,False,0.0,,,P2,2021
XRP,S2,6672,0.8641,0.88601,0.12672046120959832,1.7658,6681,6681,DT3,no_consolidation,,,,,,,,,,,,,,,,,,2.8898253407892622,,P2,2021
XRP,S2,6674,0.816,0.88601,0.12508958134909243,1.7658,6681,6681,DT1,window_or_invalidated,,,,,,,,,,,,,,,,,,,6694.0,P2,2021
XRP,S2,6674,0.816,0.88601,0.12508958134909243,1.7658,6681,6681,DT2,entry,6677.0,6679.0,2021-05-23 00:00:00+00:00,0.9052,0.8112971296736851,5.0,0.09390287032631495,0.8489873108958041,10.373715237109472,0.09543350452290351,7.7807896310085205,95.07291206363236,9.164789074171987,8.288038735436418,0.10766535632379799,False,0.0,,,P2,2021
XRP,S2,6674,0.816,0.88601,0.12508958134909243,1.7658,6681,6681,DT3,no_consolidation,,,,,,,,,,,,,,,,,,3.3575937777574736,,P2,2021
XRP,S2,6714,0.8587,0.8791,0.06593647294403897,1.705,6718,6718,DT1,window_or_invalidated,,,,,,,,,,,,,,,,,,,6737.0,P2,2021
XRP,S2,6714,0.8587,0.8791,0.06593647294403897,1.705,6718,6718,DT2,no_retest_hold,,,,,,,,,,,,,,,,,0.0,,,P2,2021
XRP,S2,6714,0.8587,0.8791,0.06593647294403897,1.705,6718,6718,DT3,no_consolidation,,,,,,,,,,,,,,,,,,3.918923601195761,,P2,2021
XRP,S2,6961,0.5917,0.6108,0.017216037740859978,0.8055,7005,7005,DT1,entry,6971.0,6975.0,2021-07-11 08:00:00+00:00,0.6218,0.6044307997432747,14.0,0.01736920025672528,1.1473603331668178,2.793374116552795,0.35441010000541007,12.1347033880351,29.54326149887423,10.57619218414343,7.573467655105048,0.11663891907314221,False,,,,P2,2021
XRP,S2,6961,0.5917,0.6108,0.017216037740859978,0.8055,7005,7005,DT2,entry,6964.0,6966.0,2021-07-09 20:00:00+00:00,0.6311,0.5977624042857572,5.0,0.033337595714242774,1.8443841021625051,5.282458519132114,0.18741273526605046,9.64858384432679,27.63428933607986,5.231331062230481,4.263765037983913,0.1899780846568737,False,0.0,,,P2,2021
XRP,S2,6961,0.5917,0.6108,0.017216037740859978,0.8055,7005,7005,DT3,entry,6980.0,6981.0,2021-07-12 08:00:00+00:00,0.6521,0.5980077840955984,20.0,0.05409221590440161,3.7604694174501976,8.295079881061433,0.11934785610205845,10.664307220402117,23.523999386597144,2.835897872461118,2.4376741693696355,0.2908943520331857,False,,2.538330866705986,,P2,2021
XRP,S2,7405,0.8668,0.8738,0.03882173531336797,1.4151,-1,7585,DT1,entry,7419.0,7423.0,2021-09-24 00:00:00+00:00,1.0016,0.9491933625652802,18.0,0.05240663743471985,1.4235798803714956,5.232292076150145,0.1892096208681893,11.232361192165088,41.28394568690095,7.8902219306681305,6.491811247776316,0.13347907027113307,False,,,,P2,2021
XRP,S2,7405,0.8668,0.8738,0.03882173531336797,1.4151,-1,7585,DT2,entry,7410.0,7412.0,2021-09-22 04:00:00+00:00,0.9218,0.8374482926101833,7.0,0.08435170738981668,2.032404028383941,9.150760185486732,0.10818773303338859,11.88576898116036,53.514862226079416,5.84813295740773,5.189439574894509,0.16156551621509993,False,0.0,,,P2,2021
XRP,S2,7405,0.8668,0.8738,0.03882173531336797,1.4151,-1,7585,DT3,no_consolidation,,,,,,,,,,,,,,,,,,4.090492058589621,,P2,2021
XRP,S2,7746,1.0645,1.0851,0.032697211071220755,1.3493,7756,7756,DT1,no_higher_low,,,,,,,,,,,,,,,,,,,,P2,2021
XRP,S2,7746,1.0645,1.0851,0.032697211071220755,1.3493,7756,7756,DT2,entry,7749.0,7751.0,2021-11-17 16:00:00+00:00,1.0853,1.0491734740029528,5.0,0.03612652599704713,1.0546950970464062,3.32871335087507,0.29741221176036187,7.707342401065909,24.325071408827057,7.307649786795955,5.426401222965765,0.15560808690660977,False,0.0,,,P2,2021
XRP,S2,7746,1.0645,1.0851,0.032697211071220755,1.3493,7756,7756,DT3,no_consolidation,,,,,,,,,,,,,,,,,,4.7404654685190275,,P2,2021
XRP,S2,7757,1.015,1.0522,0.03829206220156884,1.3493,7802,7802,DT1,entry,7768.0,7772.0,2021-11-21 04:00:00+00:00,1.0759,1.0443354019173063,15.0,0.03156459808269374,1.0476415603465539,2.933785489608118,0.33744798435561146,9.074254702954356,25.411283576540555,8.661602447265116,6.249394530226876,0.13794255448926493,False,,,,P2,2021
XRP,S2,7757,1.015,1.0522,0.03829206220156884,1.3493,7802,7802,DT2,entry,7760.0,7762.0,2021-11-19 12:00:00+00:00,1.0532,1.0073076857489198,5.0,0.04589231425108009,1.2753310555456876,4.357416848754282,0.22719882773736136,8.228513460468832,28.114318268135214,6.452060760763034,5.091115773867023,0.1641735335733304,False,0.0,,,P2,2021
XRP,S2,7757,1.015,1.0522,0.03829206220156884,1.3493,7802,7802,DT3,no_breakout,,,,,,,,,,,,,,,,,,2.235450249438194,,P2,2021
XRP,S2,7785,1.0192,1.0251,0.027220978519944206,1.3493,7793,7793,DT1,no_higher_low,,,,,,,,,,,,,,,,,,,,P2,2021
XRP,S2,7785,1.0192,1.0251,0.027220978519944206,1.3493,7793,7793,DT2,entry,7790.0,7792.0,2021-11-24 12:00:00+00:00,1.0355,1.0178214020818233,7.0,0.01767859791817683,0.7027252970949309,1.7072523339620307,0.5798791311079957,12.473568280076062,30.304200869145326,17.750276433254705,10.905246238470541,0.0839965826803822,False,0.0,,,P2,2021
XRP,S2,7785,1.0192,1.0251,0.027220978519944206,1.3493,7793,7793,DT3,no_consolidation,,,,,,,,,,,,,,,,,,5.977007765565561,,P2,2021
XRP,S2,7863,0.7485,0.769,0.04212647953353506,1.17,-1,8043,DT1,entry,7875.0,7879.0,2021-12-09 00:00:00+00:00,0.8623,0.7853703909333775,16.0,0.0769296090666225,2.232482721144614,8.921443704815319,0.11096858678440696,8.929395867607997,35.68363678534153,3.999760348886291,3.5104509314256194,0.22170732266095836,False,,,,P2,2021
XRP,S2,7863,0.7485,0.769,0.04212647953353506,1.17,-1,8043,DT2,entry,7907.0,7909.0,2021-12-14 00:00:00+00:00,0.782,0.7456776919597776,46.0,0.036322308040222406,1.2592404745108432,4.64479642458087,0.2131417417479893,13.45138374932452,49.616368286445,10.682140561396553,8.647405268073971,0.10365481414047015,False,0.0,,,P2,2021
XRP,S2,7863,0.7485,0.769,0.04212647953353506,1.17,-1,8043,DT3,no_consolidation,,,,,,,,,,,,,,,,,,4.059204611766202,,P2,2021
XRP,S2,8074,0.6967,0.7092,0.020889041188423923,1.0167,8137,8137,DT1,entry,8085.0,8089.0,2022-01-13 00:00:00+00:00,0.7986,0.7465789495583763,15.0,0.05202105044162364,2.4959600154050396,6.514030859206567,0.15197963003211587,10.464396138457689,27.310293012772348,4.192533563787698,3.520813481244916,0.22119912802167313,False,,,,P2,2022
XRP,S2,8074,0.6967,0.7092,0.020889041188423923,1.0167,8137,8137,DT2,no_retest_hold,,,,,,,,,,,,,,,,,0.0,,,P2,2022
XRP,S2,8074,0.6967,0.7092,0.020889041188423923,1.0167,8137,8137,DT3,no_consolidation,,,,,,,,,,,,,,,,,,4.902091918740001,,P2,2022
XRP,S2,8698,0.6971,0.70415,0.011874155647423584,0.8381,8701,8701,DT1,no_higher_low,,,,,,,,,,,,,,,,,,,,P2,2022
XRP,S2,8698,0.6971,0.70415,0.011874155647423584,0.8381,8701,8701,DT2,no_retest_hold,,,,,,,,,,,,,,,,,0.0,,,P2,2022
XRP,S2,8698,0.6971,0.70415,0.011874155647423584,0.8381,8701,8701,DT3,no_consolidation,,,,,,,,,,,,,,,,,,6.678369591458588,,P2,2022
XRP,S2,8780,0.5642,0.5663,0.014270087743852666,0.786,8786,8786,DT1,no_higher_low,,,,,,,,,,,,,,,,,,,,P2,2022
XRP,S2,8780,0.5642,0.5663,0.014270087743852666,0.786,8786,8786,DT2,no_retest_hold,,,,,,,,,,,,,,,,,2.0,,,P2,2022
XRP,S2,8780,0.5642,0.5663,0.014270087743852666,0.786,8786,8786,DT3,no_consolidation,,,,,,,,,,,,,,,,,,7.631347610102289,,P2,2022
XRP,S2,8783,0.5572,0.5642,0.01382215115643014,0.786,8786,8786,DT1,no_higher_low,,,,,,,,,,,,,,,,,,,,P2,2022
XRP,S2,8783,0.5572,0.5642,0.01382215115643014,0.786,8786,8786,DT2,no_retest_hold,,,,,,,,,,,,,,,,,0.0,,,P2,2022
XRP,S2,8783,0.5572,0.5642,0.01382215115643014,0.786,8786,8786,DT3,no_consolidation,,,,,,,,,,,,,,,,,,12.66083679880675,,P2,2022
XRP,S2,8876,0.4055,0.4101,0.009925454764209187,0.6572,8878,8878,DT1,no_higher_low,,,,,,,,,,,,,,,,,,,,P2,2022
XRP,S2,8876,0.4055,0.4101,0.009925454764209187,0.6572,8878,8878,DT2,no_retest_hold,,,,,,,,,,,,,,,,,0.0,,,P2,2022
XRP,S2,8876,0.4055,0.4101,0.009925454764209187,0.6572,8878,8878,DT3,no_consolidation,,,,,,,,,,,,,,,,,,3.8789154668085852,,P2,2022
XRP,S2,8878,0.3908,0.4002,0.010282662526282413,0.6572,8889,8889,DT1,window_or_invalidated,,,,,,,,,,,,,,,,,,,8920.0,P2,2022
XRP,S2,8878,0.3908,0.4002,0.010282662526282413,0.6572,8889,8889,DT2,entry,8883.0,8885.0,2022-05-25 16:00:00+00:00,0.4021,0.3895927638485411,7.0,0.012507236151458934,1.2009476608771406,3.110479022994015,0.3182789508244515,24.49476003969289,63.44192986819199,20.396192804774323,15.254785969498492,0.06152034249337169,False,0.0,,,P2,2022
XRP,S2,8878,0.3908,0.4002,0.010282662526282413,0.6572,8889,8889,DT3,no_consolidation,,,,,,,,,,,,,,,,,,3.744166445372903,,P2,2022
XRP,S2,8879,0.3988,0.4002,0.010155329488690813,0.6572,8883,8883,DT1,window_or_invalidated,,,,,,,,,,,,,,,,,,,8920.0,P2,2022
XRP,S2,8879,0.3988,0.4002,0.010155329488690813,0.6572,8883,8883,DT2,no_retest_hold,,,,,,,,,,,,,,,,,0.0,,,P2,2022
XRP,S2,8879,0.3988,0.4002,0.010155329488690813,0.6572,8883,8883,DT3,no_consolidation,,,,,,,,,,,,,,,,,,3.791112838128431,,P2,2022
XRP,S2,8890,0.3753,0.3928,0.010919774092583464,0.6059,8986,8986,DT1,entry,8920.0,8924.0,2022-06-01 04:00:00+00:00,0.4172,0.40161526441406903,34.0,0.015584735585930987,1.595248638515686,3.7355550301847997,0.2650208582126079,19.315272718496217,45.23010546500479,12.108001381194276,9.38304710912885,0.09631084107485102,False,,,,P2,2022
XRP,S2,8890,0.3753,0.3928,0.010919774092583464,0.6059,8986,8986,DT2,entry,8893.0,8895.0,2022-05-27 08:00:00+00:00,0.396,0.3799004663700245,5.0,0.016099533629975515,1.4375780818416124,4.065538795448362,0.24351015936888118,18.742632321767033,53.0050505050505,13.037644743273175,10.308505703085707,0.08842901319200237,False,0.0,,,P2,2022
XRP,S2,8890,0.3753,0.3928,0.010919774092583464,0.6059,8986,8986,DT3,entry,8916.0,8917.0,2022-05-31 00:00:00+00:00,0.4188,0.3721568909457019,27.0,0.04664310905429808,5.496336348820785,11.137323078867736,0.08889030092684062,22.047512520386046,44.675262655205344,4.011310647885704,3.6104639391938536,0.21689791161773006,False,,2.4542632267641986,,P2,2022
XRP,S2,9001,0.2936,0.3012,0.015329389645211041,0.4342,-1,9181,DT1,entry,9018.0,9022.0,2022-06-17 12:00:00+00:00,0.3253,0.29970737823994026,21.0,0.02559262176005972,1.6853613000114913,7.86739064250222,0.1258358768473623,7.171435865069539,33.4767906547802,4.25513263240389,3.679050859336877,0.2137185574729405,False,,,,P2,2022
XRP,S2,9001,0.2936,0.3012,0.015329389645211041,0.4342,-1,9181,DT2,entry,9008.0,9010.0,2022-06-15 12:00:00+00:00,0.3096,0.29294640458064286,9.0,0.016653595419357126,1.1805040145664445,5.3790682879060485,0.18404674322983636,8.832375022393638,40.24547803617571,7.4818678406929795,6.179157807258267,0.13929210456816823,False,0.0,,,P2,2022
XRP,S2,9001,0.2936,0.3012,0.015329389645211041,0.4342,-1,9181,DT3,no_consolidation,,,,,,,,,,,,,,,,,,3.2290913823476313,,P2,2022
XRP,S2,9175,0.3069,0.3089,0.007316553053451186,0.3871,-1,9355,DT1,entry,9184.0,9188.0,2022-07-15 04:00:00+00:00,0.3446,0.30774905850679934,13.0,0.03685094149320067,4.13967938575413,10.69383096146276,0.0925767392029715,4.774270799214514,12.333139872315723,1.1532948217304464,0.9793996429817483,0.5052036881716366,False,,,,P2,2022
XRP,S2,9175,0.3069,0.3089,0.007316553053451186,0.3871,-1,9355,DT2,entry,9178.0,9180.0,2022-07-13 20:00:00+00:00,0.3177,0.29783538406185417,5.0,0.019864615938145813,2.3849277140054843,6.252633282387729,0.15833329019768502,8.332100850444629,21.844507396915336,3.4936492211123964,2.8932166768503182,0.25685701131050787,False,0.0,,,P2,2022
XRP,S2,9175,0.3069,0.3089,0.007316553053451186,0.3871,-1,9355,DT3,no_consolidation,,,,,,,,,,,,,,,,,,6.423789953635379,,P2,2022
XRP,S2,9178,0.302,0.3089,0.008316095866775603,0.3871,-1,9358,DT1,entry,9184.0,9188.0,2022-07-15 04:00:00+00:00,0.3446,0.30774905850679934,10.0,0.03685094149320067,4.13967938575413,10.69383096146276,0.0925767392029715,4.774270799214514,12.333139872315723,1.1532948217304464,0.9793996429817483,0.5052036881716366,False,,,,P2,2022
XRP,S2,9178,0.302,0.3089,0.008316095866775603,0.3871,-1,9358,DT2,no_retest_hold,,,,,,,,,,,,,,,,,0.0,,,P2,2022
XRP,S2,9178,0.302,0.3089,0.008316095866775603,0.3871,-1,9358,DT3,no_consolidation,,,,,,,,,,,,,,,,,,4.641601133317181,,P2,2022
XRP,S2,9417,0.3313,0.3321,0.006981624611177641,0.3923,9456,9456,DT1,entry,9427.0,9431.0,2022-08-24 16:00:00+00:00,0.3456,0.3357790768479518,14.0,0.009820923152048244,1.5734003488043145,2.841702300939885,0.3483827280825864,7.481760640173317,13.512731481481472,4.7551537953191545,3.2942881492607645,0.23286746609496708,False,,,,P2,2022
XRP,S2,9417,0.3313,0.3321,0.006981624611177641,0.3923,9456,9456,DT2,entry,9422.0,9424.0,2022-08-23 12:00:00+00:00,0.341,0.32919941711495543,7.0,0.011800582885044597,1.73508237910366,3.460581491215424,0.2860790888794509,7.542824529525882,15.043988269794708,4.347242886197996,3.1802559503138874,0.23921980182216163,False,0.0,,,P2,2022
XRP,S2,9417,0.3313,0.3321,0.006981624611177641,0.3923,9456,9456,DT3,entry,9441.0,9442.0,2022-08-26 12:00:00+00:00,0.3535,0.3291305293610245,25.0,0.024369470638975488,3.511986866989527,6.893768214703108,0.1436079614467624,5.591631121492524,10.975954738330977,1.592156045357216,1.2793317184948212,0.4387250841489451,False,,2.850339442218062,,P2,2022
XRP,S2,9459,0.3187,0.3213,0.00660645791423991,0.3923,9511,9511,DT1,entry,9485.0,9489.0,2022-09-03 08:00:00+00:00,0.3282,0.3223936015009806,30.0,0.005806398499019372,0.9988992392093735,1.7691646858681815,0.559586118753087,11.02739352873121,19.530773918342472,11.039545427484125,6.755948281672458,0.12893329915092788,False,,,,P2,2022
XRP,S2,9459,0.3187,0.3213,0.00660645791423991,0.3923,9511,9511,DT2,entry,9466.0,9468.0,2022-08-30 20:00:00+00:00,0.3261,0.3167144195007708,9.0,0.009385580499229218,1.4282986676830696,2.8781295612478432,0.3439733962395964,10.074323246003194,20.30052131248083,7.053372991200341,5.018063900170673,0.1661663977964142,False,0.0,,,P2,2022
XRP,S2,9459,0.3187,0.3213,0.00660645791423991,0.3923,9511,9511,DT3,entry,9507.0,9508.0,2022-09-06 12:00:00+00:00,0.336,0.31755135909894194,49.0,0.018448640901058078,3.76711850502182,5.490666934838713,0.18030596496727425,11.496173239545492,16.75595238095237,3.0517153161548616,2.4481974680198917,0.29000659308941623,False,,2.40673598566764,,P2,2022
XRP,S2,10477,0.3765,0.3786,0.006603266671160038,0.4222,10541,10541,DT1,entry,10489.0,10493.0,2023-02-17 16:00:00+00:00,0.3887,0.3774017047760342,16.0,0.011298295223965804,1.6148287237972931,2.9066877344908164,0.3405938616152811,4.788046441949931,8.618471829174178,2.965049092445402,1.983343895064269,0.3351943440561543,False,,,,P2,2023
XRP,S2,10477,0.3765,0.3786,0.006603266671160038,0.4222,10541,10541,DT2,entry,10507.0,10509.0,2023-02-20 08:00:00+00:00,0.3907,0.37425755384932435,32.0,0.016442446150675638,2.616185825036405,4.208458190600369,0.2352405453881363,5.012019059296753,8.062452009214239,1.9157733412254878,1.3797267855656052,0.42021630636994467,False,0.0,,,P2,2023
XRP,S2,10477,0.3765,0.3786,0.006603266671160038,0.4222,10541,10541,DT3,no_consolidation,,,,,,,,,,,,,,,,,,3.8314369629351006,,P2,2023
XRP,S2,10867,0.4693,0.471,0.010675584455681742,0.5465,10869,10869,DT1,no_higher_low,,,,,,,,,,,,,,,,,,,,P2,2023
XRP,S2,10867,0.4693,0.471,0.010675584455681742,0.5465,10869,10869,DT2,no_retest_hold,,,,,,,,,,,,,,,,,0.0,,,P2,2023
XRP,S2,10867,0.4693,0.471,0.010675584455681742,0.5465,10869,10869,DT3,no_consolidation,,,,,,,,,,,,,,,,,,4.252694565667295,,P2,2023
XRP,S2,10889,0.4469,0.4526,0.011265655875654253,0.5465,10969,10969,DT1,entry,10906.0,10910.0,2023-04-28 04:00:00+00:00,0.4678,0.45035045084226594,21.0,0.017449549157734057,1.6309364250356073,3.7301302175575155,0.2654062840326928,7.355760053743991,16.82342881573322,4.510145178456847,3.3756333154677565,0.22853834585842112,False,,,,P2,2023
XRP,S2,10889,0.4469,0.4526,0.011265655875654253,0.5465,10969,10969,DT2,entry,10892.0,10894.0,2023-04-25 12:00:00+00:00,0.4567,0.44554285847739794,5.0,0.011157141522602054,1.103107503788164,2.4429913559452716,0.40524089354255505,8.878533416422478,19.662798335887892,8.048656532507346,5.468350015905826,0.15459893134121935,False,0.0,,,P2,2023
XRP,S2,10889,0.4469,0.4526,0.011265655875654253,0.5465,10969,10969,DT3,no_consolidation,,,,,,,,,,,,,,,,,,4.456021074501763,,P2,2023
XRP,S2,10971,0.4313,0.4329,0.007049975248496705,0.5391,10973,10973,DT1,window_or_invalidated,,,,,,,,,,,,,,,,,,,11026.0,P2,2023
XRP,S2,10971,0.4313,0.4329,0.007049975248496705,0.5391,10973,10973,DT2,no_retest_hold,,,,,,,,,,,,,,,,,0.0,,,P2,2023
XRP,S2,10971,0.4313,0.4329,0.007049975248496705,0.5391,10973,10973,DT3,no_consolidation,,,,,,,,,,,,,,,,,,3.9007229147171776,,P2,2023
XRP,S2,11518,0.6088,0.6106,0.011685219088288052,0.8547,11567,11567,DT1,entry,11534.0,11538.0,2023-08-10 20:00:00+00:00,0.6341,0.6177910213735516,20.0,0.016308978626448423,1.2925213090814738,2.571988428709734,0.3849161951699154,17.48302007833739,34.789465384008835,13.526291563240566,9.51700603819432,0.09508409488102676,False,,,,P2,2023
XRP,S2,11518,0.6088,0.6106,0.011685219088288052,0.8547,11567,11567,DT2,no_retest_hold,,,,,,,,,,,,,,,,,0.0,,,P2,2023
XRP,S2,11518,0.6088,0.6106,0.011685219088288052,0.8547,11567,11567,DT3,no_consolidation,,,,,,,,,,,,,,,,,,5.947684803758534,,P2,2023
XRP,S2,11519,0.5967,0.6106,0.012564846296267479,0.8547,11572,11572,DT1,entry,11523.0,11527.0,2023-08-09 00:00:00+00:00,0.6418,0.6081396089697211,8.0,0.03366039103027896,2.8236730492415543,5.244685420735269,0.18876251301669275,17.859566504820393,33.172327827983786,6.3249413771957474,5.17785993189319,0.16186835101869207,False,,,,P2,2023
XRP,S2,11519,0.5967,0.6106,0.012564846296267479,0.8547,11572,11572,DT2,retest_failed,,,,,,,,,,,,,,,,,0.0,,11567.0,P2,2023
XRP,S2,11519,0.5967,0.6106,0.012564846296267479,0.8547,11572,11572,DT3,no_consolidation,,,,,,,,,,,,,,,,,,4.146489242409348,,P2,2023
XRP,S2,11574,0.572,0.58,0.011244604662399573,0.7358,11580,11580,DT1,no_higher_low,,,,,,,,,,,,,,,,,,,,P2,2023
XRP,S2,11574,0.572,0.58,0.011244604662399573,0.7358,11580,11580,DT2,no_retest_hold,,,,,,,,,,,,,,,,,1.0,,,P2,2023
XRP,S2,11574,0.572,0.58,0.011244604662399573,0.7358,11580,11580,DT3,no_consolidation,,,,,,,,,,,,,,,,,,15.314011045298319,,P2,2023
XRP,S2,11575,0.5792,0.58,0.011555704329371029,0.7358,11578,11578,DT1,no_higher_low,,,,,,,,,,,,,,,,,,,,P2,2023
XRP,S2,11575,0.5792,0.58,0.011555704329371029,0.7358,11578,11578,DT2,no_retest_hold,,,,,,,,,,,,,,,,,0.0,,,P2,2023
XRP,S2,11575,0.5792,0.58,0.011555704329371029,0.7358,11578,11578,DT3,no_consolidation,,,,,,,,,,,,,,,,,,14.823847609583463,,P2,2023
XRP,S2,11579,0.568,0.572,0.011405049233422684,0.7358,11580,11580,DT1,no_higher_low,,,,,,,,,,,,,,,,,,,,P2,2023
XRP,S2,11579,0.568,0.572,0.011405049233422684,0.7358,11580,11580,DT2,no_retest_hold,,,,,,,,,,,,,,,,,0.0,,,P2,2023
XRP,S2,11579,0.568,0.572,0.011405049233422684,0.7358,11580,11580,DT3,no_consolidation,,,,,,,,,,,,,,,,,,13.537863523423313,,P2,2023
XRP,S2,11664,0.5028,0.5102,0.008943459111774604,0.6385,11668,11668,DT1,no_higher_low,,,,,,,,,,,,,,,,,,,,P2,2023
XRP,S2,11664,0.5028,0.5102,0.008943459111774604,0.6385,11668,11668,DT2,no_retest_hold,,,,,,,,,,,,,,,,,0.0,,,P2,2023
XRP,S2,11664,0.5028,0.5102,0.008943459111774604,0.6385,11668,11668,DT3,no_consolidation,,,,,,,,,,,,,,,,,,2.862427130269547,,P2,2023
XRP,S2,11897,0.4914,0.4966,0.007034545518569156,0.5494,11905,11905,DT1,window_or_invalidated,,,,,,,,,,,,,,,,,,,11965.0,P2,2023
XRP,S2,11897,0.4914,0.4966,0.007034545518569156,0.5494,11905,11905,DT2,entry,11900.0,11902.0,2023-10-10 12:00:00+00:00,0.4968,0.4921707224261264,5.0,0.0046292775738736025,0.6952375509632721,0.931819157381965,1.0624379120745915,7.899611677436777,10.587761674718193,11.362464047708055,5.04613643665055,0.16539487827932342,False,0.0,,,P2,2023
XRP,S2,11897,0.4914,0.4966,0.007034545518569156,0.5494,11905,11905,DT3,no_consolidation,,,,,,,,,,,,,,,,,,4.762212414657025,,P2,2023
XRP,S2,11900,0.4955,0.4966,0.006724597851419987,0.5494,11902,11902,DT1,window_or_invalidated,,,,,,,,,,,,,,,,,,,11965.0,P2,2023
XRP,S2,11900,0.4955,0.4966,0.006724597851419987,0.5494,11902,11902,DT2,no_retest_hold,,,,,,,,,,,,,,,,,0.0,,,P2,2023
XRP,S2,11900,0.4955,0.4966,0.006724597851419987,0.5494,11902,11902,DT3,no_consolidation,,,,,,,,,,,,,,,,,,4.2530424319665,,P2,2023
XRP,S2,11909,0.4788,0.4813,0.007167379574869288,0.5494,11914,11914,DT1,window_or_invalidated,,,,,,,,,,,,,,,,,,,11936.0,P2,2023
XRP,S2,11909,0.4788,0.4813,0.007167379574869288,0.5494,11914,11914,DT2,no_retest_hold,,,,,,,,,,,,,,,,,1.0,,,P2,2023
XRP,S2,11909,0.4788,0.4813,0.007167379574869288,0.5494,11914,11914,DT3,no_consolidation,,,,,,,,,,,,,,,,,,2.483473885269242,,P2,2023
XRP,S2,11913,0.4741,0.4788,0.006852025927682261,0.5494,-1,12093,DT1,entry,11936.0,11940.0,2023-10-16 20:00:00+00:00,0.4964,0.4820700200705316,27.0,0.014329979929468384,2.4454058175184286,2.886780807709183,0.34294255987714517,9.044430555129525,10.676873489121675,3.6985397230745596,2.524484610958649,0.28372942724468386,False,,,,P2,2023
XRP,S2,11913,0.4741,0.4788,0.006852025927682261,0.5494,-1,12093,DT2,entry,11918.0,11920.0,2023-10-13 12:00:00+00:00,0.4796,0.47580514426679343,7.0,0.0037948557332065924,0.613090893460612,0.7912543230205571,1.2511779982708282,11.276777662214492,14.55379482902418,18.393321092346266,7.670883743234283,0.11532849817993235,False,0.0,,,P2,2023
XRP,S2,11913,0.4741,0.4788,0.006852025927682261,0.5494,-1,12093,DT3,no_consolidation,,,,,,,,,,,,,,,,,,2.5977718397252176,,P2,2023
XRP,S2,12155,0.5801,0.5859,0.013481499701934088,0.75,12156,12156,DT1,window_or_invalidated,,,,,,,,,,,,,,,,,,,12191.0,P2,2023
XRP,S2,12155,0.5801,0.5859,0.013481499701934088,0.75,12156,12156,DT2,no_retest_hold,,,,,,,,,,,,,,,,,0.0,,,P2,2023
XRP,S2,12155,0.5801,0.5859,0.013481499701934088,0.75,12156,12156,DT3,no_consolidation,,,,,,,,,,,,,,,,,,3.953566085259303,,P2,2023
XRP,S2,12284,0.5925,0.60365,0.014336563980818645,0.7,12315,12315,DT1,entry,12292.0,12296.0,2023-12-15 04:00:00+00:00,0.635,0.5985353056736912,12.0,0.03646469432630883,2.6952211413672407,5.74247154745021,0.17239963521274787,4.804356033295294,10.236220472440936,1.7825461367738173,1.3882302222250953,0.4187201010580579,False,,,,P2,2023
XRP,S2,12284,0.5925,0.60365,0.014336563980818645,0.7,12315,12315,DT2,entry,12292.0,12294.0,2023-12-14 20:00:00+00:00,0.6321,0.598376153325701,10.0,0.03372384667429895,2.4353403722442817,5.335207510567782,0.1855597927613958,4.903343704305467,10.74197120708748,2.013412071753569,1.5575728054182236,0.3909957119818829,False,0.0,,,P2,2023
XRP,S2,12284,0.5925,0.60365,0.014336563980818645,0.7,12315,12315,DT3,no_consolidation,,,,,,,,,,,,,,,,,,3.08302603462982,,P2,2023
