t,s1,s2,h1,neck,ctx,triple,gyaku,dup,y2
149,127,139,133,4.8894,False,True,True,False,False
383,360,377,375,4.149,True,True,False,False,True
412,391,405,393,4.48,False,True,False,False,False
412,341,395,393,4.48,False,True,True,True,False
412,327,391,328,4.4501,False,True,False,True,False
412,267,360,313,4.489,False,True,True,True,False
412,267,355,313,4.489,False,True,False,True,False
475,434,472,442,4.282,False,True,True,False,False
475,434,466,442,4.282,True,True,False,True,False
475,434,458,442,4.282,True,True,False,True,False
541,515,534,522,4.5918,False,True,False,False,False
542,502,525,505,4.63,False,True,False,True,False
542,502,515,505,4.63,False,True,False,True,False
547,424,502,481,4.8586,False,True,True,True,False
547,447,497,481,4.8586,False,True,True,True,False
547,472,486,481,4.8586,False,True,True,True,False
559,377,434,415,4.95,True,True,True,False,True
559,377,430,415,4.95,False,True,False,True,False
713,649,706,655,5.2068,False,True,False,False,False
723,604,688,640,5.5679,True,True,False,True,False
723,609,675,640,5.5679,False,True,False,True,False
788,753,784,781,5.4691,False,True,False,False,False
789,658,777,724,5.7498,False,True,False,True,False
789,688,762,724,5.7498,True,True,True,True,False
789,706,753,724,5.7498,False,True,False,True,False
789,706,748,724,5.7498,False,True,False,True,False
790,555,609,585,6.0857,False,True,False,True,False
790,555,604,585,6.0857,False,True,False,True,False
790,555,599,585,6.0857,False,True,False,True,False
888,817,880,847,10.68,False,False,False,False,False
888,801,875,847,10.68,False,False,False,True,False
888,801,871,847,10.68,False,False,False,True,False
1011,970,1000,982,17.7522,False,True,True,False,False
1011,980,995,982,17.7522,False,True,False,True,False
1011,964,986,982,17.7522,False,True,False,True,False
1012,918,980,955,19.1,False,True,True,True,False
1012,937,970,955,19.1,False,True,True,True,False
1041,1017,1037,1026,21.4,False,False,False,False,False
1093,1054,1081,1069,30.21,False,True,True,False,False
1171,1148,1163,1156,35.6618,False,True,True,False,False
1174,1131,1148,1137,36.8,False,True,True,True,False
1222,1140,1198,1179,38.68,False,True,False,False,False
1222,1163,1193,1179,38.68,False,True,True,True,False
1279,1234,1273,1249,38.5636,False,True,False,False,False
1279,1234,1264,1249,38.5636,False,True,False,True,False
1279,1198,1255,1222,39.6,False,True,False,True,False
1279,1234,1251,1249,38.5636,False,True,False,True,False
1347,1303,1339,1306,36.1468,False,True,True,False,False
1350,1303,1347,1306,36.1468,False,True,False,True,False
1362,1193,1331,1282,40.1,False,True,False,False,False
1362,1193,1324,1282,40.1,False,True,False,True,False
1362,1148,1312,1282,40.1,True,True,True,True,False
1362,1148,1308,1282,40.1,True,True,False,True,False
1449,1432,1444,1440,44.3,False,True,False,False,False
1449,1420,1432,1430,44.5594,False,True,True,True,False
1503,1483,1500,1488,32.5168,True,True,True,False,True
1531,1477,1520,1481,36.7635,False,True,True,False,False
1531,1477,1514,1481,36.7635,False,True,False,True,False
1557,1473,1553,1545,38.3,False,True,True,False,False
1612,1590,1603,1600,42.472,False,True,True,False,False
1612,1514,1590,1565,43.9,False,True,False,True,False
1729,1687,1720,1693,26.22,False,False,False,False,False
1729,1677,1712,1693,26.22,False,True,False,True,False
1729,1677,1695,1693,26.22,False,True,True,True,False
1800,1762,1792,1771,24.6,True,True,False,False,True
1800,1762,1784,1771,24.6,True,True,False,True,False
1933,1904,1923,1920,16.575,False,True,False,False,False
1935,1846,1871,1852,16.8,True,True,True,True,False
1937,1876,1904,1888,17.029,False,True,True,True,False
1937,1855,1894,1888,17.029,False,False,False,True,False
2026,1993,2023,2001,12.934,False,False,False,False,False
2047,1976,2044,1978,14.227,False,True,False,False,False
2071,1976,2053,2051,15.298,False,True,True,False,False
2077,1968,2074,2072,15.6,False,True,True,True,False
2116,2090,2110,2105,19.584,False,False,False,False,False
2160,2141,2153,2147,22.45,False,True,False,False,False
2199,2168,2185,2179,27.422,False,False,False,False,False
2264,2230,2260,2244,26.79,False,True,False,False,False
2266,2194,2239,2204,29.351,False,True,False,True,False
2266,2194,2225,2204,29.351,False,True,False,True,False
2340,2212,2328,2306,35.68,False,True,True,False,False
2340,2260,2313,2306,35.68,False,True,True,True,False
2340,2185,2308,2306,35.68,False,True,True,True,False
2451,2421,2442,2425,30.26,True,True,False,False,True
2487,2425,2481,2459,33.39,False,True,True,False,False
2487,2415,2470,2459,33.39,False,True,True,True,False
2487,2394,2437,2406,33.6,True,True,True,True,False
2487,2394,2421,2406,33.6,False,True,True,True,False
2500,2379,2497,2488,35.31,False,True,False,False,False
2525,2461,2518,2503,37.45,False,True,True,False,False
2525,2313,2394,2350,38.77,True,True,False,True,False
2525,2313,2389,2350,38.77,False,True,True,True,False
2567,2535,2560,2539,44.78,False,True,False,False,False
2567,2535,2555,2539,44.78,False,True,False,True,False
2567,2535,2550,2539,44.78,False,True,False,True,False
2638,2591,2632,2604,46.0,False,True,False,False,False
2638,2560,2611,2577,46.39,False,True,False,True,False
2639,2591,2636,2604,46.0,False,True,True,True,False
2854,2834,2847,2838,29.96,True,False,False,False,True
2969,2859,2963,2886,30.12,False,False,False,False,False
2969,2859,2958,2886,30.12,False,False,False,True,False
2974,2842,2950,2855,31.49,False,False,False,True,False
3084,3030,3079,3073,27.68,False,True,True,False,False
3185,3166,3182,3174,19.06,True,True,False,False,True
3186,3129,3142,3135,19.2,True,False,False,True,False
3193,3129,3157,3155,20.06,False,False,False,True,False
3211,3173,3202,3193,20.58,False,True,False,False,False
3354,3302,3350,3339,18.78,False,True,False,False,False
3404,3379,3396,3383,17.8,True,True,False,False,True
3450,3387,3433,3425,18.75,False,True,True,False,False
3466,3288,3460,3358,19.56,False,True,True,False,False
3466,3343,3449,3358,19.56,False,True,False,True,False
3466,3350,3441,3358,19.56,False,True,True,True,False
3466,3313,3379,3358,19.56,False,True,True,True,False
3483,3460,3473,3467,19.79,False,True,False,False,False
3636,3611,3623,3619,18.48,True,True,False,False,True
3654,3611,3644,3637,18.81,True,True,False,False,True
3743,3720,3738,3727,15.6,True,False,False,False,True
4127,4100,4114,4111,7.23,False,True,False,False,False
4190,4132,4187,4137,7.36,False,True,False,False,False
4190,4114,4178,4129,7.46,False,True,False,True,False
4255,4069,4252,4202,8.08,False,True,False,False,False
4317,4269,4290,4272,9.21,False,False,False,False,False
4317,4252,4285,4272,9.21,False,True,True,True,False
4330,4309,4327,4321,9.47,False,False,False,False,False
4468,4441,4462,4449,7.38,False,True,True,False,False
4468,4430,4451,4449,7.38,False,True,True,True,False
4508,4462,4503,4491,7.7,False,True,True,False,False
4508,4441,4495,4491,7.7,True,True,False,True,False
4615,4584,4608,4592,6.64,False,True,True,False,False
4615,4580,4602,4592,6.64,False,True,True,True,False
4615,4580,4594,4592,6.64,False,True,True,True,False
4787,4714,4774,4741,6.3,True,False,False,False,True
4787,4714,4766,4741,6.3,True,False,False,True,False
4807,4686,4801,4796,6.65,False,True,False,False,False
4847,4748,4836,4821,6.84,False,True,True,False,False
5013,4980,5003,4999,5.51,False,True,False,False,False
5160,5135,5153,5137,4.546,True,True,True,False,True
5197,5168,5191,5188,4.394,False,False,False,False,False
5209,5145,5203,5161,4.585,False,True,True,False,False
5236,5113,5233,5226,4.706,False,False,False,False,False
5236,5113,5222,5209,4.689,False,True,False,True,False
5236,5113,5218,5209,4.689,False,True,False,True,False
5268,5078,5260,5087,5.358,False,True,True,False,False
5310,5284,5298,5296,6.221,False,True,False,False,False
5311,5284,5308,5296,6.221,False,True,True,True,False
5384,5369,5381,5375,6.33,False,True,False,False,False
5387,5335,5369,5363,6.7,False,True,True,True,False
5392,5358,5388,5387,6.917,False,False,False,True,False
5392,5322,5335,5328,6.84,False,False,False,True,False
5477,5441,5473,5471,6.949,False,True,False,False,False
5477,5335,5458,5393,7.126,True,False,False,True,False
5477,5308,5453,5393,7.126,True,True,True,True,False
5477,5381,5430,5393,7.126,False,True,False,True,False
5623,5568,5620,5572,6.066,False,True,False,False,False
5646,5620,5635,5626,6.537,False,True,True,False,False
5728,5688,5723,5719,6.295,False,True,False,False,False
5747,5723,5743,5738,6.446,False,True,True,False,False
5751,5667,5719,5670,6.458,False,True,False,True,False
5753,5723,5748,5747,6.5,False,True,True,True,False
5806,5769,5797,5795,6.49,False,True,True,False,False
5807,5748,5777,5755,6.586,False,True,False,True,False
5807,5748,5773,5755,6.586,False,True,False,True,False
5807,5748,5769,5755,6.586,False,True,False,True,False
5809,5635,5704,5647,6.699,True,True,False,True,False
5809,5635,5693,5647,6.699,True,True,False,True,False
5835,5813,5827,5825,6.883,False,False,False,False,False
5838,5813,5833,5825,6.883,False,True,False,True,False
5883,5856,5878,5869,6.029,True,True,False,False,True
5938,5920,5933,5928,5.812,True,True,False,False,True
6078,5981,6055,6013,5.467,False,True,True,False,False
6078,6017,6037,6029,5.446,False,True,False,True,False
6078,6001,6017,6013,5.467,False,True,True,True,False
6221,6163,6209,6179,4.802,False,True,True,False,False
6221,6152,6190,6179,4.802,True,False,False,True,False
6221,6152,6185,6179,4.802,True,False,False,True,False
6279,6226,6274,6243,5.246,False,True,True,False,False
6279,6226,6263,6243,5.246,False,False,False,True,False
6279,6125,6238,6132,5.27,False,False,False,True,False
6289,6062,6283,6078,5.561,False,True,False,True,False
6342,6313,6331,6321,5.196,False,True,True,False,False
6353,6324,6350,6343,5.31,False,True,True,True,False
6355,6253,6324,6289,5.635,False,True,True,False,False
6355,6253,6313,6289,5.635,False,True,False,True,False
6628,6586,6608,6599,4.537,False,True,False,False,False
6818,6793,6810,6799,4.092,False,True,True,False,False
6818,6775,6804,6799,4.092,False,True,False,True,False
6831,6767,6820,6769,4.166,False,True,False,False,False
6834,6722,6793,6739,4.225,True,False,False,True,False
6834,6751,6784,6754,4.22,False,True,False,True,False
6834,6751,6779,6754,4.22,False,True,False,True,False
6834,6728,6775,6739,4.225,False,True,False,True,False
6834,6728,6751,6739,4.225,False,False,False,True,False
6951,6928,6947,6945,3.805,False,True,True,False,False
6963,6922,6959,6953,3.98,False,True,True,False,False
7008,6970,6997,6981,4.451,False,True,False,False,False
7008,6862,6989,6981,4.451,False,True,True,True,False
7008,6862,6970,6967,4.425,False,True,True,True,False
7021,7004,7018,7009,4.603,False,True,True,False,False
7074,7027,7067,7066,5.265,False,False,False,False,False
7192,7175,7189,7185,5.4,False,True,True,False,False
7192,7150,7175,7166,5.415,False,True,False,True,False
7213,7109,7198,7193,5.591,False,False,False,False,False
7213,7118,7150,7131,5.569,False,True,True,True,False
7214,7198,7210,7207,5.609,False,False,False,True,False
7224,7055,7140,7087,5.89,True,False,False,True,False
7317,7285,7314,7289,7.352,False,True,False,False,False
7319,7268,7307,7278,7.769,False,False,False,True,False
7319,7259,7299,7278,7.769,False,True,False,True,False
