t,n_ctrl,ctrls,n_pool_window,cand_t
212,3,"[686, 267, 297]",6,212
292,1,[279],1,292
434,2,"[350, 762]",2,434
461,2,"[269, 217]",5,461
463,2,"[677, 270]",4,463
466,2,"[269, 676]",6,466
1479,2,"[1969, 1787]",2,1479
1489,3,"[1971, 1787, 1476]",13,1489
1500,3,"[1862, 1834, 1997]",13,1500
1784,3,"[1971, 1482, 1659]",22,1784
1785,3,"[1473, 1971, 1488]",23,1785
1970,3,"[1476, 1786, 1490]",22,1970
1972,3,"[1783, 1482, 1765]",21,1972
1987,3,"[1851, 2436, 1496]",25,1987
2726,3,"[3047, 2740, 3122]",7,2726
2727,3,"[3133, 2836, 3120]",7,2727
2741,3,"[2724, 3113, 2434]",28,2741
2801,1,[2902],1,2801
2891,3,"[2916, 2794, 2777]",18,2891
2894,3,"[2916, 2794, 3167]",20,2894
2914,3,"[3167, 2893, 2777]",29,2914
3038,3,"[3258, 2733, 3106]",15,3038
3124,3,"[2836, 3314, 3143]",15,3124
3182,1,[2929],1,3182
3288,3,"[3109, 3593, 3703]",50,3288
3303,3,"[3613, 3143, 3757]",27,3303
3330,3,"[3062, 3116, 3690]",11,3330
3398,3,"[3053, 3707, 3108]",5,3398
3749,3,"[4011, 3298, 3694]",43,3749
3754,3,"[3297, 3315, 3328]",42,3754
3767,2,"[3686, 4162]",2,3767
3788,3,"[3608, 3979, 3723]",10,3788
4401,1,[4158],1,4401
4406,3,"[4013, 4156, 4582]",20,4406
4438,1,[4933],1,4438
4495,3,"[4094, 4903, 4078]",27,4495
4553,3,"[4760, 5042, 4239]",23,4553
4565,3,"[5073, 4094, 4494]",26,4565
4580,3,"[4402, 4154, 4427]",12,4580
4583,3,"[4405, 4153, 4102]",16,4583
4906,3,"[4779, 4499, 4587]",4,4906
5078,2,"[4573, 5525]",12,5078
5152,0,[],0,5152
5172,3,"[5597, 4950, 5583]",13,5172
5173,3,"[5594, 5580, 4942]",14,5173
5449,3,"[5707, 5522, 5079]",19,5449
5453,3,"[5524, 5704, 5073]",22,5453
5520,3,"[5705, 5042, 5455]",11,5520
5526,3,"[5451, 5073, 5098]",22,5526
5544,3,"[5558, 5885, 5120]",9,5544
5554,3,"[5967, 5121, 5914]",7,5554
5568,3,"[5599, 5131, 5957]",12,5568
5591,3,"[5180, 5953, 5575]",11,5591
5601,3,"[5132, 5567, 5957]",6,5601
5604,3,"[5924, 5948, 5137]",11,5604
5852,3,"[6139, 6126, 5452]",4,5852
5886,3,"[5529, 5971, 5457]",17,5886
5926,3,"[5606, 5573, 5956]",13,5926
5938,0,[],0,5938
5969,3,"[5530, 5982, 6458]",19,5969
5975,3,"[5871, 5525, 6464]",22,5975
5981,3,"[6464, 5870, 5539]",24,5981
6138,3,"[5693, 5851, 6102]",7,6138
6145,3,"[5704, 6560, 5976]",9,6145
6163,3,"[5863, 6648, 6183]",7,6163
6480,3,"[6589, 6187, 6463]",26,6480
6486,3,"[6725, 6192, 6455]",15,6486
6503,3,"[6677, 6911, 6932]",18,6503
6558,3,"[6151, 6890, 6124]",8,6558
6559,2,"[6882, 6149]",5,6559
6585,3,"[6461, 6482, 6187]",24,6585
6672,3,"[6932, 6494, 6909]",19,6672
6683,3,"[6907, 6489, 6930]",28,6683
6704,1,[6914],1,6704
6936,3,"[6707, 6911, 6677]",17,6936
