e,x,entry,stop0,R,exit,reason,r_net,r_gross,mfe_r,mae_r,bars,sig_t,ctrl_t,t,status
926.0,949.0,11702.838495,9898.15540187149,1804.6830931285094,10907.69011840853,chandelier,-0.493223768847266,-0.4406027737607045,0.773632506624575,0.7440854852095509,23.0,848,924,924.0,traded
,,,,,,,,,,,,848,956,,no_trigger
,,,,,,,,,,,,1829,1630,,no_trigger
,,,,,,,,,,,,1829,2119,,no_trigger
,,,,,,,,,,,,1829,1612,,no_trigger
,,,,,,,,,,,,2342,2614,,no_trigger
2372.0,2380.0,6296.086469999999,6182.988260977464,113.09820902253523,6176.805272716487,stop,-1.5178608404728708,-1.0546691969255257,0.8303715046565248,0.5450702582541904,8.0,2342,2370,2370.0,traded
,,,,,,,,,,,,2342,2120,,no_trigger
,,,,,,,,,,,,2798,2858,,no_trigger
,,,,,,,,,,,,4633,4607,,no_trigger
,,,,,,,,,,,,4633,4961,,no_trigger
,,,,,,,,,,,,5553,5535,,no_trigger
,,,,,,,,,,,,5553,5604,,no_trigger
,,,,,,,,,,,,6718,6670,,no_trigger
,,,,,,,,,,,,7193,6670,,no_trigger
6690.0,6692.0,10378.636725,10009.722829556942,368.9138954430582,9999.713106727386,stop,-1.2591357856228187,-1.02713295149139,0.16091363251228474,0.43001016486375704,2.0,7193,6688,6688.0,traded
,,,,,,,,,,,,7193,6775,,no_trigger
,,,,,,,,,,,,7550,7731,,no_trigger
7524.0,7531.0,32275.579725,30290.766392229456,1984.8133327705436,31195.77810431357,chandelier,-0.6783415353675465,-0.5440318254911994,1.3096547831888778,0.41191769094918546,7.0,7550,7522,7522.0,traded
,,,,,,,,,,,,7550,7443,,no_trigger
8199.0,8208.0,45756.416775,41139.002336688805,4617.4144383111925,41097.863334352114,stop,-1.0879121820705435,-1.0089095321388863,0.009285115203062383,0.8133159423249718,9.0,8072,8197,8197.0,traded
8057.0,8069.0,50902.148355,47519.08646547242,3383.0618895275766,47471.56737900695,stop,-1.1361750708653555,-1.0140461771073623,0.1179971452002445,0.6636025081153628,12.0,8072,8055,8055.0,traded
,,,,,,,,,,,,8072,7731,,no_trigger
,,,,,,,,,,,,8924,8406,,no_trigger
,,,,,,,,,,,,8924,8577,,no_trigger
,,,,,,,,,,,,8924,9315,,no_trigger
11497.0,11511.0,16864.177874999998,16450.561209067277,413.61666593272093,16517.776980000002,structure,-1.1764639712804672,-0.8374925952726019,0.011851855603907275,0.9712323223101026,14.0,11568,11495,11495.0,traded
,,,,,,,,,,,,11568,11512,,no_trigger
,,,,,,,,,,,,11568,11025,,no_trigger
,,,,,,,,,,,,13203,13177,,no_trigger
,,,,,,,,,,,,13203,13225,,no_trigger
,,,,,,,,,,,,13203,13242,,no_trigger
