e,x,entry,stop0,R,exit,reason,r_net,r_gross,mfe_r,mae_r,bars,t,kind,trig,exit_mode,stop_dist_atr
887,902,13861.877475,12009.729355287942,1852.1481197120575,12863.38509,structure,-0.5997028401517259,-0.5390996402357007,0.3877241335923193,0.69793417774868,15,885,Y1,TA,EU,1.8405432915107172
2150,2160,6323.149995,6039.707094654949,283.4429003450505,6049.9176487099385,chandelier,-1.1473183134866327,-0.9639766808674364,0.7826973430272205,0.628380512558885,10,2148,Y1,TA,EU,1.5520760145770045
2328,2367,6315.145995,6164.665572764494,150.480422235506,6353.378494192274,chandelier,-0.09951662442105988,0.25406959007889596,1.7932166921866195,0.966677211819231,39,2326,Y1,TA,EU,1.307587868246322
2374,2380,6363.1900049999995,6193.952199516283,169.23780548371633,6187.758247316767,stop,-1.3480778700177296,-1.0365991049211067,0.05052059718904219,0.6560000271965326,6,2372,Y1,TA,EU,2.050714023727984
3927,3954,7800.258179999999,7370.880988631946,429.377191368053,7715.06054,structure,-0.3501862270441641,-0.19842143856907596,0.6980851009924017,0.8283583458794372,27,3925,Y1,TA,EU,1.9315545240651355
3958,3996,7701.929039999999,7429.025686609184,272.903353390815,8832.111968577878,chandelier,3.886870363306984,4.141330308094032,5.97673476611408,0.3881558752717191,38,3956,Y1,TA,EU,1.6410891550142608
4251,4303,9641.43831,9059.970655985635,581.4676540143646,11525.905317182294,chandelier,3.0879863248657533,3.2408802005962327,4.624954924721514,0.4238211847187488,52,4249,Y1,TA,EU,2.7451820699532377
5610,5611,7938.5472899999995,7494.706886521399,443.8404034786008,7487.212179634877,stop,-1.1628578563205834,-1.0168860401797166,0.062235681527656024,0.8573966836219927,1,5608,Y1,TA,EU,2.308000533414079
6671,6676,10575.415065,9730.371900798162,845.0431642018375,9817.16634933167,chandelier,-0.9986443218029019,-0.8972899229171475,0.0611033106797218,0.7105140783750437,5,6669,Y1,TA,EU,2.8931616407169116
7723,7729,47446.781534999995,43867.28091596724,3579.500619032755,43823.41363505127,stop,-1.1193468436235727,-1.0122551399160877,0.26462307618093406,0.8388828092482353,6,7721,Y1,TA,EU,1.5695811671916324
8037,8050,56294.963415,52429.186630879565,3865.776784120433,52376.75744424869,stop,-1.1316295385522368,-1.0135623936814568,0.20210080111435114,0.9659024883014745,13,8035,Y1,TA,EU,2.130193620659401
8174,8190,50905.169865,44987.9185433738,5917.251321626201,46739.608505000004,structure,-0.7732761683504931,-0.7039689770782297,0.0976517818143298,0.7351673316800196,16,8172,Y1,TA,EU,2.9107397522461897
9465,9483,47641.798995,45706.85241477216,1934.9465802278355,46344.89757733176,chandelier,-0.8742595586658756,-0.6702517945045967,0.9603371090385368,0.6263320173197233,18,9463,Y1,TA,EU,1.592753794068561
9969,9979,39002.541525,37504.103666983036,1498.437858016965,39588.661389259396,chandelier,0.17086915593439786,0.39115393482854693,2.3968417881226105,0.5757339354344027,10,9967,Y1,TA,EU,1.4881839880336414
10566,10578,22595.01186,19687.955174343086,2907.056685656913,20384.30466804523,chandelier,-0.8225571703402159,-0.7604623614194195,0.13784324948911336,0.8128537264714618,12,10564,Y1,TA,EU,2.576097753655472
11124,11135,19813.20165,19115.116727459186,698.0849225408128,19715.717210000003,structure,-0.37746968986655194,-0.1396455314421967,0.5383275556678855,0.35919934939625975,11,11122,Y1,TA,EU,1.6793701032905768
