sig_t,ctrl_t,l_ref,P,end_bar,inv_bar,status,e,x,entry,stop0,R,exit,reason,r_net,r_gross,mfe_r,mae_r,bars,t,struct_bar
528,970,0.37685,0.4738,1150,-1,retest_failed,,,,,,,,,,,,,,
528,267,0.50401,0.569,295,295,retest_failed,,,,,,,,,,,,,,
528,321,0.43724,0.51,334,334,retest_failed,,,,,,,,,,,,,,
575,590,0.2874,0.36248,605,605,retest_failed,,,,,,,,,,,,,,
1162,1212,0.39674,0.50865,1223,1223,retest_failed,,,,,,,,,,,,,,
1162,748,0.2676,0.34157,773,773,retest_failed,,,,,,,,,,,,,,
1162,762,0.2676,0.307,773,773,retest_failed,,,,,,,,,,,,,,
1820,1525,0.30796,0.33418,1604,1604,retest_failed,,,,,,,,,,,,,,
1820,2137,0.28455,0.32647,2317,-1,retest_failed,,,,,,,,,,,,,,
1820,1662,0.28089,0.31215,1842,-1,retest_failed,,,,,,,,,,,,,,
2115,2563,0.37325,0.4099,2586,2586,retest_failed,,,,,,,,,,,,,,
2402,2533,0.38175,0.43,2554,2554,retest_failed,,,,,,,,,,,,,,
2402,1947,0.29,0.31264,2127,-1,retest_failed,,,,,,,,,,,,,,
2402,2051,0.294,0.3578,2124,2124,retest_failed,,,,,,,,,,,,,,
3311,3552,0.175,0.2187,3732,-1,retest_failed,,,,,,,,,,,,,,
3311,3527,0.20013,0.22322,3542,3542,retest_failed,,,,,,,,,,,,,,
3328,3054,0.21333,0.28666,3234,-1,retest_failed,,,,,,,,,,,,,,
3328,3561,0.175,0.2,3741,-1,retest_failed,,,,,,,,,,,,,,
3328,3536,0.20952,0.22086,3540,3540,no_retest_hold,,,,,,,,,,,,,,
3335,2889,0.243,0.27065,3042,3042,retest_failed,,,,,,,,,,,,,,
3335,3054,0.21333,0.28666,3234,-1,retest_failed,,,,,,,,,,,,,,
3335,3561,0.175,0.2,3741,-1,retest_failed,,,,,,,,,,,,,,
3971,4058,0.18336,0.21567,4059,4059,no_retest_hold,,,,,,,,,,,,,,
3971,4040,0.2,0.24629,4057,4057,retest_failed,,,,,,,,,,,,,,
4415,4295,0.16783,0.19715,4475,-1,retest_failed,,,,,,,,,,,,,,
4415,4609,0.1846,0.20528,4683,4683,retest_failed,,,,,,,,,,,,,,
4419,4611,0.1846,0.20388,4683,4683,retest_failed,,,,,,,,,,,,,,
4723,4660,0.18202,0.19895,4687,4687,retest_failed,,,,,,,,,,,,,,
4723,5077,0.25453,0.28078,5112,5112,retest_failed,,,,,,,,,,,,,,
4733,4660,0.18202,0.19895,4687,4687,retest_failed,,,,,,,,,,,,,,
4733,4625,0.1846,0.19549,4683,4683,retest_failed,,,,,,,,,,,,,,
4733,4686,0.1799,0.19051,4694,4694,retest_failed,,,,,,,,,,,,,,
5074,4717,0.169,0.1835,4897,-1,retest_failed,,,,,,,,,,,,,,
5074,5146,0.22937,0.24365,5231,5231,traded,5151.0,5185.0,0.244712295,0.2356986357816325,0.009013659218367498,0.23546293714585087,stop,-1.2498912546199132,-1.026149051131347,0.9749320211810254,0.8744833600917497,34.0,5146.0,5149.0
5074,4735,0.169,0.17814,4915,-1,retest_failed,,,,,,,,,,,,,,
5071,4625,0.1846,0.19549,4683,4683,retest_failed,,,,,,,,,,,,,,
5071,4686,0.1799,0.19051,4694,4694,retest_failed,,,,,,,,,,,,,,
5071,5139,0.22937,0.25258,5231,5231,retest_failed,,,,,,,,,,,,,,
6516,6806,0.7666,0.9,6846,6846,retest_failed,,,,,,,,,,,,,,
6516,7009,0.56,0.6269,7024,7024,retest_failed,,,,,,,,,,,,,,
6516,6886,0.509,0.6928,7066,-1,retest_failed,,,,,,,,,,,,,,
6961,7406,0.8668,1.0952,7586,-1,retest_failed,,,,,,,,,,,,,,
6961,7026,0.5533,0.6016,7027,7027,no_retest_hold,,,,,,,,,,,,,,
6961,6711,0.65,1.0698,6858,6858,retest_failed,,,,,,,,,,,,,,
7405,7848,0.8825,1.0173,7850,7850,no_retest_hold,,,,,,,,,,,,,,
7405,7805,0.9108,1.0735,7813,7813,retest_failed,,,,,,,,,,,,,,
7405,7024,0.5533,0.6047,7027,7027,no_retest_hold,,,,,,,,,,,,,,
7746,7760,1.015,1.17,7802,7802,retest_failed,,,,,,,,,,,,,,
7746,8150,0.5489,0.7622,8330,-1,retest_failed,,,,,,,,,,,,,,
7746,7864,0.6,0.9838,8044,-1,retest_failed,,,,,,,,,,,,,,
7757,7744,0.981,1.2198,7803,7803,retest_failed,,,,,,,,,,,,,,
7757,7864,0.6,0.9838,8044,-1,retest_failed,,,,,,,,,,,,,,
7757,7625,0.9483,1.1606,7803,7803,retest_failed,,,,,,,,,,,,,,
7863,7743,0.9483,1.2198,7803,7803,retest_failed,,,,,,,,,,,,,,
7863,8126,0.6967,0.7884,8137,8137,retest_failed,,,,,,,,,,,,,,
7863,8343,0.6056,0.7989,8523,-1,retest_failed,,,,,,,,,,,,,,
9001,8988,0.3557,0.4118,8989,8989,no_retest_hold,,,,,,,,,,,,,,
9001,9407,0.3309,0.3831,9456,9456,retest_failed,,,,,,,,,,,,,,
9001,8713,0.6276,0.7119,8727,8727,retest_failed,,,,,,,,,,,,,,
9175,8821,0.3361,0.4659,8995,8995,retest_failed,,,,,,,,,,,,,,
9175,9467,0.3186,0.3373,9511,9511,retest_failed,,,,,,,,,,,,,,
9175,8696,0.6802,0.7686,8701,8701,retest_failed,,,,,,,,,,,,,,
9417,9003,0.2936,0.3885,9183,-1,retest_failed,,,,,,,,,,,,,,
9417,9912,0.316,0.403,10092,-1,retest_failed,,,,,,,,,,,,,,
9417,8985,0.3736,0.4118,8986,8986,no_retest_hold,,,,,,,,,,,,,,
9459,9173,0.3056,0.3477,9353,-1,retest_failed,,,,,,,,,,,,,,
9459,9098,0.2872,0.3657,9278,-1,retest_failed,,,,,,,,,,,,,,
9459,9031,0.2872,0.3475,9211,-1,retest_failed,,,,,,,,,,,,,,
10477,10998,0.41,0.4446,11178,-1,retest_failed,,,,,,,,,,,,,,
10477,10554,0.3612,0.3807,10628,10628,retest_failed,,,,,,,,,,,,,,
10477,10903,0.4329,0.4857,10973,10973,retest_failed,,,,,,,,,,,,,,
10889,10857,0.471,0.5391,10865,10865,retest_failed,,,,,,,,,,,,,,
10889,11330,0.4493,0.4935,11510,-1,retest_failed,,,,,,,,,,,,,,
10889,10876,0.4403,0.5022,10969,10969,retest_failed,,,,,,,,,,,,,,
11897,12285,0.582,0.6697,12396,-1,retest_failed,,,,,,,,,,,,,,
11897,12131,0.5405,0.6565,12311,-1,retest_failed,,,,,,,,,,,,,,
11897,11910,0.4788,0.5201,11914,11914,no_retest_hold,,,,,,,,,,,,,,
11913,11728,0.459,0.5065,11908,-1,retest_failed,,,,,,,,,,,,,,
11913,12130,0.5405,0.6643,12310,-1,retest_failed,,,,,,,,,,,,,,
11913,11895,0.4875,0.5298,11906,11906,retest_failed,,,,,,,,,,,,,,
12284,11898,0.4875,0.5298,11906,11906,retest_failed,,,,,,,,,,,,,,
