sig_t,ctrl_t,l_ref,P,end_bar,inv_bar,status
521,162,3603.0,4394.59,168,168,retest_failed
521,143,3400.0,4788.59,170,170,retest_failed
521,880,10961.0,16322.3,915,915,retest_failed
881,1332,7322.0,8669.85,1340,1340,retest_failed
881,759,10500.0,18950.0,916,916,retest_failed
881,523,5286.98,7279.91,703,-1,retest_failed
1345,1252,7650.0,9888.88,1272,1272,retest_failed
1345,1008,9035.0,11528.0,1010,1010,no_retest_hold
1626,1814,6118.68,6720.0,1850,1850,retest_failed
1626,1642,7911.9,8464.0,1666,1666,retest_failed
1626,1612,8153.0,9016.8,1623,1623,retest_failed
1702,2134,6123.0,7150.46,2142,2142,retest_failed
1702,1884,5750.0,6350.0,2064,-1,retest_failed
1702,1336,7322.0,8491.25,1340,1340,no_retest_hold
1852,1666,7805.0,8609.0,1668,1668,no_retest_hold
1852,1690,7231.11,7730.73,1696,1696,retest_failed
1852,1336,7322.0,8491.25,1340,1340,no_retest_hold
2115,2627,6205.0,6514.17,2715,2715,retest_failed
2115,1812,6118.68,6720.0,1850,1850,retest_failed
2115,1847,6118.68,6841.74,1850,1850,no_retest_hold
2148,1682,7266.99,8195.3,1696,1696,retest_failed
2148,2164,5880.0,6545.0,2344,-1,retest_failed
2148,1887,5750.0,6272.54,2067,-1,retest_failed
2324,2607,6205.0,6620.11,2715,2715,retest_failed
2324,2413,6111.0,6788.23,2593,-1,retest_failed
2324,2098,6205.0,7840.0,2141,2141,retest_failed
2331,2614,6205.0,6600.0,2715,2715,retest_failed
2331,1798,6118.68,6922.0,1850,1850,retest_failed
2331,2119,6821.0,7482.65,2123,2123,no_retest_hold
2720,2299,6220.0,7410.0,2314,2314,retest_failed
2720,2315,6111.0,6995.0,2495,-1,retest_failed
2779,2849,3341.04,4085.0,2852,2852,no_retest_hold
3064,3077,3441.3,3658.0,3163,3163,retest_failed
3064,3165,3380.27,3662.94,3168,3168,no_retest_hold
3064,2722,5403.42,6498.0,2743,2743,retest_failed
3925,4359,9165.0,11402.39,4539,-1,retest_failed
3936,3955,7444.58,8100.0,4135,-1,retest_failed
3936,4446,9320.0,10299.0,4595,4595,retest_failed
3936,4359,9165.0,11402.39,4539,-1,retest_failed
4669,4162,9727.0,11885.0,4176,4176,retest_failed
4669,4182,9060.0,11100.0,4362,-1,retest_failed
4669,4441,9320.0,10391.08,4595,4595,retest_failed
4888,4871,7300.0,9375.0,4947,4947,retest_failed
4888,4454,9320.0,9696.0,4595,4595,retest_failed
4888,4913,8400.0,8800.0,4925,4925,retest_failed
4930,5101,6560.0,7200.3,5281,-1,retest_failed
4930,4775,7300.0,8297.99,4947,4947,retest_failed
4930,4594,9410.0,10089.0,4595,4595,no_retest_hold
7540,7522,28850.0,33826.53,7702,-1,retest_failed
7540,7443,22600.0,41950.0,7623,-1,retest_failed
7540,7729,37992.39,52041.73,7909,-1,retest_failed
7721,8057,47500.0,57076.24,8189,8189,retest_failed
7721,7504,28130.0,37850.0,7684,-1,retest_failed
7721,7523,28850.0,33826.53,7703,-1,retest_failed
7867,8396,31000.0,40260.14,8437,8437,retest_failed
7867,8027,50931.3,63800.0,8052,8052,retest_failed
7867,8040,50931.3,60499.0,8052,8052,retest_failed
8035,8406,31000.0,38202.84,8437,8437,retest_failed
8035,7878,46300.0,58430.73,8058,-1,retest_failed
8035,8392,31000.0,41330.0,8437,8437,retest_failed
8069,8197,42196.97,51483.0,8208,8208,retest_failed
8069,8055,47500.0,57076.24,8189,8189,retest_failed
8069,7731,39094.01,52041.73,7911,-1,retest_failed
8200,7731,39094.01,52041.73,7911,-1,retest_failed
8200,8060,47500.0,56346.7,8189,8189,retest_failed
8200,7717,37351.0,52311.71,7897,-1,retest_failed
8415,8065,47500.0,55521.48,8189,8189,retest_failed
8415,8052,48555.0,57076.24,8053,8053,no_retest_hold
8415,8197,42196.97,51483.0,8208,8208,retest_failed
8583,8956,42500.0,48843.2,8962,8962,retest_failed
8583,8402,31000.0,39559.88,8437,8437,retest_failed
8583,8897,42843.05,47399.97,8958,8958,retest_failed
8955,8585,29278.0,32435.0,8765,-1,retest_failed
8955,9314,55600.0,61470.41,9356,9356,retest_failed
8955,9334,55600.0,60029.76,9356,9356,retest_failed
9338,9400,53256.64,59053.55,9402,9402,no_retest_hold
9338,8959,40200.0,48843.2,9139,-1,retest_failed
9338,9435,42000.3,51936.33,9606,9606,retest_failed
9416,9362,53500.0,59398.9,9402,9402,retest_failed
9416,9437,42000.3,51936.33,9606,9606,retest_failed
9416,9628,39650.0,42786.7,9690,9690,retest_failed
9463,9362,53500.0,59398.9,9402,9402,retest_failed
9463,9628,39650.0,42786.7,9690,9690,retest_failed
9463,9417,42000.3,57600.0,9597,-1,retest_failed
9967,10186,39200.0,43410.3,10213,10213,retest_failed
9967,10199,39200.0,41561.31,10213,10213,retest_failed
9967,10002,34322.28,40236.26,10182,-1,retest_failed
10323,9961,34322.28,41904.88,10141,-1,retest_failed
10323,10183,39200.0,43410.3,10213,10213,retest_failed
10323,9880,36250.0,40444.32,9894,9894,retest_failed
10564,10356,27785.0,34243.15,10536,-1,retest_failed
10669,10399,26700.0,30788.37,10547,10547,retest_failed
13154,13139,25166.0,29259.85,13281,13281,retest_failed
