t,n_ctrl,ctrls,n_pool_window
212,2,686 297,5
434,2,350 762,2
461,0,,0
1784,3,1971 1482 1659,21
2741,3,2724 3113 2434,27
2891,3,2916 2794 2778,15
2914,3,3167 2893 2778,20
3038,3,3258 2733 3106,15
3182,0,,0
3303,3,3613 3143 3753,26
3330,3,3062 3116 3690,10
3749,3,4011 3298 3694,41
3788,3,3608 3979 3723,10
4401,1,4158,1
4495,3,4094 4903 4078,27
4553,3,4760 5042 4239,23
4906,3,4779 4499 4587,4
5078,1,4573,11
5172,3,5597 4950 5583,11
5453,3,5073 5098 5976,13
5526,3,5451 5073 5098,18
5544,3,5558 5885 5120,9
5568,3,5599 5131 5957,12
5601,3,5132 5567 5957,6
5886,3,5529 5971 5457,11
5926,3,5606 5573 5956,12
5975,3,5871 6464 6150,17
6138,2,5851 6560,2
6480,3,6589 6187 6463,25
6503,3,6911 6671 6932,15
6672,3,6932 6494 6909,19
6683,3,6907 6489 6930,27
6704,1,6914,1
