t,d_r,d_mfe,d_capture,d_trend,block,n_ctrl
528,-0.85406695822714,-1.2914498089809021,-0.2917329980910796,0.0,P1,2
575,-0.0009287709625254159,0.05515791161364102,-0.07398738904119602,0.0,P1,1
1162,0.16919048108504198,0.019228638503332562,-0.458558626080662,-1.0,P1,1
1820,-0.9904963169419502,-1.6795021735582316,0.14198656838222706,0.33333333333333337,P1,3
1952,5.010364309259578,10.932608259207772,0.17644149732636785,0.0,P1,1
2108,-0.008289638870475402,0.013532281750914643,-0.0246222671167457,0.0,P1,1
2402,0.36989450094812504,4.790952236797459,0.3097314068254631,0.5,P1,2
3424,0.30810950357848443,-0.308954868183656,-0.24953582184834508,-0.5,P1,2
4267,-1.8083461971303156,-2.4765509417344473,-0.03389374704801581,0.6666666666666667,P1,3
4415,0.39306811729252633,0.9516622274612841,-0.07035158635557859,0.0,P1,1
4481,-0.05788118522084873,-2.138379523417893,0.03511547988780177,-0.6666666666666666,P1,3
4501,0.2310981797511642,0.6211106413362995,-0.05014870685016168,-1.0,P1,2
4723,0.05791088943408296,-0.2165051948982285,0.23632984143845986,1.0,P1,1
5071,0.1623615110883616,-2.2144870358523217,0.05977466564869331,-1.0,P1,1
6516,0.05832076322134294,-0.3723751977655827,0.16156074759187694,-0.6666666666666666,P2,3
6961,-0.21218541403894653,1.3293682265654814,0.15550091121946083,1.0,P2,2
7757,-0.6351726046567452,-1.6523446324838058,-0.3059002521575793,-0.3333333333333333,P2,3
7863,0.1300884963618152,-0.04754078787852245,-0.002848091040437345,-0.3333333333333333,P2,3
8074,-2.417763005805422,-4.698597797506302,-0.5244996340457767,-0.5,P2,2
9001,0.2063529851459145,-2.4496820346660595,-0.00449541020095745,-1.0,P2,1
9175,1.3887164170304644,0.13673489879094203,0.23946862686464776,0.5,P2,2
9417,-0.19570851319855787,2.1592549465757225,-0.00099492835845294,1.0,P2,2
9459,-1.4925334960482242,-1.4869790643936769,-0.19729620381871227,0.33333333333333337,P2,3
10477,-0.003956936300818281,0.4216310588918214,0.012799236226513272,-1.0,P2,3
10889,-11.465600273364181,-16.769360807079497,-0.48048681540250193,0.5,P2,2
11913,-1.3700673972391888,-4.07846977365965,-0.18661088010223503,0.5,P2,2
