e,x,entry,stop0,R,exit,reason,r_net,r_gross,mfe_r,mae_r,bars,t,stop_dist_atr,struct_bar
217,292,4.0188192,3.842731122786212,0.17608807721378827,3.831202929417853,stop,-1.448857099992023,-1.0654683357940384,3.364116465879693,0.7417833283591132,75,212,0.9014353308682719,215
456,457,4.050566750000001,3.909207569460504,0.1413591805394967,3.8974799467521226,stop,-1.566506002615617,-1.0829632901352635,0.25844271210805514,0.4298748038018106,1,434,0.8642040083037977,454
466,596,3.9577277000000004,3.8567769821314446,0.1009507178685558,4.759799648027592,chandelier_d,7.202536328481443,7.945183203867252,21.079318155723804,0.6560399113380537,130,461,0.9342742076965873,464
1792,1833,20.447625500000004,19.610808412264657,0.8368170877353478,19.551975987027863,stop,-1.4813823760642808,-1.070304999860854,6.666181393471036,0.6209546956148446,41,1784,0.7218738225635696,1790
2747,2777,41.842670000000005,38.113519073309824,3.7291509266901812,37.99917851608989,stop,-1.2147889614028624,-1.030661284423105,0.46051501635634207,0.9339042769961203,30,2741,1.9976721405929863,2745
2896,2902,26.35948,24.866310806278385,1.4931691937216165,24.79171187385955,stop,-1.344568575816699,-1.0499601336087716,0.2347490167047672,0.9104661452407785,6,2891,1.2372208872481305,2894
2919,2931,24.977410000000003,23.70181157043452,1.275598429565484,23.630706135723216,stop,-1.3834554998983026,-1.055742805151872,0.6919027019346831,0.6094472852752083,12,2914,1.1067950842919883,2917
3044,3047,25.367995,24.13783438321847,1.2301606167815322,24.065420880068814,stop,-1.4044519658091166,-1.0588650800243546,0.1398232049161313,0.7218528929362577,3,3038,1.010126964252936,3042
3299,3302,17.80667,17.067452544370678,0.7392174556293227,17.016250186737565,stop,-1.474392844173991,-1.0692656230493394,0.2615333262597414,0.5771914566556897,3,3182,1.1501607308570658,3297
3308,3310,17.315935,16.434004786968497,0.8819302130315023,16.384702772607593,stop,-1.3845287236953023,-1.0559023986619487,0.48083736528578513,0.9591858715126977,2,3303,1.5882147511478995,3306
3335,3588,16.56481,15.418427967583224,1.1463820324167777,19.145235320537346,chandelier_d,1.9830378237769142,2.250929661813826,6.3549408434477295,0.49268915948488934,253,3330,1.3967145609214293,3333
3755,3762,14.241330000000001,13.544118519028013,0.6972114809719887,13.503486163470928,stop,-1.4005065639103458,-1.058278379897644,0.35666366201159766,0.4752216637885698,7,3749,1.254615296613382,3753
3794,3953,9.71455,7.6950684840128,2.0194815159871995,8.88219330501618,chandelier_d,-0.4913581429448684,-0.41216356198087367,1.0673284122367093,0.571706148761461,159,3788,2.024683456297139,3792
4428,4428,7.11065,6.916292738718032,0.19435726128196773,6.895543860501878,stop_init,-1.7265082070261244,-1.106756382958352,0.20246220666236314,1.2896353773804408,0,4401,0.8451881626618191,4426
4550,4553,6.93038,6.73787019992648,0.1925098000735206,6.7176565893267,stop,-1.7146998501657795,-1.10500042383328,0.04997148195222284,0.9369912593079016,3,4495,0.8896566242283386,4548
4565,4565,6.820215,6.714065615523792,0.10614938447620847,6.69392341867722,stop_init,-2.2846403954208463,-1.1897533080004465,0.09218141064391258,1.1325077445639267,0,4553,0.5114414097243511,4563
4911,4918,5.918865,5.696321991480906,0.2225430085190947,5.679233025506463,stop,-1.5249888988706375,-1.0767894983003998,0.5892568850966525,0.5341214751745461,7,4906,0.9323277210408643,4909
5100,5100,5.048561500000001,4.95861937206366,0.08994212793634038,4.943743513947469,stop_init,-2.1208282875794437,-1.1653936643206875,0.08270318004110477,5.8766843983734605,0,5078,1.1257346985004255,5098
5180,5283,4.3014425,4.20790683617142,0.0935356638285807,5.618321594265553,chandelier_d,13.16684003346488,14.07889825509709,23.75091391954372,0.8065640089780187,103,5172,1.4461696597036757,5178
5460,5526,6.2643825,5.876498864078376,0.3878836359216242,6.37735668267184,chandelier_d,0.010970366642953104,0.2912579243086897,4.216773662321999,0.26910776927204877,66,5453,2.6730311077270406,5458
5539,5543,6.58987,6.418754024788731,0.17111597521126942,6.399497762714365,stop,-1.7653570899620163,-1.1125333976011957,0.05919961585989992,0.9927185336744236,4,5526,0.9564425197135282,5537
5551,5554,6.543801,6.308679098056088,0.23512190194391192,6.28975306076192,stop,-1.54990454376115,-1.0804945738261464,0.06889617626461554,0.8923073446813491,3,5544,1.7108107669352735,5549
5585,5588,5.863782500000001,5.687343570717778,0.17643892928222282,5.670281540005625,stop,-1.6588964347558792,-1.096702189145919,0.4489797139569255,0.6902246601440426,3,5568,1.4017512353012946,5583
5608,5849,5.315962,5.188275513774317,0.12768648622568257,6.11782349431595,chandelier_d,5.509830835358415,6.279924508993701,13.188850674639964,0.7280488542514362,241,5601,0.799123924332656,5606
5898,5915,5.918865,5.708758956551686,0.21010604344831396,5.691632679682031,stop,-1.556750081982754,-1.081512538090645,0.8002387615345327,0.8465487097888041,17,5886,1.360128742728945,5896
5935,5953,5.6795065000000005,5.577823878314699,0.10168262168530173,5.561090406679755,stop,-2.1152604363738803,-1.1645656982245443,2.1782827422123434,0.9392607941953401,18,5926,1.117676007654079,5933
5980,6124,5.22783,5.095072520533332,0.13275747946666794,5.079787302971732,stop,-1.7828615516404975,-1.115136394747823,2.5096137809971797,0.8348305530147294,144,5975,1.1637939052085517,5978
6143,6149,5.0525675,4.945836957677872,0.10673054232212831,4.930999446804838,stop,-1.9434617722791994,-1.1390184154433685,0.16333187877361421,0.914147889416015,6,6138,1.19645507522984,6141
6485,6486,5.0365435000000005,4.947329360815091,0.08921413918490995,4.932487372732646,stop,-2.1273510511544274,-1.1663636304519238,0.061161829838316084,0.992482815044375,1,6480,1.2405919304501725,6483
6508,6551,5.023524,4.917547034134352,0.10597696586564798,4.902794393031949,stop,-1.9447239639734843,-1.1392061093832921,0.7782445867015905,0.7692615025736043,43,6503,1.6764920306103013,6506
6677,6682,4.2874215,4.21220601830529,0.07521548169470993,4.199569400250374,stop,-2.138392494042774,-1.1680055458024805,-0.005603899496524764,0.8166071481041876,5,6672,1.2574885857291054,6675
6690,6693,4.2794095,4.2124921132453705,0.06691738675462933,4.199854636905634,stop,-2.278578738151424,-1.1888519105815512,0.785901879175845,0.2452202752652286,3,6683,1.1902345061547637,6688
6709,6709,4.1552235,4.081213193311241,0.07401030668875919,4.068969553731307,stop_init,-2.1210830430814145,-1.1654315476819024,-0.0030198496668796485,1.0163922211043204,0,6704,1.648801588424324,6707
