e,x,entry,stop0,R,exit,reason,r_net,r_gross,mfe_r,mae_r,bars,t,stop_dist_atr,struct_bar,entry_eff,exit_eff,capture,dist_low_atr,giveback_r,trend_7d,trend_14d,trend_30d,trend_60d,persist30,cls,block,year,cut_trend
229,237,4.41610695,4.159072568398416,0.2570343816015832,4.1549134958300185,stop,-1.1562334120076205,-1.0161809970420408,0.25596984181666205,0.7473978726230303,8,212,1.3506906959309395,225,0.22134450873610223,0.4823161967665287,-0.2963392944973691,4.326087393977819,1.2721508388587028,False,False,False,True,False,fail,none,2020,True
451,453,4.223210549999999,4.055231412355003,0.1679791376449966,4.051176180942647,stop,-1.2310266395362117,-1.0241412800970882,0.2350854430712498,0.15484393100630003,2,434,1.059514547287622,447,0.6002167485358026,0.2372720394319361,-0.16251121203226127,4.164043381774852,1.259226723168338,False,False,True,True,True,trend,none,2020,True
476,596,4.3431705,3.9498916751796433,0.3932788248203569,4.769347892055731,chandelier_d,0.9863353690254879,1.0836520177520403,4.430773766667854,0.6691702766356974,120,461,3.845409549089851,472,0.778331918885117,0.4120278238590902,0.1903597427442072,4.136285632803918,3.3471217489158134,False,True,True,True,True,trend,none,2020,True
1518,1641,33.908946,31.83990971662335,2.0690362833766507,34.5678669182821,chandelier_d,0.17946437527877768,0.31846755108941144,7.670747065923159,0.8941099848577356,123,1500,1.1596454854320277,1514,0.6857376050465553,0.3427322654748255,0.028469870521380863,5.103060607452114,7.352279514833747,False,False,True,True,False,trend,P2a,2021,False
1801,1823,25.870929,20.684828358273663,5.186100641726338,20.66414352991539,stop,-1.041675267781146,-1.003988512716442,0.02662327816955733,0.9895544561379153,22,1784,4.6321212533122615,1797,0.018183985249571988,0.296081065443881,-0.685734949306547,6.846355175475292,1.0306117908859993,False,False,False,False,,fail,P2a,2021,False
2757,2765,40.850415,39.1110464636189,1.7393685363811002,39.07193541715528,stop,-1.2154718280666617,-1.0224857732249146,1.5577980993248959,0.8396236734502002,8,2727,1.0521330090255991,2753,0.44935074626865734,0.2557106827786533,-0.2949385709526894,2.2650821643819827,2.5802838725498107,False,False,False,False,,rebound,P2a,2021,False
2814,2831,38.589285,34.56889050595394,4.020394494046059,34.534321615447986,stop,-1.0849886842688823,-1.0085983827102405,0.04743688717175413,0.8803327646681064,17,2801,3.1802272651381944,2810,0.02902815829528227,0.3537780236602718,-0.6171938180444461,4.627737124211858,1.0560352698819946,False,False,False,False,,fail,P2a,2021,False
3206,3292,18.839415,17.648784064010158,1.1906309359898408,17.642568108863323,chandelier_d,-1.1339124319590348,-1.0052207237011423,3.6540164281747876,0.8729951226539162,86,3182,1.9066634418590123,3202,0.5911120923913046,0.2462728408781688,-0.16261506673052664,4.659766324413904,4.65923715187593,False,False,False,False,,rebound,P2a,2022,False
3347,3350,18.579285,16.998232912367836,1.5810520876321625,16.98123467945547,stop,-1.105216277735173,-1.010751216259943,-0.005872671794073505,0.9546080181712134,3,3330,1.957350855961016,3343,0.17798820326678777,0.5319845153276712,-0.29002728140554096,5.5351168318230854,1.0048785444658694,False,False,False,True,False,fail,P2a,2022,True
3437,3588,17.548769999999998,16.76829045900861,0.7804795409913865,19.183641008241533,chandelier_d,1.897032278547916,2.0947006582195327,8.073536420949624,0.6390558288900764,151,3398,1.3790953279695428,3433,0.6429826530612248,0.5238409192083195,0.16682357226954447,7.54225447703939,5.978835762730092,True,True,True,True,False,trend,P2a,2022,True
3806,3829,10.945469999999998,9.292211235547953,1.6532587644520458,9.282919024312404,stop,-1.0570094937128,-1.0056205425522895,0.5592167541337221,0.9166562625193669,23,3788,1.6640222492665242,3802,0.20230415754923436,0.43389913004647807,-0.3637967124042876,4.04971617579328,1.5648372966860116,False,False,False,False,,fail,P2a,2022,False
4416,4425,7.6738349999999995,7.312017844370184,0.3618171556298151,7.304705826525814,stop,-1.19408114906421,-1.020209151861918,0.23814514778884063,0.8673856259073913,9,4401,1.6469805181956627,4412,0.09573888888888926,0.4941175850286824,-0.4101435260824283,4.192654597975801,1.2583542996507586,False,False,False,False,,fail,P2b,2022,False
4507,4546,7.393694999999999,6.932785815004392,0.4609091849956073,6.925853029189388,stop,-1.1455273397041084,-1.0150415440626772,1.423935606764392,0.9843479252953546,39,4495,2.2333721785688323,4503,0.5048500000000009,0.13527156091491366,-0.3598784390850855,3.279892378882576,2.4389771508270695,True,True,True,True,False,trend,P2b,2022,False
5093,5097,5.2196085,5.077834782438125,0.1417737175618745,5.072756947655687,stop,-1.3407244339312014,-1.035816474800569,0.2143662487141634,0.5191970787383401,4,5078,1.9016984715730154,5089,0.041632191780822336,0.7572012981584759,-0.20116651006070174,9.159785639701665,1.2501827235147323,False,False,True,True,False,trend,P2b,2022,True
5195,5283,4.3411695,4.251362405560575,0.08980709443942558,5.629592048817741,chandelier_d,13.88025476265123,14.346556436994792,24.29463411124644,0.28026182293401336,88,5172,1.4552098529474082,5191,0.9552104357798165,0.5373058290587693,0.4925162648385858,2.487005864903139,9.94807767425165,False,True,True,True,True,trend,P2b,2022,True
5462,5526,6.1860915,5.881879122598192,0.3042123774018082,6.3901497753151135,chandelier_d,0.4971463135407957,0.6707757161556596,5.633920995056178,0.05946996685182269,64,5453,2.126560255945347,5458,0.8476303165182989,0.2532887118274547,0.10091902834575353,2.385475843118091,4.963145278900518,True,True,True,True,False,trend,P2b,2023,False
5579,5584,6.0340155,5.802920335482107,0.23109516451789247,5.797117415146626,stop,-1.2401334475988177,-1.0251105225312163,0.038877922948945015,0.9434013924731867,5,5568,1.906941194285364,5575,0.5203508146639512,0.23840877306173713,-0.24124041227431173,4.464386452166528,1.0639884454801614,False,False,False,False,,fail,P2b,2023,False
5618,5849,5.8799385,5.27649901674693,0.6034394832530694,6.130095958697728,chandelier_d,0.33096162832196,0.41455268612713203,1.8561289592154029,0.28824514276447055,231,5601,4.008158376209191,5614,0.6054386486486489,0.5297815992960692,0.1352202479447181,4.566140423833191,1.4415762730882709,False,False,False,False,,rebound,P2b,2023,False
5900,5915,5.985991499999999,5.713261549271607,0.272729950728392,5.707548287722336,stop,-1.2010271644580233,-1.0209484199810566,0.3703608633017123,0.898293346021182,15,5886,1.8230824764585873,5896,0.20740965092402608,0.2208383731464808,-0.5717519759294931,3.4702555711252314,1.391309283282769,False,False,False,False,,fail,P2b,2023,False
5937,5953,5.755876499999999,5.577776711404001,0.17809978859599873,5.572198934692596,stop,-1.2984601719976852,-1.031318266884959,0.8148437521686133,0.9650572937505509,16,5926,2.101856807342189,5933,0.4134572649572661,0.06324482818403587,-0.5232979068586979,2.560185565845627,1.8461620190535721,False,False,False,False,,fail,P2b,2023,False
5999,6010,5.380688999999999,5.227876448710058,0.15281255128994164,5.222648572261348,stop,-1.325640098487661,-1.0342110409425107,0.18526619548602413,0.9730156243375678,11,5975,1.3985143602141916,5995,0.24660285714285812,0.3018530636038519,-0.45154407925329004,3.355394124811278,1.219477236428535,False,False,False,False,,fail,P2b,2023,False
6525,6541,5.0035005,4.954770984228275,0.04872951577172557,4.949816213244047,stop,-1.9595560398936702,-1.1016790523312168,0.8516296405325439,0.974778822398257,16,6480,0.7022271956168741,6521,0.24439237668161218,0.5148709114082813,-0.24073671191010648,3.9451285253404724,1.9533086928637606,False,False,False,False,,fail,P2b,2023,False
6692,6693,4.308153,4.21253401601259,0.09561898398740976,4.2083214819965775,stop,-1.4181358677233245,-1.0440554149432009,0.12389799081697303,0.2212217607623316,1,6672,1.7084693329670342,6688,0.05459447004608464,0.48535245159713136,-0.46005307835678405,4.654139477254616,1.167953405760174,False,False,False,True,False,fail,P2b,2023,True
