entry,exit,legs,avg_entry,exit_px,hold_d,ret,entry_is_f32,exit_is_f32
2015-06-30,2015-08-18,2,284.93876306104585,232.7711452048029,49,-0.18308361170595255,False,False
2015-10-16,2015-11-10,6,330.22362965390914,340.2422062919305,25,0.030338763608531938,False,False
2016-04-20,2016-12-22,9,570.4646366176281,859.8897359683244,246,0.5073497650384464,False,False
2017-02-24,2017-03-18,1,1173.6800537109375,1033.6011928242983,22,-0.11935012480082485,True,False
2017-04-26,2017-05-24,1,1281.0799560546875,2337.627522487622,28,0.8247319470103645,True,False
2017-08-01,2017-10-20,3,3648.7729927697724,5979.49522332881,80,0.6387687683441754,False,False
2019-04-02,2019-06-26,5,6920.686321697587,13739.844304157177,85,0.9853297296657288,False,False
2020-01-30,2020-03-09,2,9814.257842337149,7953.951965361364,39,-0.18955135547292434,False,False
2020-04-30,2020-12-17,4,10669.76028949138,22188.92269217194,231,1.0796083595266666,False,False
2021-02-08,2021-03-25,2,52761.6220797066,51361.72636727741,45,-0.026532461612237213,False,False
2021-04-13,2021-04-22,1,63503.45703125001,52383.822781917515,9,-0.1751028175341781,False,False
2021-10-06,2021-12-04,3,60800.222819051276,50806.02631449011,59,-0.16437762957390945,False,False
2023-01-18,2024-01-23,8,29887.23257104214,38570.93201681803,370,0.29054879621706964,False,False
2024-02-12,2024-11-13,5,67668.60330081434,91841.20411375105,275,0.3572203301652277,False,False
2025-01-20,2025-02-26,1,102016.6640625,83891.32447399008,37,-0.1776703811585676,True,False
2025-04-25,2025-10-10,7,112170.78917685752,104770.43935691798,168,-0.06597394806834733,False,False
