entry,exit,legs,exit_px,reason,legdays
2015-06-30,2015-08-18,2,220.94425992548878,SL,"['2015-06-30', '2015-07-12']"
2015-10-16,2015-11-10,4,329.6073914583842,SL,"['2015-10-16', '2015-10-28', '2015-11-02', '2015-11-03']"
2016-04-20,2016-12-22,7,873.9916193326278,TP,"['2016-04-20', '2016-05-27', '2016-05-28', '2016-09-04', '2016-10-11', '2016-10-27', '2016-10-29']"
2017-02-24,2017-03-18,1,1033.1665602931735,SL,['2017-02-24']
2017-04-25,2017-05-24,1,2323.588446077494,TP,['2017-04-25']
2017-08-01,2017-10-20,3,5980.535055448936,TP,"['2017-08-01', '2017-08-05', '2017-10-12']"
2019-05-11,2019-11-22,2,7023.581209233065,SL,"['2019-05-11', '2019-05-26']"
2020-01-30,2020-03-09,2,7954.187854550015,SL,"['2020-01-30', '2020-02-09']"
2020-04-30,2020-12-17,4,22188.05595042378,TP,"['2020-04-30', '2020-06-01', '2020-07-27', '2020-10-21']"
2021-02-08,2021-03-25,2,51361.75047804263,SL,"['2021-02-08', '2021-03-13']"
2021-04-13,2021-04-22,1,52383.84472877488,SL,['2021-04-13']
2021-10-06,2021-12-04,3,50806.03495165291,SL,"['2021-10-06', '2021-10-15', '2021-10-20']"
2023-01-18,2024-01-23,5,38569.81124944632,SL,"['2023-01-18', '2023-01-20', '2023-06-21', '2023-10-23', '2024-01-02']"
2024-02-12,2024-11-13,3,91846.35544307355,TP,"['2024-02-12', '2024-09-26', '2024-10-29']"
2025-01-20,2025-02-26,1,83868.53977246989,SL,['2025-01-20']
2025-04-22,2025-10-17,5,104007.07597495841,SL,"['2025-04-22', '2025-05-08', '2025-05-21', '2025-07-10', '2025-08-13']"
2026-08-19,,1,,open,['2026-08-19']
