n,entry,exit,legs,ret,entry_is_close,atr_w_entry,atr_pct,tp_lvl,tp_dev,sl_leg,sl_dev,exit_type,sim_entry,sim_exit,sim_legs,sim_px_dev
1,2015-06-30,2015-08-18,2,-18.3,n/a (Mehr-Leg),14.0,5.32,788.07,238.56,2015-07-12,-5.081,SL~,2015-06-30,2015-08-18,2,-5.08
2,2015-10-16,2015-11-10,6,3.0,n/a (Mehr-Leg),10.88,4.14,670.8,97.15,2015-11-04,-1.832,SL~,2015-10-16,2015-11-10,4,-3.13
3,2016-04-20,2016-12-22,9,50.7,n/a (Mehr-Leg),11.54,2.61,873.99,1.64,2016-12-22,-9.603,TP~,2016-04-20,2016-12-22,7,1.64
4,2017-02-24,2017-03-18,1,-11.9,ja,21.62,1.84,1984.33,91.98,2017-02-24,-0.042,SL,2017-02-24,2017-03-18,1,-0.04
5,2017-04-26,2017-05-24,1,82.5,ja,28.22,2.2,2339.41,0.08,2017-05-24,-6.343,TP,2017-04-25,2017-05-24,1,-0.6
6,2017-08-01,2017-10-20,3,63.9,n/a (Mehr-Leg),86.99,3.2,5980.54,0.02,2017-10-20,-15.993,TP,2017-08-01,2017-10-20,3,0.02
7,2019-04-02,2019-06-26,5,98.5,n/a (Mehr-Leg),236.06,4.84,13732.06,-0.06,2019-06-26,-18.962,TP,-,-,-,-
8,2020-01-30,2020-03-09,2,-19.0,n/a (Mehr-Leg),336.93,3.54,22144.03,178.4,2020-02-09,0.003,SL,2020-01-30,2020-03-09,2,0.0
9,2020-04-30,2020-12-17,4,108.0,n/a (Mehr-Leg),360.79,4.17,22188.06,-0.0,2020-12-17,-11.135,TP,2020-04-30,2020-12-17,4,-0.0
10,2021-02-08,2021-03-25,2,-2.7,n/a (Mehr-Leg),1096.34,2.37,87309.08,69.99,2021-03-13,0.0,SL,2021-02-08,2021-03-25,2,0.0
11,2021-04-13,2021-04-22,1,-17.5,ja,1710.71,2.69,127655.07,143.69,2021-04-13,0.0,SL,2021-04-13,2021-04-22,1,0.0
12,2021-10-06,2021-12-04,3,-16.4,n/a (Mehr-Leg),2303.42,4.16,141739.84,178.98,2021-10-20,0.0,SL,2021-10-06,2021-12-04,3,0.0
13,2023-01-18,2024-01-23,8,29.1,n/a (Mehr-Leg),1049.86,5.07,60058.61,55.71,2024-01-02,-0.003,SL,2023-01-18,2024-01-23,5,-0.0
14,2024-02-12,2024-11-13,5,35.7,n/a (Mehr-Leg),1117.02,2.24,91846.36,0.01,2024-11-13,-17.337,TP,2024-02-12,2024-11-13,3,0.01
15,2025-01-20,2025-02-26,1,-17.8,ja,2792.02,2.74,206717.37,146.41,2025-01-20,-0.027,SL,2025-01-20,2025-02-26,1,-0.03
16,2025-04-25,2025-10-10,7,-6.6,n/a (Mehr-Leg),3181.25,3.36,214017.37,104.27,2025-10-05,-0.005,SL,2025-04-22,2025-10-17,5,-0.73
