T,n_mem,n_sig,long,short
2020-04-04,20,20,"['XMRUSDT', 'DASHUSDT', 'BCHUSDT']",[]
2020-04-11,20,20,"['LINKUSDT', 'XMRUSDT', 'VETUSDT']",[]
2020-04-18,20,20,"['LINKUSDT', 'XTZUSDT', 'ETHUSDT']",[]
2020-04-25,20,20,"['XTZUSDT', 'LINKUSDT', 'XLMUSDT']",[]
2020-05-02,20,20,"['ADAUSDT', 'XLMUSDT', 'XTZUSDT']",[]
2020-05-09,20,20,"['XLMUSDT', 'ADAUSDT', 'NEOUSDT']",['DASHUSDT']
2020-05-16,20,20,"['BTCUSDT', 'ADAUSDT', 'NEOUSDT']","['DASHUSDT', 'ATOMUSDT', 'XTZUSDT']"
2020-05-23,20,20,"['NEOUSDT', 'ADAUSDT', 'LINKUSDT']","['EOSUSDT', 'ETCUSDT', 'DASHUSDT']"
2020-05-30,20,20,"['ADAUSDT', 'VETUSDT', 'ZECUSDT']","['BCHUSDT', 'XRPUSDT', 'DASHUSDT']"
2020-06-06,20,20,"['ADAUSDT', 'VETUSDT', 'ZECUSDT']",[]
2020-06-13,20,20,"['VETUSDT', 'ADAUSDT', 'ETHUSDT']","['XRPUSDT', 'XTZUSDT', 'ETCUSDT']"
2020-06-20,20,20,"['VETUSDT', 'BATUSDT', 'ADAUSDT']","['ETCUSDT', 'XTZUSDT', 'DASHUSDT']"
2020-06-27,20,20,"['VETUSDT', 'BATUSDT', 'ONTUSDT']","['XLMUSDT', 'XTZUSDT', 'ETCUSDT']"
2020-07-04,20,20,"['VETUSDT', 'ADAUSDT', 'LINKUSDT']","['XTZUSDT', 'ETCUSDT', 'THETAUSDT']"
2020-07-11,20,20,"['VETUSDT', 'ADAUSDT', 'LINKUSDT']",['BTCUSDT']
2020-07-18,20,20,"['VETUSDT', 'LINKUSDT', 'XLMUSDT']",['BATUSDT']
2020-07-25,20,20,"['LINKUSDT', 'XLMUSDT', 'VETUSDT']",[]
2020-08-01,20,20,"['ETHUSDT', 'XRPUSDT', 'LTCUSDT']","['COMPUSDT', 'KNCUSDT', 'IOSTUSDT']"
2020-08-08,20,20,"['ETHUSDT', 'LINKUSDT', 'XRPUSDT']","['KNCUSDT', 'COMPUSDT', 'ONTUSDT']"
2020-08-15,20,20,"['LINKUSDT', 'ALGOUSDT', 'ATOMUSDT']",['ADAUSDT']
2020-08-22,20,20,"['LINKUSDT', 'ALGOUSDT', 'ATOMUSDT']","['ETCUSDT', 'ADAUSDT', 'BCHUSDT']"
2020-08-29,20,20,"['ATOMUSDT', 'LINKUSDT', 'COMPUSDT']","['ADAUSDT', 'VETUSDT', 'BCHUSDT']"
2020-09-05,20,20,"['OMGUSDT', 'TRXUSDT', 'LENDUSDT']","['KAVAUSDT', 'SXPUSDT', 'ALGOUSDT']"
2020-09-12,20,20,"['LENDUSDT', 'TRXUSDT', 'BNBUSDT']","['SXPUSDT', 'OMGUSDT', 'ALGOUSDT']"
2020-09-19,20,20,"['BNBUSDT', 'TRXUSDT']","['SXPUSDT', 'BANDUSDT', 'OMGUSDT']"
2020-09-26,20,20,"['BNBUSDT', 'LENDUSDT', 'ADAUSDT']","['SXPUSDT', 'OMGUSDT', 'BANDUSDT']"
2020-10-03,20,20,['BTCUSDT'],"['CRVUSDT', 'YFIUSDT', 'BANDUSDT']"
2020-10-10,20,19,"['OMGUSDT', 'ADAUSDT', 'BNBUSDT']","['CRVUSDT', 'YFIUSDT', 'NEOUSDT']"
2020-10-17,20,19,"['BNBUSDT', 'ADAUSDT', 'BCHUSDT']","['CRVUSDT', 'YFIUSDT', 'COMPUSDT']"
2020-10-24,20,19,"['LINKUSDT', 'LTCUSDT', 'BCHUSDT']","['CRVUSDT', 'YFIUSDT', 'SXPUSDT']"
2020-10-31,20,19,"['BTCUSDT', 'LTCUSDT', 'BCHUSDT']","['SXPUSDT', 'YFIUSDT', 'BANDUSDT']"
2020-11-07,20,20,"['BTCUSDT', 'LTCUSDT', 'ETHUSDT']","['YFIIUSDT', 'UNIUSDT', 'SXPUSDT']"
2020-11-14,20,20,"['CRVUSDT', 'SUSHIUSDT', 'UNIUSDT']","['SXPUSDT', 'YFIIUSDT', 'THETAUSDT']"
2020-11-21,20,20,"['SUSHIUSDT', 'YFIUSDT', 'CRVUSDT']",[]
2020-11-28,20,20,"['XRPUSDT', 'SUSHIUSDT', 'WAVESUSDT']","['SXPUSDT', 'THETAUSDT']"
2020-12-05,20,20,"['SUSHIUSDT', 'XRPUSDT', 'XLMUSDT']","['UNIUSDT', 'SXPUSDT']"
2020-12-12,20,20,"['XLMUSDT', 'SUSHIUSDT', 'AAVEUSDT']","['CRVUSDT', 'YFIIUSDT', 'SXPUSDT']"
2020-12-19,20,20,"['SUSHIUSDT', 'LTCUSDT', 'AAVEUSDT']","['XLMUSDT', 'XRPUSDT', 'FILUSDT']"
2020-12-26,20,20,"['LTCUSDT', 'BTCUSDT', 'BNBUSDT']","['XRPUSDT', 'CRVUSDT', 'YFIIUSDT']"
2021-01-02,20,20,"['THETAUSDT', 'ZILUSDT', 'DOTUSDT']","['XRPUSDT', 'XLMUSDT', 'YFIUSDT']"
2021-01-09,20,20,"['THETAUSDT', 'ADAUSDT', 'ETHUSDT']",['XRPUSDT']
2021-01-16,20,20,"['DOTUSDT', 'SUSHIUSDT', 'UNIUSDT']","['ZILUSDT', 'XRPUSDT']"
2021-01-23,20,20,"['AAVEUSDT', 'SUSHIUSDT', 'XLMUSDT']","['THETAUSDT', 'ZILUSDT', 'BTCUSDT']"
2021-01-30,20,20,"['UNIUSDT', 'AAVEUSDT', 'SUSHIUSDT']","['BCHUSDT', 'LTCUSDT', 'EOSUSDT']"
2021-02-06,20,20,"['DOGEUSDT', 'CRVUSDT', 'AAVEUSDT']","['YFIUSDT', 'BCHUSDT']"
2021-02-13,20,20,"['DOGEUSDT', 'GRTUSDT', 'BNBUSDT']",[]
2021-02-20,20,20,"['BNBUSDT', 'GRTUSDT', 'ADAUSDT']",[]
2021-02-27,20,20,"['BNBUSDT', 'ADAUSDT', 'GRTUSDT']","['CRVUSDT', 'AAVEUSDT', 'MKRUSDT']"
2021-03-06,20,20,"['BNBUSDT', 'UNIUSDT', 'ADAUSDT']","['AVAXUSDT', 'EOSUSDT', 'XLMUSDT']"
2021-03-13,20,20,"['SUSHIUSDT', 'DOGEUSDT', 'FILUSDT']","['GRTUSDT', 'XLMUSDT', 'AVAXUSDT']"
2021-03-20,20,20,"['FILUSDT', 'SXPUSDT', 'UNIUSDT']","['ADAUSDT', 'XLMUSDT']"
2021-03-27,20,20,"['FILUSDT', 'SXPUSDT', 'TRXUSDT']","['GRTUSDT', 'AAVEUSDT', 'XLMUSDT']"
2021-04-03,20,20,"['STORJUSDT', 'FILUSDT', 'TRXUSDT']","['SUSHIUSDT', 'CHZUSDT', 'LTCUSDT']"
2021-04-10,20,20,"['STORJUSDT', 'XRPUSDT', 'FILUSDT']","['SUSHIUSDT', 'CHZUSDT', 'UNIUSDT']"
2021-04-17,20,20,"['XRPUSDT', 'TRXUSDT', 'BCHUSDT']","['STORJUSDT', 'SUSHIUSDT']"
2021-04-24,20,20,"['XRPUSDT', 'BNBUSDT', 'BCHUSDT']","['STORJUSDT', 'DOTUSDT', 'SUSHIUSDT']"
2021-05-01,20,20,"['DOGEUSDT', 'ETCUSDT', 'SOLUSDT']","['DOTUSDT', 'FILUSDT', 'XLMUSDT']"
2021-05-08,20,20,"['ETCUSDT', 'DOGEUSDT', 'SOLUSDT']","['CHZUSDT', 'FILUSDT', 'TRXUSDT']"
2021-05-15,20,20,"['ETCUSDT', 'EOSUSDT', 'ADAUSDT']","['FILUSDT', 'BTCUSDT', 'VETUSDT']"
2021-05-22,20,20,"['ETCUSDT', 'ADAUSDT']","['SXPUSDT', 'FILUSDT', 'CHZUSDT']"
2021-05-29,20,20,[],"['SXPUSDT', 'VETUSDT', 'FILUSDT']"
2021-06-05,20,20,[],"['DOTUSDT', 'XLMUSDT', 'BCHUSDT']"
2021-06-12,20,20,"['SOLUSDT', 'BNBUSDT', 'MATICUSDT']","['SUSHIUSDT', 'AAVEUSDT', 'XLMUSDT']"
2021-06-19,20,20,"['SOLUSDT', 'BNBUSDT', 'BTCUSDT']","['EOSUSDT', 'SUSHIUSDT', 'XLMUSDT']"
2021-06-26,20,20,[],"['AAVEUSDT', 'SUSHIUSDT', 'VETUSDT']"
2021-07-03,20,20,"['1000SHIBUSDT', 'ETCUSDT']","['KSMUSDT', 'DOTUSDT', 'DOGEUSDT']"
2021-07-10,20,20,['1000SHIBUSDT'],"['THETAUSDT', 'KSMUSDT', 'DOGEUSDT']"
2021-07-17,20,20,"['BNBUSDT', 'ICPUSDT', 'ETHUSDT']","['THETAUSDT', 'MATICUSDT', 'DOGEUSDT']"
2021-07-24,20,20,"['CHZUSDT', 'BNBUSDT']","['1000SHIBUSDT', 'DOGEUSDT', 'SOLUSDT']"
2021-07-31,20,20,"['LINKUSDT', 'BTCUSDT', 'ETHUSDT']","['1000SHIBUSDT', 'KSMUSDT', 'FILUSDT']"
2021-08-07,20,20,"['AXSUSDT', 'ALICEUSDT', 'ICPUSDT']",[]
2021-08-14,20,20,"['XRPUSDT', 'ADAUSDT', 'DOTUSDT']","['SANDUSDT', 'CHRUSDT']"
2021-08-21,20,20,"['SOLUSDT', 'ADAUSDT', 'AXSUSDT']",[]
2021-08-28,20,20,"['SOLUSDT', 'ADAUSDT', 'AXSUSDT']",['AAVEUSDT']
2021-09-04,20,20,"['SOLUSDT', 'AVAXUSDT', 'LUNAUSDT']",['XRPUSDT']
2021-09-11,20,20,"['SOLUSDT', 'LUNAUSDT', 'AVAXUSDT']","['ALICEUSDT', 'DOGEUSDT', 'MATICUSDT']"
2021-09-18,20,20,"['SOLUSDT', 'AVAXUSDT', 'DOTUSDT']","['ALICEUSDT', 'ADAUSDT', 'DOGEUSDT']"
2021-09-25,20,20,"['AVAXUSDT', 'LUNAUSDT']","['ALICEUSDT', 'ICPUSDT', 'FILUSDT']"
2021-10-02,20,20,"['AXSUSDT', 'ATOMUSDT', 'AVAXUSDT']","['ADAUSDT', 'FILUSDT', 'ALGOUSDT']"
2021-10-09,20,20,"['AXSUSDT', 'FTMUSDT', 'LUNAUSDT']","['ATOMUSDT', 'AVAXUSDT', 'FILUSDT']"
2021-10-16,20,20,"['AXSUSDT', 'FTMUSDT', 'BTCUSDT']","['ATOMUSDT', 'AVAXUSDT', 'ADAUSDT']"
2021-10-23,20,20,"['FTMUSDT', 'DOTUSDT', 'BTCUSDT']","['XTZUSDT', 'ATOMUSDT', 'FILUSDT']"
2021-10-30,20,20,"['MATICUSDT', 'BNBUSDT', 'SOLUSDT']","['FILUSDT', 'XTZUSDT', 'ADAUSDT']"
2021-11-06,20,20,"['MANAUSDT', '1000SHIBUSDT', 'SOLUSDT']","['DYDXUSDT', 'ADAUSDT', 'FILUSDT']"
2021-11-13,20,20,"['MANAUSDT', '1000SHIBUSDT', 'AVAXUSDT']","['DYDXUSDT', 'ATOMUSDT', 'ADAUSDT']"
2021-11-20,20,20,"['AVAXUSDT', 'LTCUSDT', 'BNBUSDT']","['1000SHIBUSDT', 'ATOMUSDT', 'FTMUSDT']"
2021-11-27,20,20,"['MANAUSDT', 'AVAXUSDT']","['1000SHIBUSDT', 'DOTUSDT', 'ATOMUSDT']"
2021-12-04,20,20,"['GALAUSDT', 'SANDUSDT', 'MANAUSDT']","['IOTXUSDT', 'LINKUSDT', 'CHRUSDT']"
2021-12-11,20,20,"['GALAUSDT', 'SANDUSDT']","['CHRUSDT', 'DOTUSDT', 'IOTXUSDT']"
2021-12-18,20,20,['AVAXUSDT'],"['CHRUSDT', 'FTMUSDT', 'GALAUSDT']"
2021-12-25,20,20,"['AVAXUSDT', 'FTMUSDT', 'CHRUSDT']","['GALAUSDT', 'MANAUSDT', 'AXSUSDT']"
2022-01-01,20,20,"['FTMUSDT', 'SUSHIUSDT', 'LUNAUSDT']","['GALAUSDT', 'ETHUSDT', 'BNBUSDT']"
2022-01-08,20,20,"['NEARUSDT', 'FTMUSDT', 'ATOMUSDT']","['GALAUSDT', 'AVAXUSDT', 'SOLUSDT']"
2022-01-15,20,20,"['FTMUSDT', 'ATOMUSDT', 'NEARUSDT']","['GALAUSDT', 'SANDUSDT', 'SOLUSDT']"
2022-01-22,20,20,[],"['GALAUSDT', 'SUSHIUSDT', 'SANDUSDT']"
2022-01-29,20,20,[],"['GALAUSDT', 'SUSHIUSDT', 'LINKUSDT']"
2022-02-05,20,20,['MANAUSDT'],"['ONEUSDT', 'LUNAUSDT', 'NEARUSDT']"
2022-02-12,20,20,"['GALAUSDT', 'MANAUSDT', '1000SHIBUSDT']","['LUNAUSDT', 'ATOMUSDT', 'NEARUSDT']"
2022-02-19,20,20,"['GALAUSDT', 'XRPUSDT', '1000SHIBUSDT']","['ONEUSDT', 'FTMUSDT', 'SANDUSDT']"
2022-02-26,20,12,"['1000SHIBUSDT', 'AVAXUSDT']","['ADAUSDT', 'LINKUSDT', 'DOTUSDT']"
2022-03-05,20,20,['ATOMUSDT'],"['DYDXUSDT', 'THETAUSDT', 'GALAUSDT']"
2022-03-12,20,20,"['ATOMUSDT', 'DOTUSDT']","['CRVUSDT', 'DYDXUSDT', 'ALICEUSDT']"
2022-03-19,20,20,"['ETCUSDT', 'AVAXUSDT', 'BTCUSDT']","['ALICEUSDT', 'XTZUSDT', 'CRVUSDT']"
2022-03-26,20,20,"['ETCUSDT', 'ADAUSDT', 'AXSUSDT']","['ATOMUSDT', '1000SHIBUSDT']"
2022-04-02,20,12,"['RUNEUSDT', 'ETCUSDT', 'ADAUSDT']",[]
2022-04-09,20,20,"['ZILUSDT', 'NEARUSDT', 'ETCUSDT']","['WAVESUSDT', 'GALAUSDT', 'SANDUSDT']"
2022-04-16,20,20,"['NEARUSDT', 'ZILUSDT', '1000SHIBUSDT']","['WAVESUSDT', 'AXSUSDT', 'RUNEUSDT']"
2022-04-23,20,12,[],"['AXSUSDT', 'RUNEUSDT', 'GALAUSDT']"
2022-04-30,20,20,[],"['WAVESUSDT', 'FTMUSDT', 'AXSUSDT']"
2022-05-07,20,20,['APEUSDT'],"['AXSUSDT', 'GALAUSDT', 'ATOMUSDT']"
2022-05-14,20,20,[],"['MTLUSDT', 'RUNEUSDT', 'ATOMUSDT']"
2022-05-21,20,20,[],"['APEUSDT', 'RUNEUSDT', 'AVAXUSDT']"
2022-05-28,20,20,[],"['RUNEUSDT', 'AVAXUSDT', 'APEUSDT']"
2022-06-04,20,20,"['WAVESUSDT', 'KNCUSDT', 'TRXUSDT']","['GMTUSDT', 'APEUSDT', 'AVAXUSDT']"
2022-06-11,20,20,"['WAVESUSDT', 'ADAUSDT', 'TRXUSDT']","['GMTUSDT', 'APEUSDT', 'KNCUSDT']"
2022-06-18,20,20,['WAVESUSDT'],"['ETHUSDT', 'GMTUSDT', 'APEUSDT']"
2022-06-25,20,20,['SOLUSDT'],"['ETHUSDT', 'BTCUSDT', 'WAVESUSDT']"
2022-07-02,20,20,"['1000SHIBUSDT', 'GMTUSDT']","['BTCUSDT', 'ETHUSDT', 'BELUSDT']"
2022-07-09,20,20,"['MATICUSDT', 'GMTUSDT', '1000SHIBUSDT']",[]
2022-07-16,20,20,"['UNFIUSDT', 'MATICUSDT', 'ETHUSDT']","['WAVESUSDT', 'BELUSDT', 'FTMUSDT']"
2022-07-23,20,20,"['MATICUSDT', 'APEUSDT', 'ETHUSDT']",['BELUSDT']
2022-07-30,20,20,"['MATICUSDT', 'ETHUSDT', 'APEUSDT']","['GMTUSDT', 'TRXUSDT']"
2022-08-06,20,20,"['OPUSDT', 'ETCUSDT', 'APEUSDT']",['GMTUSDT']
2022-08-13,20,20,"['UNFIUSDT', 'ETCUSDT', 'OPUSDT']",['SANDUSDT']
2022-08-20,20,20,"['1000SHIBUSDT', 'UNFIUSDT']","['OPUSDT', 'DYDXUSDT', 'CRVUSDT']"
2022-08-27,20,20,['1000SHIBUSDT'],"['OPUSDT', 'APEUSDT', 'DYDXUSDT']"
2022-09-03,20,20,"['CHZUSDT', 'EOSUSDT']","['TRBUSDT', 'UNFIUSDT', 'AVAXUSDT']"
2022-09-10,20,20,"['EOSUSDT', 'OPUSDT', 'ETCUSDT']","['TRBUSDT', 'UNFIUSDT', 'AVAXUSDT']"
2022-09-17,20,20,"['APEUSDT', 'XRPUSDT', 'NEARUSDT']","['TRBUSDT', 'UNFIUSDT', 'AVAXUSDT']"
2022-09-24,20,20,"['XRPUSDT', 'CHZUSDT', 'APEUSDT']","['OPUSDT', 'TRBUSDT', 'EOSUSDT']"
2022-10-01,20,20,"['XRPUSDT', 'CHZUSDT', 'APEUSDT']","['RVNUSDT', 'EOSUSDT', 'ETCUSDT']"
2022-10-08,20,20,"['XRPUSDT', 'HNTUSDT']","['RVNUSDT', 'EOSUSDT', 'ETCUSDT']"
2022-10-15,20,20,"['MATICUSDT', 'BTCUSDT', 'HNTUSDT']","['CHZUSDT', 'RVNUSDT', 'NEARUSDT']"
2022-10-22,20,20,"['MATICUSDT', 'ETHUSDT']","['GMTUSDT', 'CHZUSDT', 'ADAUSDT']"
2022-10-29,20,20,"['ETHUSDT', '1000SHIBUSDT', 'MATICUSDT']","['GMTUSDT', 'HNTUSDT', 'NEARUSDT']"
2022-11-05,20,20,"['DOGEUSDT', 'KLAYUSDT', 'MATICUSDT']","['REEFUSDT', '1000LUNCUSDT']"
2022-11-12,20,20,"['DOGEUSDT', 'KLAYUSDT', 'CHZUSDT']","['SOLUSDT', 'REEFUSDT', 'RSRUSDT']"
2022-11-19,20,20,['CHZUSDT'],"['SOLUSDT', 'KLAYUSDT', 'REEFUSDT']"
2022-11-26,20,20,[],"['SOLUSDT', 'RSRUSDT', 'REEFUSDT']"
2022-12-03,20,20,"['APEUSDT', 'LTCUSDT', 'MASKUSDT']","['CHZUSDT', 'SOLUSDT', 'ETCUSDT']"
2022-12-10,20,20,"['APEUSDT', 'LTCUSDT', 'CRVUSDT']","['CHZUSDT', 'DYDXUSDT', 'ADAUSDT']"
2022-12-17,20,20,['BTCUSDT'],"['CHZUSDT', 'BNBUSDT', 'CRVUSDT']"
2022-12-24,20,20,[],"['MASKUSDT', 'CHZUSDT', 'DYDXUSDT']"
2022-12-31,20,20,[],"['GMTUSDT', 'MASKUSDT', 'CHZUSDT']"
2023-01-07,20,20,"['OCEANUSDT', 'ETCUSDT', 'LTCUSDT']","['DYDXUSDT', 'WAVESUSDT', 'MASKUSDT']"
2023-01-14,20,20,"['SOLUSDT', 'FTMUSDT', 'OCEANUSDT']",[]
2023-01-21,20,20,"['SOLUSDT', 'OCEANUSDT', 'WAVESUSDT']",[]
2023-01-28,20,20,"['FTMUSDT', 'WAVESUSDT', 'DYDXUSDT']",[]
2023-02-04,20,20,"['APTUSDT', 'DYDXUSDT', 'FTMUSDT']",[]
2023-02-11,20,20,"['DYDXUSDT', 'FTMUSDT', 'MATICUSDT']","['SOLUSDT', 'GMTUSDT', 'ETHUSDT']"
2023-02-18,20,20,"['DYDXUSDT', 'MATICUSDT', 'FTMUSDT']","['GMTUSDT', 'APTUSDT', 'GALAUSDT']"
2023-02-25,20,20,[],"['GMTUSDT', 'GALAUSDT', 'FTMUSDT']"
2023-03-04,20,20,"['FILUSDT', 'LDOUSDT', 'BTCUSDT']","['APTUSDT', 'SANDUSDT', 'FTMUSDT']"
2023-03-11,20,20,[],"['FTMUSDT', 'DYDXUSDT', 'GRTUSDT']"
2023-03-18,20,20,"['BTCUSDT', 'ETHUSDT', 'BNBUSDT']","['LDOUSDT', '1000SHIBUSDT', 'FILUSDT']"
2023-03-25,20,20,"['BTCUSDT', 'XRPUSDT', 'BNBUSDT']","['LDOUSDT', 'FILUSDT', 'OPUSDT']"
2023-04-01,20,20,"['CFXUSDT', 'MASKUSDT', 'STXUSDT']",[]
2023-04-08,20,20,"['XRPUSDT', 'ADAUSDT', 'DOGEUSDT']","['STXUSDT', 'AGIXUSDT', 'OPUSDT']"
2023-04-15,20,20,"['ADAUSDT', 'DYDXUSDT', 'OPUSDT']",['STXUSDT']
2023-04-22,20,20,"['BNBUSDT', 'DYDXUSDT', 'SOLUSDT']","['CFXUSDT', 'MASKUSDT', 'STXUSDT']"
2023-04-29,20,20,"['SOLUSDT', 'DYDXUSDT', 'BTCUSDT']","['EOSUSDT', 'LDOUSDT', 'MASKUSDT']"
2023-05-06,20,20,['CTSIUSDT'],"['IDUSDT', 'OPUSDT', 'APTUSDT']"
2023-05-13,20,20,[],"['CTSIUSDT', 'IDUSDT', 'SXPUSDT']"
2023-05-20,20,20,['LTCUSDT'],"['IDUSDT', 'LINAUSDT', 'OPUSDT']"
2023-05-27,20,20,"['LINAUSDT', 'CFXUSDT', 'LTCUSDT']","['SXPUSDT', 'FTMUSDT', 'OPUSDT']"
2023-06-03,20,20,"['LINAUSDT', 'RNDRUSDT', 'TOMOUSDT']","['OPUSDT', 'EDUUSDT', 'BNBUSDT']"
2023-06-10,20,20,"['TOMOUSDT', 'XRPUSDT']","['CFXUSDT', 'OPUSDT', 'MATICUSDT']"
2023-06-17,20,20,"['LINAUSDT', 'TOMOUSDT', 'XRPUSDT']","['ARPAUSDT', 'CFXUSDT', 'EDUUSDT']"
2023-06-24,20,20,"['BTCUSDT', 'TOMOUSDT']","['EDUUSDT', 'MATICUSDT', 'LINAUSDT']"
2023-07-01,20,20,"['BCHUSDT', '1000PEPEUSDT', 'WAVESUSDT']","['TOMOUSDT', 'XRPUSDT']"
2023-07-08,20,20,"['BCHUSDT', '1000PEPEUSDT', 'WAVESUSDT']","['TOMOUSDT', 'SUIUSDT', 'LINAUSDT']"
2023-07-15,20,20,"['SOLUSDT', 'XRPUSDT', 'MATICUSDT']","['TOMOUSDT', 'CFXUSDT', 'WAVESUSDT']"
2023-07-22,20,20,"['XRPUSDT', 'SOLUSDT', 'OPUSDT']","['BCHUSDT', 'LTCUSDT', 'CFXUSDT']"
2023-07-29,20,20,"['XRPUSDT', 'TOMOUSDT', 'OPUSDT']","['1000PEPEUSDT', 'BCHUSDT', 'WAVESUSDT']"
2023-08-05,20,20,"['STMXUSDT', 'MKRUSDT', 'OPUSDT']","['1000PEPEUSDT', 'COMPUSDT', 'SOLUSDT']"
2023-08-12,20,20,"['MKRUSDT', 'DOGEUSDT', 'SOLUSDT']","['COMPUSDT', 'STMXUSDT', 'XRPUSDT']"
2023-08-19,20,20,[],"['COMPUSDT', 'LTCUSDT', 'STMXUSDT']"
2023-08-26,20,20,[],"['COMPUSDT', '1000PEPEUSDT', 'STMXUSDT']"
2023-09-02,20,20,"['BLZUSDT', 'RUNEUSDT']","['1000PEPEUSDT', '1000SHIBUSDT', 'CRVUSDT']"
2023-09-09,20,20,"['BLZUSDT', 'BCHUSDT', 'MKRUSDT']","['1000PEPEUSDT', 'TOMOUSDT', 'SUIUSDT']"
2023-09-16,20,20,"['RUNEUSDT', 'BLZUSDT', 'MKRUSDT']","['1000PEPEUSDT', 'SUIUSDT', 'LPTUSDT']"
2023-09-23,20,20,"['BLZUSDT', 'LINKUSDT', 'MKRUSDT']","['LPTUSDT', '1000PEPEUSDT', 'SUIUSDT']"
2023-09-30,20,20,"['MKRUSDT', 'LINKUSDT', 'RUNEUSDT']","['LPTUSDT', '1000SHIBUSDT', 'SUIUSDT']"
2023-10-07,20,20,"['STORJUSDT', 'SOLUSDT', 'LINKUSDT']","['UNFIUSDT', 'FLMUSDT', 'BLZUSDT']"
2023-10-14,20,20,"['TRBUSDT', 'STORJUSDT', 'SOLUSDT']","['BLZUSDT', 'FLMUSDT', 'UNFIUSDT']"
2023-10-21,20,20,"['SOLUSDT', 'TRBUSDT', 'BLZUSDT']","['CYBERUSDT', 'PERPUSDT', '1000PEPEUSDT']"
2023-10-28,20,20,"['TRBUSDT', '1000PEPEUSDT', 'BLZUSDT']",['STORJUSDT']
2023-11-04,20,20,"['ARKUSDT', 'TRBUSDT', 'RUNEUSDT']",[]
2023-11-11,20,20,"['ARKUSDT', 'RUNEUSDT', 'BNTUSDT']",['BCHUSDT']
2023-11-18,20,20,"['ARKUSDT', 'RUNEUSDT', 'AVAXUSDT']","['LQTYUSDT', 'TRBUSDT', 'BCHUSDT']"
2023-11-25,20,20,"['AVAXUSDT', 'STORJUSDT', 'RUNEUSDT']","['TRBUSDT', 'LQTYUSDT', 'BCHUSDT']"
2023-12-02,20,20,"['TIAUSDT', 'AVAXUSDT', 'WLDUSDT']","['GASUSDT', 'ARKUSDT', 'BNBUSDT']"
2023-12-09,20,20,"['ADAUSDT', 'AVAXUSDT', 'BLURUSDT']","['ARKUSDT', 'DYDXUSDT', 'GASUSDT']"
2023-12-16,20,20,"['TIAUSDT', 'AVAXUSDT', 'ADAUSDT']","['ARKUSDT', 'BLURUSDT', 'GMTUSDT']"
2023-12-23,20,20,"['AVAXUSDT', 'TRBUSDT', 'SOLUSDT']","['GASUSDT', 'ARKUSDT', 'DYDXUSDT']"
2023-12-30,20,20,"['TRBUSDT', 'WLDUSDT', 'SOLUSDT']","['GASUSDT', 'ARKUSDT', 'DOGEUSDT']"
2024-01-06,20,20,"['ARBUSDT', 'BAKEUSDT', 'OPUSDT']","['1000BONKUSDT', 'BIGTIMEUSDT', '1000LUNCUSDT']"
2024-01-13,20,20,"['ARBUSDT', 'TIAUSDT', 'ORDIUSDT']","['TRBUSDT', 'BIGTIMEUSDT', 'AVAXUSDT']"
2024-01-20,20,20,"['TIAUSDT', 'ARBUSDT', 'ETHUSDT']","['TRBUSDT', 'BAKEUSDT', 'BIGTIMEUSDT']"
2024-01-27,20,20,"['TIAUSDT', '1000BONKUSDT', 'BIGTIMEUSDT']","['1000LUNCUSDT', 'ORDIUSDT', 'INJUSDT']"
2024-02-03,20,20,"['UMAUSDT', 'LINKUSDT', 'SUIUSDT']","['PEOPLEUSDT', 'ORDIUSDT', 'OPUSDT']"
2024-02-10,20,20,"['SUIUSDT', 'AVAXUSDT', 'LINKUSDT']","['PEOPLEUSDT', 'UMAUSDT', 'ORDIUSDT']"
2024-02-17,20,20,"['SEIUSDT', 'LINKUSDT', 'SUIUSDT']",['UMAUSDT']
2024-02-24,20,20,"['FILUSDT', 'SEIUSDT', 'ETHUSDT']","['UMAUSDT', 'TIAUSDT', 'TRBUSDT']"
2024-03-02,20,20,"['1000PEPEUSDT', 'CKBUSDT', 'WLDUSDT']",['SUIUSDT']
2024-03-09,20,20,"['1000PEPEUSDT', 'WLDUSDT', 'DOGEUSDT']","['SUIUSDT', 'SEIUSDT', 'LINKUSDT']"
2024-03-16,20,20,"['1000PEPEUSDT', 'SOLUSDT', 'DOGEUSDT']","['ARBUSDT', 'OPUSDT', 'LINKUSDT']"
2024-03-23,20,20,"['1000PEPEUSDT', 'BNBUSDT', 'SOLUSDT']","['ORDIUSDT', 'ARBUSDT', 'ADAUSDT']"
2024-03-30,20,20,"['SOLUSDT', 'AVAXUSDT', 'BNBUSDT']","['WLDUSDT', 'OPUSDT', 'ARBUSDT']"
2024-04-06,20,20,"['BCHUSDT', 'WIFUSDT', 'DOGEUSDT']","['WLDUSDT', 'ARBUSDT', 'ADAUSDT']"
2024-04-13,20,20,"['BCHUSDT', 'WIFUSDT', 'BNBUSDT']","['WLDUSDT', '1000FLOKIUSDT', 'AVAXUSDT']"
2024-04-20,20,20,[],"['1000FLOKIUSDT', 'WLDUSDT', 'FILUSDT']"
2024-04-27,20,20,"['1000PEPEUSDT', 'BNBUSDT', 'NEARUSDT']","['ORDIUSDT', 'BCHUSDT', 'FILUSDT']"
2024-05-04,20,20,"['1000PEPEUSDT', 'ONGUSDT', 'WIFUSDT']","['ORDIUSDT', 'BCHUSDT', 'ETHFIUSDT']"
2024-05-11,20,20,"['1000PEPEUSDT', 'NEARUSDT', 'BNBUSDT']","['ORDIUSDT', 'NEOUSDT', 'ONGUSDT']"
2024-05-18,20,20,"['1000PEPEUSDT', 'SOLUSDT', 'BOMEUSDT']","['ONGUSDT', 'NEOUSDT', 'ETHFIUSDT']"
2024-05-25,20,20,"['1000PEPEUSDT', 'ETHFIUSDT', 'ETHUSDT']","['ONGUSDT', 'WIFUSDT', 'WLDUSDT']"
2024-06-01,20,20,"['PEOPLEUSDT', '1000PEPEUSDT', '1000FLOKIUSDT']","['WLDUSDT', 'TRBUSDT']"
2024-06-08,20,20,"['PEOPLEUSDT', 'ORDIUSDT', '1000FLOKIUSDT']","['TRBUSDT', 'NEARUSDT', 'WLDUSDT']"
2024-06-15,20,20,"['PEOPLEUSDT', 'ORDIUSDT', 'BNBUSDT']","['NEARUSDT', '1000BONKUSDT', 'WLDUSDT']"
2024-06-22,20,20,[],"['WIFUSDT', 'WLDUSDT', '1000BONKUSDT']"
2024-06-29,20,20,['TRBUSDT'],"['1000FLOKIUSDT', 'ENAUSDT', 'WLDUSDT']"
2024-07-06,20,20,[],"['PEOPLEUSDT', 'HIGHUSDT', 'WLDUSDT']"
2024-07-13,20,20,"['BBUSDT', 'XRPUSDT', 'SOLUSDT']","['WLDUSDT', 'PEOPLEUSDT', 'HIGHUSDT']"
2024-07-20,20,20,"['WIFUSDT', 'XRPUSDT', 'SOLUSDT']","['1000RATSUSDT', 'PEOPLEUSDT']"
2024-07-27,20,20,"['1000RATSUSDT', 'PEOPLEUSDT', 'XRPUSDT']",['1000SHIBUSDT']
2024-08-03,20,20,"['MEWUSDT', '1000SATSUSDT', 'XRPUSDT']","['NOTUSDT', 'ENSUSDT', '1000SHIBUSDT']"
2024-08-10,20,20,[],"['1000BONKUSDT', 'ZROUSDT', 'WLDUSDT']"
2024-08-17,20,20,[],"['WIFUSDT', '1000PEPEUSDT', 'PEOPLEUSDT']"
2024-08-24,20,20,"['1000SATSUSDT', 'PEOPLEUSDT', 'ORDIUSDT']","['ETHUSDT', 'NOTUSDT']"
2024-08-31,20,20,"['PEOPLEUSDT', 'ZROUSDT', '1000SATSUSDT']","['NOTUSDT', 'MEWUSDT', 'BOMEUSDT']"
2024-09-07,20,20,"['1000SATSUSDT', 'AAVEUSDT', 'SUIUSDT']","['NOTUSDT', 'TONUSDT', 'TIAUSDT']"
2024-09-14,20,20,"['SUIUSDT', 'AAVEUSDT']","['NOTUSDT', '1000SATSUSDT', 'TIAUSDT']"
2024-09-21,20,20,"['SUIUSDT', 'TIAUSDT', 'ORDIUSDT']",['NOTUSDT']
2024-09-28,20,20,"['SUIUSDT', '1000PEPEUSDT', 'WIFUSDT']",[]
2024-10-05,20,20,"['REEFUSDT', 'SUIUSDT', 'WIFUSDT']","['DOGSUSDT', '1000SATSUSDT', 'XRPUSDT']"
2024-10-12,20,20,"['REEFUSDT', 'SUIUSDT', 'WIFUSDT']","['DOGSUSDT', 'XRPUSDT', '1000SATSUSDT']"
2024-10-19,20,20,"['SUIUSDT', 'WLDUSDT', 'DOGEUSDT']","['REEFUSDT', '1000SATSUSDT', 'DOGSUSDT']"
2024-10-26,20,20,"['DOGEUSDT', 'SOLUSDT', 'WLDUSDT']","['REEFUSDT', 'DOGSUSDT', '1000SATSUSDT']"
2024-11-02,20,20,"['DOGEUSDT', 'APEUSDT', 'SOLUSDT']","['REEFUSDT', '1MBABYDOGEUSDT', 'NEIROUSDT']"
2024-11-09,20,20,"['DOGEUSDT', 'NEIROUSDT', 'SUIUSDT']","['REEFUSDT', '1MBABYDOGEUSDT', 'WLDUSDT']"
2024-11-16,20,20,"['DOGEUSDT', '1000PEPEUSDT', 'XRPUSDT']","['REEFUSDT', 'TIAUSDT', '1MBABYDOGEUSDT']"
2024-11-23,20,20,"['XRPUSDT', 'DOGEUSDT', '1000PEPEUSDT']","['NEIROETHUSDT', 'TURBOUSDT']"
2024-11-30,20,20,"['XRPUSDT', 'DOGEUSDT', '1000PEPEUSDT']","['NEIROUSDT', 'NEIROETHUSDT', 'TURBOUSDT']"
2024-12-07,20,20,"['SANDUSDT', 'XRPUSDT', 'XLMUSDT']","['GOATUSDT', 'MOODENGUSDT', 'NEIROUSDT']"
2024-12-14,20,20,"['SANDUSDT', 'XRPUSDT', 'SUIUSDT']","['1000BONKUSDT', 'XLMUSDT', 'SOLUSDT']"
2024-12-21,20,20,"['SUIUSDT', 'XRPUSDT', 'BNBUSDT']","['NEIROUSDT', 'GOATUSDT', 'TIAUSDT']"
2024-12-28,20,20,[],"['WIFUSDT', 'NEIROUSDT', 'MOODENGUSDT']"
2025-01-04,20,20,"['UXLINKUSDT', 'SUIUSDT', 'ENAUSDT']","['PNUTUSDT', 'NEIROUSDT', 'WIFUSDT']"
2025-01-11,20,20,"['XRPUSDT', 'HBARUSDT', 'SUIUSDT']","['WIFUSDT', 'UXLINKUSDT', 'NEIROUSDT']"
2025-01-18,20,20,"['XRPUSDT', 'SOLUSDT', 'LTCUSDT']","['UXLINKUSDT', 'NEIROUSDT', 'PNUTUSDT']"
2025-01-25,20,20,"['XRPUSDT', 'SOLUSDT', 'LTCUSDT']","['PNUTUSDT', 'NEIROUSDT', 'UXLINKUSDT']"
2025-02-01,20,20,"['LINKUSDT', 'JUPUSDT', 'SOLUSDT']","['PNUTUSDT', 'WIFUSDT', '1000PEPEUSDT']"
2025-02-08,20,20,[],"['FARTCOINUSDT', 'PNUTUSDT', 'AIXBTUSDT']"
2025-02-15,20,20,['LTCUSDT'],"['FARTCOINUSDT', 'AIXBTUSDT', 'PNUTUSDT']"
2025-02-22,20,20,"['PNUTUSDT', 'LTCUSDT', 'BNBUSDT']","['FARTCOINUSDT', 'AIXBTUSDT', 'ENAUSDT']"
2025-03-01,20,20,"['BNXUSDT', 'PNUTUSDT', 'LTCUSDT']","['FARTCOINUSDT', 'SOLUSDT', 'ONDOUSDT']"
2025-03-08,20,20,"['PNUTUSDT', 'ADAUSDT']","['ARCUSDT', 'FARTCOINUSDT', 'TRUMPUSDT']"
2025-03-15,20,20,[],"['ARCUSDT', 'NEIROUSDT', 'SUIUSDT']"
2025-03-22,20,19,"['FARTCOINUSDT', 'XRPUSDT', 'ADAUSDT']","['ARCUSDT', 'LTCUSDT', 'NEIROUSDT']"
2025-03-29,20,19,"['FARTCOINUSDT', '1000PEPEUSDT', 'BNBUSDT']","['ARCUSDT', 'NEIROUSDT', 'WIFUSDT']"
2025-04-05,20,20,['FARTCOINUSDT'],"['AUCTIONUSDT', 'RAREUSDT', 'KAITOUSDT']"
2025-04-12,20,20,"['FARTCOINUSDT', 'AVAXUSDT', '1000PEPEUSDT']","['AUCTIONUSDT', 'KAITOUSDT', 'PNUTUSDT']"
2025-04-19,20,20,"['FARTCOINUSDT', 'SOLUSDT', '1000PEPEUSDT']","['AUCTIONUSDT', 'KAITOUSDT', 'ENAUSDT']"
2025-04-26,20,20,"['FARTCOINUSDT', 'TRUMPUSDT', 'WIFUSDT']",['AUCTIONUSDT']
2025-05-03,20,19,"['VOXELUSDT', 'LAYERUSDT', 'SUIUSDT']","['OMUSDT', 'ENAUSDT', 'GUNUSDT']"
2025-05-10,20,19,"['SUIUSDT', '1000PEPEUSDT', 'TRUMPUSDT']","['LAYERUSDT', 'OMUSDT']"
2025-05-17,20,19,"['ETHUSDT', '1000PEPEUSDT', 'EOSUSDT']","['LAYERUSDT', 'OMUSDT', 'TRUMPUSDT']"
2025-05-24,20,18,"['1000PEPEUSDT', 'ETHUSDT', 'FARTCOINUSDT']","['LAYERUSDT', 'VOXELUSDT', 'OMUSDT']"
2025-05-31,20,18,[],"['LAYERUSDT', 'VOXELUSDT', 'OMUSDT']"
2025-06-07,20,20,"['VIRTUALUSDT', 'MOODENGUSDT', 'BTCUSDT']","['TRUMPUSDT', 'FARTCOINUSDT', 'SUIUSDT']"
2025-06-14,20,20,['ETHUSDT'],"['WCTUSDT', 'MOODENGUSDT', 'PNUTUSDT']"
2025-06-21,20,20,[],"['WCTUSDT', 'MOODENGUSDT', 'KAITOUSDT']"
2025-06-28,20,20,"['FARTCOINUSDT', 'BTCUSDT', 'SOLUSDT']","['WCTUSDT', 'MOODENGUSDT', 'ENAUSDT']"
2025-07-05,20,20,"['FUNUSDT', 'BCHUSDT', 'XRPUSDT']","['TRUMPUSDT', 'MASKUSDT', 'ENAUSDT']"
2025-07-12,20,20,"['FUNUSDT', 'FARTCOINUSDT', 'HYPEUSDT']",[]
2025-07-19,20,20,"['FUNUSDT', 'ENAUSDT', 'XRPUSDT']",[]
2025-07-26,20,20,"['ENAUSDT', 'ETHUSDT', 'UNIUSDT']",[]
2025-08-02,20,20,"['SPKUSDT', 'ENAUSDT', 'PENGUUSDT']","['FARTCOINUSDT', '1000PEPEUSDT', 'HYPERUSDT']"
2025-08-09,20,20,"['SPKUSDT', 'ENAUSDT', 'PENGUUSDT']","['FARTCOINUSDT', '1000BONKUSDT', '1000PEPEUSDT']"
2025-08-16,20,20,"['LINKUSDT', 'ENAUSDT', 'ETHUSDT']","['1000BONKUSDT', 'FARTCOINUSDT', 'HYPERUSDT']"
2025-08-23,20,20,"['LINKUSDT', 'ENAUSDT', 'ETHUSDT']","['SPKUSDT', 'HYPERUSDT', '1000BONKUSDT']"
2025-08-30,20,20,"['SOLUSDT', 'BNBUSDT', 'LINKUSDT']","['SPKUSDT', 'FARTCOINUSDT', 'HYPERUSDT']"
2025-09-06,20,20,"['BIOUSDT', 'PUMPUSDT', 'SOLUSDT']","['MYXUSDT', 'FARTCOINUSDT', 'PENGUUSDT']"
2025-09-13,20,20,"['MYXUSDT', 'PUMPUSDT', 'DOGEUSDT']","['BIOUSDT', 'ARBUSDT', 'LINKUSDT']"
2025-09-20,20,20,"['MYXUSDT', 'PUMPUSDT', 'AVAXUSDT']","['FARTCOINUSDT', 'ARBUSDT', 'LINKUSDT']"
2025-09-27,20,20,"['MYXUSDT', 'AVAXUSDT', 'PUMPUSDT']","['ENAUSDT', 'BIOUSDT', 'FARTCOINUSDT']"
2025-10-04,20,20,"['XPLUSDT', 'BNBUSDT', 'BTCUSDT']","['MYXUSDT', 'SOMIUSDT', 'WLDUSDT']"
2025-10-11,20,20,['BNBUSDT'],"['MYXUSDT', 'SOMIUSDT', 'XPLUSDT']"
2025-10-18,20,20,['BNBUSDT'],"['MYXUSDT', 'XPLUSDT', 'SOMIUSDT']"
2025-10-25,20,20,[],"['XPLUSDT', 'MYXUSDT', 'LINEAUSDT']"
2025-11-01,20,20,"['ZECUSDT', 'AIAUSDT', 'PUMPUSDT']","['COAIUSDT', 'XPLUSDT', 'ASTERUSDT']"
2025-11-08,20,20,"['AIAUSDT', 'ZECUSDT', 'LTCUSDT']","['COAIUSDT', 'ENAUSDT', 'XPLUSDT']"
2025-11-15,20,20,"['ZECUSDT', 'LTCUSDT']","['COAIUSDT', 'ENAUSDT', 'XPLUSDT']"
2025-11-22,20,20,"['ZECUSDT', 'ASTERUSDT']","['COAIUSDT', 'AIAUSDT', 'SUIUSDT']"
2025-11-29,20,20,['ASTERUSDT'],"['AIAUSDT', 'COAIUSDT', 'XPLUSDT']"
2025-12-06,20,20,['TNSRUSDT'],"['AIAUSDT', 'ZECUSDT', 'DASHUSDT']"
2025-12-13,20,19,"['SUIUSDT', 'TNSRUSDT', 'LINKUSDT']","['GIGGLEUSDT', 'DASHUSDT', 'ASTERUSDT']"
2025-12-20,20,19,[],"['GIGGLEUSDT', 'ASTERUSDT', 'HYPEUSDT']"
2025-12-27,20,19,['ZECUSDT'],"['TNSRUSDT', 'ASTERUSDT', 'GIGGLEUSDT']"
2026-01-03,20,20,"['1000PEPEUSDT', 'PIPPINUSDT', 'ZECUSDT']","['FOLKSUSDT', 'BEATUSDT', 'LUNA2USDT']"
2026-01-10,20,20,"['1000PEPEUSDT', 'SUIUSDT', '1000LUNCUSDT']","['LIGHTUSDT', 'BEATUSDT', 'FOLKSUSDT']"
2026-01-17,20,20,"['1000PEPEUSDT', 'SUIUSDT', 'SOLUSDT']","['BEATUSDT', 'PIPPINUSDT', 'ZECUSDT']"
2026-01-24,20,20,['BNBUSDT'],"['BEATUSDT', 'FOLKSUSDT', 'ZECUSDT']"
2026-01-31,20,20,['HYPEUSDT'],"['BEATUSDT', 'FOLKSUSDT', 'PIPPINUSDT']"
2026-02-07,20,20,['HYPEUSDT'],"['DASHUSDT', 'IPUSDT', 'XMRUSDT']"
2026-02-14,20,20,"['PIPPINUSDT', 'HYPEUSDT']","['RIVERUSDT', 'IPUSDT', 'AXSUSDT']"
2026-02-21,20,20,"['PIPPINUSDT', 'BCHUSDT', '1000PEPEUSDT']","['RIVERUSDT', 'XMRUSDT', 'IPUSDT']"
2026-02-28,20,20,"['PIPPINUSDT', 'ADAUSDT', 'XMRUSDT']","['IPUSDT', 'BCHUSDT', 'DASHUSDT']"
2026-03-07,20,20,"['SIRENUSDT', 'RIVERUSDT']","['POWERUSDT', 'PIPPINUSDT', 'ZECUSDT']"
2026-03-14,20,20,"['RIVERUSDT', 'SIRENUSDT', 'HYPEUSDT']","['POWERUSDT', 'PIPPINUSDT', '1000PEPEUSDT']"
2026-03-21,20,20,"['SIRENUSDT', 'RIVERUSDT', 'HYPEUSDT']","['POWERUSDT', 'PIPPINUSDT', 'BERAUSDT']"
2026-03-28,20,20,"['SIRENUSDT', 'HYPEUSDT', 'ZECUSDT']","['PIPPINUSDT', 'POWERUSDT', 'BERAUSDT']"
2026-04-04,20,20,"['TAOUSDT', 'ZECUSDT', '1000PEPEUSDT']","['PIPPINUSDT', 'PIXELUSDT', 'RIVERUSDT']"
2026-04-11,20,20,"['ZECUSDT', '1000PEPEUSDT', 'ETHUSDT']","['PIPPINUSDT', 'RIVERUSDT', 'SIRENUSDT']"
2026-04-18,20,20,"['ZECUSDT', 'ETHUSDT', '1000PEPEUSDT']","['SIRENUSDT', 'RIVERUSDT', 'PIPPINUSDT']"
2026-04-25,20,20,"['ZECUSDT', 'SIRENUSDT', 'PIXELUSDT']","['RIVERUSDT', 'PIPPINUSDT', 'TAOUSDT']"
2026-05-02,20,20,"['ORDIUSDT', 'ENJUSDT', 'DOGEUSDT']","['ARIAUSDT', 'RAVEUSDT', 'STOUSDT']"
2026-05-09,20,20,"['ZECUSDT', 'SIRENUSDT', 'TAOUSDT']","['RAVEUSDT', 'ARIAUSDT', 'ENJUSDT']"
2026-05-16,20,20,"['ZECUSDT', 'RIVERUSDT', 'SUIUSDT']","['RAVEUSDT', 'ENJUSDT', 'SIRENUSDT']"
2026-05-23,20,20,"['ZECUSDT', 'HYPEUSDT', 'SUIUSDT']","['ORDIUSDT', 'STOUSDT', 'SIRENUSDT']"
2026-05-30,20,20,"['HYPEUSDT', 'BNBUSDT', 'RIVERUSDT']","['SIRENUSDT', 'RAVEUSDT', 'ORDIUSDT']"
2026-06-06,20,20,"['LABUSDT', 'WLDUSDT', 'XLMUSDT']","['BSBUSDT', 'ADAUSDT', 'SUIUSDT']"
2026-06-13,20,20,"['LABUSDT', 'WLDUSDT', 'XLMUSDT']","['BSBUSDT', 'ZECUSDT', 'ADAUSDT']"
2026-06-20,20,20,"['SKYAIUSDT', 'WLDUSDT', 'LABUSDT']","['ADAUSDT', 'SUIUSDT', 'BNBUSDT']"
2026-06-27,20,19,"['LABUSDT', 'SOLUSDT', 'ZECUSDT']","['SKYAIUSDT', 'XLMUSDT', '1000PEPEUSDT']"
2026-07-04,20,20,"['SYNUSDT', 'LABUSDT', 'VELVETUSDT']","['HUSDT', 'BEATUSDT', 'WLDUSDT']"
2026-07-11,20,20,"['SYNUSDT', 'BEATUSDT', 'ZECUSDT']","['LABUSDT', 'HUSDT', 'WLDUSDT']"
2026-07-18,20,20,"['ZECUSDT', 'ETHUSDT', '1000PEPEUSDT']","['LABUSDT', 'VELVETUSDT', 'SYNUSDT']"
2026-07-25,20,20,"['BEATUSDT', 'ENAUSDT', 'ETHUSDT']","['LABUSDT', 'SYNUSDT', 'HUSDT']"
2026-08-01,20,20,"['AKEUSDT', 'ESPORTSUSDT', 'BANKUSDT']","['DEXEUSDT', 'LABUSDT', 'EVAAUSDT']"
2026-08-08,20,20,"['AKEUSDT', 'ADAUSDT', 'EVAAUSDT']","['DEXEUSDT', 'BANKUSDT', 'ESPORTSUSDT']"
2026-08-15,20,20,"['AKEUSDT', 'ADAUSDT', 'BNBUSDT']","['BANKUSDT', 'ESPORTSUSDT', 'DEXEUSDT']"
2026-08-22,20,20,"['ZECUSDT', 'HYPEUSDT', '1000PEPEUSDT']","['LABUSDT', 'BANKUSDT', 'ESPORTSUSDT']"
2026-08-29,20,20,"['AKEUSDT', 'ZECUSDT', 'HYPEUSDT']","['LABUSDT', 'ESPORTSUSDT', 'EVAAUSDT']"
2026-09-05,20,20,"['ZECUSDT', 'ENAUSDT', 'AKEUSDT']","['CYSUSDT', 'TUTUSDT']"
2026-09-12,20,20,"['AKEUSDT', 'ZECUSDT', 'BTWUSDT']","['CYSUSDT', 'TUTUSDT', 'ACEUSDT']"
