sym,entry_date,exit_date,w,side,hold,pnl_gross,funding,cost,pnl_net,delist_exit
1000BONKUSDT,2024-01-28 00:00:00+00:00,2024-02-04 00:00:00+00:00,0.3333333333333333,1,7,-0.03697974850333707,-0.0007000000000000001,0.00046666666666666666,-0.038146415170003736,False
1000FLOKIUSDT,2024-06-02 00:00:00+00:00,2024-06-16 00:00:00+00:00,0.3333333333333333,1,14,-0.066268318098479,-0.0018928433333333335,0.00046666666666666666,-0.068627828098479,False
1000LUNCUSDT,2026-01-11 00:00:00+00:00,2026-01-18 00:00:00+00:00,0.3333333333333333,1,7,-0.016741405082212224,0.0011775399999999997,0.00046666666666666666,-0.01603053174887889,False
1000PEPEUSDT,2023-07-02 00:00:00+00:00,2023-07-16 00:00:00+00:00,0.3333333333333333,1,14,0.01901271086532478,-0.0010258700000000001,0.00046666666666666666,0.01752017419865811,False
1000PEPEUSDT,2023-10-29 00:00:00+00:00,2023-11-05 00:00:00+00:00,0.3333333333333333,1,7,-0.007382119514472429,-0.0015158666666666668,0.00046666666666666666,-0.009364652847805764,False
1000PEPEUSDT,2024-03-03 00:00:00+00:00,2024-03-31 00:00:00+00:00,0.3333333333333333,1,28,0.285800213187148,-0.019563656666666665,0.00046666666666666666,0.26576988985381467,False
1000PEPEUSDT,2024-04-28 00:00:00+00:00,2024-06-09 00:00:00+00:00,0.3333333333333333,1,42,0.22732384588684487,-0.005000523333333333,0.00046666666666666666,0.22185665588684486,False
1000PEPEUSDT,2024-09-29 00:00:00+00:00,2024-10-06 00:00:00+00:00,0.3333333333333333,1,7,-0.059505294143491,-0.00035389666666666667,0.00046666666666666666,-0.06032585747682433,False
1000PEPEUSDT,2024-11-17 00:00:00+00:00,2024-12-08 00:00:00+00:00,0.3333333333333333,1,21,0.056714321027056126,-0.0056151099999999995,0.00046666666666666666,0.05063254436038946,False
1000PEPEUSDT,2025-03-30 00:00:00+00:00,2025-04-06 00:00:00+00:00,0.3333333333333333,1,7,-0.007405456846929244,9.931333333333332e-05,0.00046666666666666666,-0.007772810180262577,False
1000PEPEUSDT,2025-04-13 00:00:00+00:00,2025-04-27 00:00:00+00:00,0.3333333333333333,1,14,0.0775243832472748,-0.0008316166666666666,0.00046666666666666666,0.07622609991394147,False
1000PEPEUSDT,2025-05-11 00:00:00+00:00,2025-06-01 00:00:00+00:00,0.3333333333333333,1,21,-0.04997759725712506,-0.00118647,0.00046666666666666666,-0.05163073392379173,False
1000PEPEUSDT,2026-01-04 00:00:00+00:00,2026-01-25 00:00:00+00:00,0.3333333333333333,1,21,-0.060413050834506765,-0.0008796233333333333,0.00046666666666666666,-0.061759340834506765,False
1000PEPEUSDT,2026-02-22 00:00:00+00:00,2026-03-01 00:00:00+00:00,0.3333333333333333,1,7,-0.039931894114623535,0.00052969,0.00046666666666666666,-0.0398688707812902,False
1000PEPEUSDT,2026-04-05 00:00:00+00:00,2026-04-26 00:00:00+00:00,0.3333333333333333,1,21,0.04345570239843373,0.0003291866666666667,0.00046666666666666666,0.043318222398433734,False
1000PEPEUSDT,2026-07-19 00:00:00+00:00,2026-07-26 00:00:00+00:00,0.3333333333333333,1,7,-0.0019465602708257368,-0.00055358,0.00046666666666666666,-0.0029668069374924034,False
1000PEPEUSDT,2026-08-23 00:00:00+00:00,2026-08-30 00:00:00+00:00,0.3333333333333333,1,7,-0.03390468706514086,-0.0008348166666666667,0.00046666666666666666,-0.03520617039847419,False
1000RATSUSDT,2024-07-28 00:00:00+00:00,2024-08-04 00:00:00+00:00,0.3333333333333333,1,7,-0.1183457985041795,-0.0004773833333333333,0.00046666666666666666,-0.11928984850417951,False
1000SATSUSDT,2024-08-04 00:00:00+00:00,2024-08-11 00:00:00+00:00,0.3333333333333333,1,7,0.06829268292682925,-0.00017688666666666665,0.00046666666666666666,0.06764912959349591,False
1000SATSUSDT,2024-08-25 00:00:00+00:00,2024-09-15 00:00:00+00:00,0.3333333333333333,1,21,-0.07886098801903829,-0.0009209800000000002,0.00046666666666666666,-0.08024863468570496,False
1000SHIBUSDT,2021-07-04 00:00:00+00:00,2021-07-18 00:00:00+00:00,0.3333333333333333,1,14,-0.07119479419352348,0.0024254033333333327,0.00046666666666666666,-0.06923605752685683,False
1000SHIBUSDT,2021-11-07 00:00:00+00:00,2021-11-21 00:00:00+00:00,0.3333333333333333,1,14,-0.06253726512325164,-0.006544976666666667,0.00046666666666666666,-0.06954890845658498,False
1000SHIBUSDT,2022-02-13 00:00:00+00:00,2022-03-06 00:00:00+00:00,0.3333333333333333,1,21,-0.051726505114299395,0.00036386333333333334,0.00046666666666666666,-0.05182930844763273,False
1000SHIBUSDT,2022-04-17 00:00:00+00:00,2022-04-24 00:00:00+00:00,0.3333333333333333,1,7,-0.019370302343454937,-0.0006226033333333334,0.00046666666666666666,-0.020459572343454937,False
1000SHIBUSDT,2022-07-03 00:00:00+00:00,2022-07-17 00:00:00+00:00,0.3333333333333333,1,14,0.031880027808124003,0.0009528166666666666,0.00046666666666666666,0.03236617780812401,False
1000SHIBUSDT,2022-08-21 00:00:00+00:00,2022-09-04 00:00:00+00:00,0.3333333333333333,1,14,-0.014294592914853872,0.0007825566666666665,0.00046666666666666666,-0.013978702914853872,False
1000SHIBUSDT,2022-10-30 00:00:00+00:00,2022-11-06 00:00:00+00:00,0.3333333333333333,1,7,-0.01180146679062081,-0.0004989566666666667,0.00046666666666666666,-0.012767090123954144,False
AAVEUSDT,2020-12-13 00:00:00+00:00,2020-12-27 00:00:00+00:00,0.3333333333333333,1,14,-0.0114570489108096,-0.004741810000000001,0.00046666666666666666,-0.01666552557747627,False
AAVEUSDT,2021-01-24 00:00:00+00:00,2021-02-14 00:00:00+00:00,0.3333333333333333,1,21,0.4416923650464596,-0.03295338666666666,0.00046666666666666666,0.4082723117131263,False
AAVEUSDT,2024-09-08 00:00:00+00:00,2024-09-22 00:00:00+00:00,0.3333333333333333,1,14,0.07852858856457426,0.0005077699999999998,0.00046666666666666666,0.07856969189790759,False
ADAUSDT,2020-05-03 00:00:00+00:00,2020-06-28 00:00:00+00:00,0.3333333333333333,1,56,0.1713688610240335,-0.007328846666666666,0.00046666666666666666,0.16357334769070017,False
ADAUSDT,2020-07-05 00:00:00+00:00,2020-07-19 00:00:00+00:00,0.3333333333333333,1,14,0.07502915209062136,-0.0017204866666666668,0.00046666666666666666,0.07284199875728802,False
ADAUSDT,2020-09-27 00:00:00+00:00,2020-10-04 00:00:00+00:00,0.3333333333333333,1,7,-0.0075432163436353426,-0.0007000000000000001,0.00046666666666666666,-0.00870988301030201,False
ADAUSDT,2020-10-11 00:00:00+00:00,2020-10-25 00:00:00+00:00,0.3333333333333333,1,14,0.01016647604524068,-0.0025399800000000003,0.00046666666666666666,0.007159829378574012,False
ADAUSDT,2021-01-10 00:00:00+00:00,2021-01-17 00:00:00+00:00,0.3333333333333333,1,7,0.02020933977455715,-0.0036889699999999997,0.00046666666666666666,0.016053703107890484,False
ADAUSDT,2021-02-21 00:00:00+00:00,2021-03-14 00:00:00+00:00,0.3333333333333333,1,21,-0.00422565095644937,-0.007675726666666666,0.00046666666666666666,-0.012368044289782703,False
ADAUSDT,2021-05-16 00:00:00+00:00,2021-05-30 00:00:00+00:00,0.3333333333333333,1,14,-0.11866016977720562,0.00114176,0.00046666666666666666,-0.11798507644387228,False
ADAUSDT,2021-08-15 00:00:00+00:00,2021-09-05 00:00:00+00:00,0.3333333333333333,1,21,0.09821020911332323,-0.007750336666666666,0.00046666666666666666,0.0899932057799899,False
ADAUSDT,2022-03-27 00:00:00+00:00,2022-04-10 00:00:00+00:00,0.3333333333333333,1,14,-0.031066330814441656,-0.001173496666666667,0.00046666666666666666,-0.03270649414777499,False
ADAUSDT,2022-06-12 00:00:00+00:00,2022-06-19 00:00:00+00:00,0.3333333333333333,1,7,-0.05977966407802056,0.0008837866666666665,0.00046666666666666666,-0.05936254407802056,False
ADAUSDT,2023-04-09 00:00:00+00:00,2023-04-23 00:00:00+00:00,0.3333333333333333,1,14,0.009004329004328904,-0.001244956666666667,0.00046666666666666666,0.00729270567099557,False
ADAUSDT,2023-12-10 00:00:00+00:00,2023-12-24 00:00:00+00:00,0.3333333333333333,1,14,0.01949620427881308,-0.00198873,0.00046666666666666666,0.01704080761214641,False
ADAUSDT,2025-03-09 00:00:00+00:00,2025-03-16 00:00:00+00:00,0.3333333333333333,1,7,-0.0242356450410142,0.00036169666666666664,0.00046666666666666666,-0.0243406150410142,False
ADAUSDT,2025-03-23 00:00:00+00:00,2025-03-30 00:00:00+00:00,0.3333333333333333,1,7,-0.013411328292195601,-7.171333333333332e-05,0.00046666666666666666,-0.013949708292195603,False
ADAUSDT,2026-03-01 00:00:00+00:00,2026-03-08 00:00:00+00:00,0.3333333333333333,1,7,-0.03145773979107306,0.00020489666666666665,0.00046666666666666666,-0.031719509791073054,False
ADAUSDT,2026-08-09 00:00:00+00:00,2026-08-23 00:00:00+00:00,0.3333333333333333,1,14,0.04482354908847652,-0.0006572199999999999,0.00046666666666666666,0.04369966242180986,False
AIAUSDT,2025-11-02 00:00:00+00:00,2025-11-16 00:00:00+00:00,0.3333333333333333,1,14,-0.12674943041800335,0.09986867333333331,0.00046666666666666666,-0.02734742375133671,False
AKEUSDT,2026-08-02 00:00:00+00:00,2026-08-23 00:00:00+00:00,0.3333333333333333,1,21,0.15253461111018024,-0.0060697999999999985,0.00046666666666666666,0.14599814444351358,False
AKEUSDT,2026-08-30 00:00:00+00:00,2026-09-15 00:00:00+00:00,0.3333333333333333,1,16,0.31909816506212463,0.013136363333333333,0.00046666666666666666,0.3317678617287913,False
ALGOUSDT,2020-08-16 00:00:00+00:00,2020-08-30 00:00:00+00:00,0.3333333333333333,1,14,-0.0536386449184442,-0.008599869999999997,0.00046666666666666666,-0.06270518158511086,False
ALICEUSDT,2021-08-08 00:00:00+00:00,2021-08-15 00:00:00+00:00,0.3333333333333333,1,7,0.018426820358795316,-0.0027456166666666665,0.00046666666666666666,0.015214537025461983,False
APEUSDT,2022-05-08 00:00:00+00:00,2022-05-15 00:00:00+00:00,0.3333333333333333,1,7,-0.09968418495424736,0.0013725033333333331,0.00046666666666666666,-0.0987783482875807,False
APEUSDT,2022-07-24 00:00:00+00:00,2022-08-14 00:00:00+00:00,0.3333333333333333,1,21,0.0006529054291597447,-0.0007504499999999999,0.00046666666666666666,-0.0005642112375069219,False
APEUSDT,2022-09-18 00:00:00+00:00,2022-10-09 00:00:00+00:00,0.3333333333333333,1,21,-0.027535974418191556,-0.00036374333333333324,0.00046666666666666666,-0.028366384418191556,False
APEUSDT,2022-12-04 00:00:00+00:00,2022-12-18 00:00:00+00:00,0.3333333333333333,1,14,-0.02749762951469688,0.011599416666666666,0.00046666666666666666,-0.01636487951469688,False
APEUSDT,2024-11-03 00:00:00+00:00,2024-11-10 00:00:00+00:00,0.3333333333333333,1,7,0.03565737051792831,-0.0006947633333333333,0.00046666666666666666,0.034495940517928314,False
APTUSDT,2023-02-05 00:00:00+00:00,2023-02-12 00:00:00+00:00,0.3333333333333333,1,7,-0.0527943718349152,-0.00031840333333333346,0.00046666666666666666,-0.0535794418349152,False
ARBUSDT,2024-01-07 00:00:00+00:00,2024-01-28 00:00:00+00:00,0.3333333333333333,1,21,0.008487478115247008,-0.0021,0.00046666666666666666,0.005920811448580341,False
ARKUSDT,2023-11-05 00:00:00+00:00,2023-11-26 00:00:00+00:00,0.3333333333333333,1,21,-0.005917406342459297,-0.005521206666666667,0.00046666666666666666,-0.011905279675792631,False
ASTERUSDT,2025-11-23 00:00:00+00:00,2025-12-07 00:00:00+00:00,0.3333333333333333,1,14,-0.05313049240787171,-0.00088067,0.00046666666666666666,-0.054477829074538374,False
ATOMUSDT,2020-08-16 00:00:00+00:00,2020-09-06 00:00:00+00:00,0.3333333333333333,1,21,-0.06375047963602487,-0.006674976666666666,0.00046666666666666666,-0.0708921229693582,False
ATOMUSDT,2021-10-03 00:00:00+00:00,2021-10-10 00:00:00+00:00,0.3333333333333333,1,7,-0.029658751918334926,-0.0018363799999999999,0.00046666666666666666,-0.031961798585001595,False
ATOMUSDT,2022-01-09 00:00:00+00:00,2022-01-23 00:00:00+00:00,0.3333333333333333,1,14,-0.061262065502426924,-0.00073957,0.00046666666666666666,-0.06246830216909359,False
ATOMUSDT,2022-03-06 00:00:00+00:00,2022-03-20 00:00:00+00:00,0.3333333333333333,1,14,-0.023804890705065675,0.00024357666666666644,0.00046666666666666666,-0.024027980705065677,False
AVAXUSDT,2021-09-05 00:00:00+00:00,2021-10-10 00:00:00+00:00,0.3333333333333333,1,35,0.09498014487540299,-0.006241896666666667,0.00046666666666666666,0.08827158154206965,False
AVAXUSDT,2021-11-14 00:00:00+00:00,2021-12-05 00:00:00+00:00,0.3333333333333333,1,21,-0.015977831696987632,-0.002542016666666666,0.00046666666666666666,-0.018986515030320967,False
AVAXUSDT,2021-12-19 00:00:00+00:00,2022-01-02 00:00:00+00:00,0.3333333333333333,1,14,-0.005240104341924049,-0.0013643500000000003,0.00046666666666666666,-0.0070711210085907155,False
AVAXUSDT,2022-02-27 00:00:00+00:00,2022-03-06 00:00:00+00:00,0.3333333333333333,1,7,-0.020914872798434438,7.613333333333371e-06,0.00046666666666666666,-0.02137392613176777,False
AVAXUSDT,2022-03-20 00:00:00+00:00,2022-03-27 00:00:00+00:00,0.3333333333333333,1,7,-0.013628239499553163,-0.00024603000000000006,0.00046666666666666666,-0.01434093616621983,False
AVAXUSDT,2023-11-19 00:00:00+00:00,2023-12-31 00:00:00+00:00,0.3333333333333333,1,42,0.26334530357440544,-0.007917093333333333,0.00046666666666666666,0.2549615435744054,False
AVAXUSDT,2024-02-11 00:00:00+00:00,2024-02-18 00:00:00+00:00,0.3333333333333333,1,7,-0.003466089537882411,-0.0011312266666666667,0.00046666666666666666,-0.0050639828712157435,False
AVAXUSDT,2024-03-31 00:00:00+00:00,2024-04-07 00:00:00+00:00,0.3333333333333333,1,7,-0.030011325028312608,-0.0017600566666666664,0.00046666666666666666,-0.03223804836164594,False
AVAXUSDT,2025-04-13 00:00:00+00:00,2025-04-20 00:00:00+00:00,0.3333333333333333,1,7,-0.009731647382382153,0.0005138066666666666,0.00046666666666666666,-0.009684507382382154,False
AVAXUSDT,2025-09-21 00:00:00+00:00,2025-10-05 00:00:00+00:00,0.3333333333333333,1,14,-0.03077650086970507,-0.0006238299999999999,0.00046666666666666666,-0.03186699753637174,False
AXSUSDT,2021-08-08 00:00:00+00:00,2021-08-15 00:00:00+00:00,0.3333333333333333,1,7,0.2132204756146714,-0.0019115133333333335,0.00046666666666666666,0.21084229561467138,False
AXSUSDT,2021-08-22 00:00:00+00:00,2021-09-05 00:00:00+00:00,0.3333333333333333,1,14,0.024927385442406726,-0.0056651033333333335,0.00046666666666666666,0.018795615442406724,False
AXSUSDT,2021-10-03 00:00:00+00:00,2021-10-24 00:00:00+00:00,0.3333333333333333,1,21,0.05481316505815388,0.009770523333333333,0.00046666666666666666,0.06411702172482055,False
AXSUSDT,2022-03-27 00:00:00+00:00,2022-04-03 00:00:00+00:00,0.3333333333333333,1,7,-0.008173843700159462,0.004466956666666667,0.00046666666666666666,-0.004173553700159462,False
BAKEUSDT,2024-01-07 00:00:00+00:00,2024-01-14 00:00:00+00:00,0.3333333333333333,1,7,0.031067251461988223,-0.0007178700000000001,0.00046666666666666666,0.029882714795321556,False
BANKUSDT,2026-08-02 00:00:00+00:00,2026-08-09 00:00:00+00:00,0.3333333333333333,1,7,-0.0700406984377051,0.011178276666666667,0.00046666666666666666,-0.05932908843770511,False
BATUSDT,2020-06-21 00:00:00+00:00,2020-07-05 00:00:00+00:00,0.3333333333333333,1,14,0.0277657266811279,0.010075993333333333,0.00046666666666666666,0.03737505334779457,False
BBUSDT,2024-07-14 00:00:00+00:00,2024-07-21 00:00:00+00:00,0.3333333333333333,1,7,0.0006297229219143958,-0.0005386866666666667,0.00046666666666666666,-0.0003756304114189375,False
BCHUSDT,2020-04-05 00:00:00+00:00,2020-04-12 00:00:00+00:00,0.3333333333333333,1,7,-0.007681007345225735,-0.00072338,0.00046666666666666666,-0.008871054011892403,False
BCHUSDT,2020-10-18 00:00:00+00:00,2020-11-08 00:00:00+00:00,0.3333333333333333,1,21,0.011978656212566403,-0.003187316666666667,0.00046666666666666666,0.008324672879233068,False
BCHUSDT,2021-04-18 00:00:00+00:00,2021-05-02 00:00:00+00:00,0.3333333333333333,1,14,0.003943919147979239,-0.0023369033333333336,0.00046666666666666666,0.0011403491479792388,False
BCHUSDT,2023-07-02 00:00:00+00:00,2023-07-16 00:00:00+00:00,0.3333333333333333,1,14,-0.0435175959963812,0.004590623333333333,0.00046666666666666666,-0.03939363932971453,False
BCHUSDT,2023-09-10 00:00:00+00:00,2023-09-17 00:00:00+00:00,0.3333333333333333,1,7,0.037386406827683905,0.0012972133333333331,0.00046666666666666666,0.03821695349435057,False
BCHUSDT,2024-04-07 00:00:00+00:00,2024-04-21 00:00:00+00:00,0.3333333333333333,1,14,-0.08614415608107469,0.002422186666666666,0.00046666666666666666,-0.08418863608107469,False
BCHUSDT,2025-07-06 00:00:00+00:00,2025-07-13 00:00:00+00:00,0.3333333333333333,1,7,0.011528340218976973,0.00036919333333333324,0.00046666666666666666,0.01143086688564364,False
BCHUSDT,2026-02-22 00:00:00+00:00,2026-03-01 00:00:00+00:00,0.3333333333333333,1,7,-0.06303989215460207,0.0005475899999999999,0.00046666666666666666,-0.06295896882126874,False
BEATUSDT,2026-07-12 00:00:00+00:00,2026-07-19 00:00:00+00:00,0.3333333333333333,1,7,0.0009937535491199392,-0.0008002066666666668,0.00046666666666666666,-0.00027311978421339425,False
BEATUSDT,2026-07-26 00:00:00+00:00,2026-08-02 00:00:00+00:00,0.3333333333333333,1,7,0.12573361185715717,-0.00016390333333333337,0.00046666666666666666,0.12510304185715718,False
BIGTIMEUSDT,2024-01-28 00:00:00+00:00,2024-02-04 00:00:00+00:00,0.3333333333333333,1,7,-0.03884778012684993,-0.0009767299999999999,0.00046666666666666666,-0.0402911767935166,False
BIOUSDT,2025-09-07 00:00:00+00:00,2025-09-14 00:00:00+00:00,0.3333333333333333,1,7,0.00638592686306394,0.006942133333333333,0.00046666666666666666,0.012861393529730605,False
BLURUSDT,2023-12-10 00:00:00+00:00,2023-12-17 00:00:00+00:00,0.3333333333333333,1,7,-0.03506320691949434,-0.0006651600000000001,0.00046666666666666666,-0.036195033586161,False
BLZUSDT,2023-09-03 00:00:00+00:00,2023-10-01 00:00:00+00:00,0.3333333333333333,1,28,0.10101540616246499,0.14034215999999997,0.00046666666666666666,0.24089089949579828,False
BLZUSDT,2023-10-22 00:00:00+00:00,2023-11-05 00:00:00+00:00,0.3333333333333333,1,14,0.16565002917307586,-0.0027603433333333325,0.00046666666666666666,0.16242301917307586,False
BNBUSDT,2020-09-13 00:00:00+00:00,2020-10-04 00:00:00+00:00,0.3333333333333333,1,21,-0.0030989188998836363,0.013823083333333337,0.00046666666666666666,0.010257497766783034,False
BNBUSDT,2020-10-11 00:00:00+00:00,2020-10-25 00:00:00+00:00,0.3333333333333333,1,14,0.02668171186102001,0.003264153333333333,0.00046666666666666666,0.029479198527686674,False
BNBUSDT,2020-12-27 00:00:00+00:00,2021-01-03 00:00:00+00:00,0.3333333333333333,1,7,0.045876559357133674,-0.004072403333333333,0.00046666666666666666,0.041337489357133675,False
BNBUSDT,2021-02-14 00:00:00+00:00,2021-03-14 00:00:00+00:00,0.3333333333333333,1,28,0.358287141073658,-0.01902426333333333,0.00046666666666666666,0.338796211073658,False
BNBUSDT,2021-04-25 00:00:00+00:00,2021-05-02 00:00:00+00:00,0.3333333333333333,1,7,0.08288363667325696,-0.002074663333333333,0.00046666666666666666,0.08034230667325695,False
BNBUSDT,2021-06-13 00:00:00+00:00,2021-06-27 00:00:00+00:00,0.3333333333333333,1,14,-0.06228172293364383,0.0016008533333333331,0.00046666666666666666,-0.061147536266977165,False
BNBUSDT,2021-07-18 00:00:00+00:00,2021-08-01 00:00:00+00:00,0.3333333333333333,1,14,0.03597569779969574,0.00302252,0.00046666666666666666,0.03853155113302908,False
BNBUSDT,2021-10-31 00:00:00+00:00,2021-11-07 00:00:00+00:00,0.3333333333333333,1,7,0.06842987497479328,0.0002511133333333333,0.00046666666666666666,0.06821432164145994,False
BNBUSDT,2021-11-21 00:00:00+00:00,2021-11-28 00:00:00+00:00,0.3333333333333333,1,7,-0.002447818464490159,-0.0008012,0.00046666666666666666,-0.0037156851311568257,False
BNBUSDT,2023-03-19 00:00:00+00:00,2023-04-02 00:00:00+00:00,0.3333333333333333,1,14,-0.016212240291800163,0.007152769999999999,0.00046666666666666666,-0.009526136958466831,False
BNBUSDT,2023-04-23 00:00:00+00:00,2023-04-30 00:00:00+00:00,0.3333333333333333,1,7,-0.010135712061396887,0.004634283333333332,0.00046666666666666666,-0.005968095394730223,False
BNBUSDT,2024-03-24 00:00:00+00:00,2024-04-07 00:00:00+00:00,0.3333333333333333,1,14,0.019837604515681246,-0.00124242,0.00046666666666666666,0.018128517849014578,False
BNBUSDT,2024-04-14 00:00:00+00:00,2024-04-21 00:00:00+00:00,0.3333333333333333,1,7,0.010258912543222198,0.0020420699999999996,0.00046666666666666666,0.011834315876555531,False
BNBUSDT,2024-04-28 00:00:00+00:00,2024-05-05 00:00:00+00:00,0.3333333333333333,1,7,-0.006126833853694576,0.0026542966666666667,0.00046666666666666666,-0.003939203853694576,False
BNBUSDT,2024-05-12 00:00:00+00:00,2024-05-19 00:00:00+00:00,0.3333333333333333,1,7,-0.0066212860834755265,0.0022297033333333336,0.00046666666666666666,-0.004858249416808859,False
BNBUSDT,2024-06-16 00:00:00+00:00,2024-06-23 00:00:00+00:00,0.3333333333333333,1,7,-0.009325811279790708,0.0,0.00046666666666666666,-0.009792477946457375,False
BNBUSDT,2024-12-22 00:00:00+00:00,2024-12-29 00:00:00+00:00,0.3333333333333333,1,7,0.029328753226664984,0.0003945666666666667,0.00046666666666666666,0.029256653226664982,False
BNBUSDT,2025-02-23 00:00:00+00:00,2025-03-02 00:00:00+00:00,0.3333333333333333,1,7,-0.03036335244139121,0.0007650866666666666,0.00046666666666666666,-0.03006493244139121,False
BNBUSDT,2025-03-30 00:00:00+00:00,2025-04-06 00:00:00+00:00,0.3333333333333333,1,7,-0.005249474499391578,0.00098091,0.00046666666666666666,-0.004735231166058245,False
BNBUSDT,2025-08-31 00:00:00+00:00,2025-09-07 00:00:00+00:00,0.3333333333333333,1,7,-0.00043666434809486177,-3.4053333333333335e-05,0.00046666666666666666,-0.0009373843480948617,False
BNBUSDT,2025-10-05 00:00:00+00:00,2025-10-26 00:00:00+00:00,0.3333333333333333,1,21,-0.010161101220200678,0.0009737766666666665,0.00046666666666666666,-0.009653991220200678,False
BNBUSDT,2026-01-25 00:00:00+00:00,2026-02-01 00:00:00+00:00,0.3333333333333333,1,7,-0.03992564636962773,-0.00013501666666666665,0.00046666666666666666,-0.040527329702961065,False
BNBUSDT,2026-05-31 00:00:00+00:00,2026-06-07 00:00:00+00:00,0.3333333333333333,1,7,-0.06688826766433471,-0.00018392,0.00046666666666666666,-0.06753885433100139,False
BNBUSDT,2026-08-16 00:00:00+00:00,2026-08-23 00:00:00+00:00,0.3333333333333333,1,7,0.04802547910362668,-0.0005257233333333332,0.00046666666666666666,0.047033089103626684,False
BNTUSDT,2023-11-12 00:00:00+00:00,2023-11-19 00:00:00+00:00,0.3333333333333333,1,7,-0.10969439384739935,-0.00121191,0.00046666666666666666,-0.11137297051406601,False
BNXUSDT,2025-03-02 00:00:00+00:00,2025-03-09 00:00:00+00:00,0.3333333333333333,1,7,-0.04270109235352537,-0.0008354766666666667,0.00046666666666666666,-0.044003235686858704,False
BOMEUSDT,2024-05-19 00:00:00+00:00,2024-05-26 00:00:00+00:00,0.3333333333333333,1,7,0.04058045828673025,-0.00069559,0.00046666666666666666,0.039418201620063584,False
BTCUSDT,2020-05-17 00:00:00+00:00,2020-05-24 00:00:00+00:00,0.3333333333333333,1,7,-0.007063829756973912,-0.00031739666666666665,0.00046666666666666666,-0.007847893090307246,False
BTCUSDT,2020-10-04 00:00:00+00:00,2020-10-11 00:00:00+00:00,0.3333333333333333,1,7,0.023939484808571443,-0.00017777333333333331,0.00046666666666666666,0.023295044808571443,False
BTCUSDT,2020-11-01 00:00:00+00:00,2020-11-15 00:00:00+00:00,0.3333333333333333,1,14,0.05515633286490673,-0.0011268833333333333,0.00046666666666666666,0.05356278286490673,False
BTCUSDT,2020-12-27 00:00:00+00:00,2021-01-03 00:00:00+00:00,0.3333333333333333,1,7,0.07154305255655598,-0.0032074233333333328,0.00046666666666666666,0.06786896255655597,False
BTCUSDT,2021-06-20 00:00:00+00:00,2021-06-27 00:00:00+00:00,0.3333333333333333,1,7,-0.03037002779640178,0.0002902833333333333,0.00046666666666666666,-0.030546411129735114,False
BTCUSDT,2021-08-01 00:00:00+00:00,2021-08-08 00:00:00+00:00,0.3333333333333333,1,7,0.025357093167921674,-0.0006709066666666667,0.00046666666666666666,0.02421951983458834,False
BTCUSDT,2021-10-17 00:00:00+00:00,2021-10-31 00:00:00+00:00,0.3333333333333333,1,14,0.0053049984275893945,-0.0041907433333333325,0.00046666666666666666,0.0006475884275893955,False
BTCUSDT,2022-03-20 00:00:00+00:00,2022-03-27 00:00:00+00:00,0.3333333333333333,1,7,0.01818122919046868,-0.0004186033333333333,0.00046666666666666666,0.01729595919046868,False
BTCUSDT,2022-10-16 00:00:00+00:00,2022-10-23 00:00:00+00:00,0.3333333333333333,1,7,0.002355669345868912,-0.00037998666666666666,0.00046666666666666666,0.0015090160125355787,False
BTCUSDT,2022-12-18 00:00:00+00:00,2022-12-25 00:00:00+00:00,0.3333333333333333,1,7,0.0012106320930814392,-0.00041056666666666665,0.00046666666666666666,0.00033339875974810584,False
BTCUSDT,2023-03-05 00:00:00+00:00,2023-03-12 00:00:00+00:00,0.3333333333333333,1,7,-0.028183454364741824,-0.00021225,0.00046666666666666666,-0.02886237103140849,False
BTCUSDT,2023-03-19 00:00:00+00:00,2023-04-02 00:00:00+00:00,0.3333333333333333,1,14,0.019037177438337178,-0.0006861266666666668,0.00046666666666666666,0.017884384105003842,False
BTCUSDT,2023-04-30 00:00:00+00:00,2023-05-07 00:00:00+00:00,0.3333333333333333,1,7,-0.004276678750452086,-0.00037948999999999996,0.00046666666666666666,-0.005122835417118752,False
BTCUSDT,2023-06-25 00:00:00+00:00,2023-07-02 00:00:00+00:00,0.3333333333333333,1,7,0.0005394626777005158,-0.0006659133333333334,0.00046666666666666666,-0.0005931173222994843,False
BTCUSDT,2025-06-08 00:00:00+00:00,2025-06-15 00:00:00+00:00,0.3333333333333333,1,7,-0.00046663349366948825,-0.0002584033333333333,0.00046666666666666666,-0.0011917034936694882,False
BTCUSDT,2025-06-29 00:00:00+00:00,2025-07-06 00:00:00+00:00,0.3333333333333333,1,7,0.0028362934912580977,-0.00025011666666666663,0.00046666666666666666,0.0021195101579247646,False
BTCUSDT,2025-10-05 00:00:00+00:00,2025-10-12 00:00:00+00:00,0.3333333333333333,1,7,-0.0320521832571542,-0.0004281933333333333,0.00046666666666666666,-0.032947043257154196,False
BTWUSDT,2026-09-13 00:00:00+00:00,2026-09-15 00:00:00+00:00,0.3333333333333333,1,2,0.020303553576297352,-0.0020537966666666664,0.00046666666666666666,0.01778309024296402,False
CFXUSDT,2023-04-02 00:00:00+00:00,2023-04-09 00:00:00+00:00,0.3333333333333333,1,7,-0.023249936820823915,-0.00038834333333333335,0.00046666666666666666,-0.024104946820823914,False
CFXUSDT,2023-05-28 00:00:00+00:00,2023-06-04 00:00:00+00:00,0.3333333333333333,1,7,-0.05035594639866007,-0.00059342,0.00046666666666666666,-0.05141603306532673,False
CHRUSDT,2021-12-26 00:00:00+00:00,2022-01-02 00:00:00+00:00,0.3333333333333333,1,7,0.04195205479452061,-0.00067153,0.00046666666666666666,0.040813858127853944,False
CHZUSDT,2021-07-25 00:00:00+00:00,2021-08-01 00:00:00+00:00,0.3333333333333333,1,7,0.022879636720271712,-0.0006821733333333334,0.00046666666666666666,0.02173079672027171,False
CHZUSDT,2022-09-04 00:00:00+00:00,2022-09-11 00:00:00+00:00,0.3333333333333333,1,7,-0.023504470458106736,-0.00022957333333333333,0.00046666666666666666,-0.024200710458106737,False
CHZUSDT,2022-09-25 00:00:00+00:00,2022-10-09 00:00:00+00:00,0.3333333333333333,1,14,-0.06281103905896548,-0.0009605333333333332,0.00046666666666666666,-0.06423823905896549,False
CHZUSDT,2022-11-13 00:00:00+00:00,2022-11-27 00:00:00+00:00,0.3333333333333333,1,14,-0.06585089719133366,0.0004746199999999999,0.00046666666666666666,-0.06584294385800034,False
CKBUSDT,2024-03-03 00:00:00+00:00,2024-03-10 00:00:00+00:00,0.3333333333333333,1,7,0.14353789683817358,-0.005363016666666668,0.00046666666666666666,0.13770821350484025,False
COMPUSDT,2020-08-30 00:00:00+00:00,2020-09-06 00:00:00+00:00,0.3333333333333333,1,7,-0.0617200965184419,0.01886612333333333,0.00046666666666666666,-0.043320639851775235,False
CRVUSDT,2020-11-15 00:00:00+00:00,2020-11-29 00:00:00+00:00,0.3333333333333333,1,14,-0.04788732394366213,0.0036756233333333334,0.00046666666666666666,-0.04467836727699546,False
CRVUSDT,2021-02-07 00:00:00+00:00,2021-02-14 00:00:00+00:00,0.3333333333333333,1,7,0.015002641310089954,-0.012977756666666665,0.00046666666666666666,0.0015582179767566224,False
CRVUSDT,2022-12-11 00:00:00+00:00,2022-12-18 00:00:00+00:00,0.3333333333333333,1,7,-0.041274817136886036,0.0006491933333333333,0.00046666666666666666,-0.04109229047021937,False
CTSIUSDT,2023-05-07 00:00:00+00:00,2023-05-14 00:00:00+00:00,0.3333333333333333,1,7,-0.06158698539176625,-0.0005354566666666667,0.00046666666666666666,-0.06258910872509958,False
DASHUSDT,2020-04-05 00:00:00+00:00,2020-04-12 00:00:00+00:00,0.3333333333333333,1,7,0.031922141119221425,-0.0007918900000000002,0.00046666666666666666,0.03066358445255476,False
DOGEUSDT,2021-02-07 00:00:00+00:00,2021-02-21 00:00:00+00:00,0.3333333333333333,1,14,-0.020571996211333727,-0.027431173333333333,0.00046666666666666666,-0.04846983621133373,False
DOGEUSDT,2021-03-14 00:00:00+00:00,2021-03-21 00:00:00+00:00,0.3333333333333333,1,7,-0.020486453790073522,-0.007670163333333334,0.00046666666666666666,-0.028623283790073523,False
DOGEUSDT,2021-05-02 00:00:00+00:00,2021-05-16 00:00:00+00:00,0.3333333333333333,1,14,0.09978140233045898,-0.006135573333333335,0.00046666666666666666,0.09317916233045898,False
DOGEUSDT,2022-11-06 00:00:00+00:00,2022-11-20 00:00:00+00:00,0.3333333333333333,1,14,-0.10688536892605396,-0.0004325833333333333,0.00046666666666666666,-0.10778461892605397,False
DOGEUSDT,2023-04-09 00:00:00+00:00,2023-04-16 00:00:00+00:00,0.3333333333333333,1,7,0.031205150284987937,-0.0006930733333333333,0.00046666666666666666,0.030045410284987938,False
DOGEUSDT,2023-08-13 00:00:00+00:00,2023-08-20 00:00:00+00:00,0.3333333333333333,1,7,-0.05609183407252808,-0.00013929,0.00046666666666666666,-0.056697790739194745,False
DOGEUSDT,2024-03-10 00:00:00+00:00,2024-03-24 00:00:00+00:00,0.3333333333333333,1,14,-0.031636966277489055,-0.004923983333333333,0.00046666666666666666,-0.03702761627748905,False
DOGEUSDT,2024-04-07 00:00:00+00:00,2024-04-14 00:00:00+00:00,0.3333333333333333,1,7,-0.059704437031457405,-0.0010959766666666668,0.00046666666666666666,-0.061267080364790734,False
DOGEUSDT,2024-10-20 00:00:00+00:00,2024-12-08 00:00:00+00:00,0.3333333333333333,1,49,0.7159687984630694,-0.008869293333333333,0.00046666666666666666,0.7066328384630695,False
DOGEUSDT,2025-09-14 00:00:00+00:00,2025-09-21 00:00:00+00:00,0.3333333333333333,1,7,-0.025185492419005508,-0.00041962999999999994,0.00046666666666666666,-0.026071789085672176,False
DOGEUSDT,2026-05-03 00:00:00+00:00,2026-05-10 00:00:00+00:00,0.3333333333333333,1,7,0.0007376671277086189,-0.00014275999999999997,0.00046666666666666666,0.00012824046104195223,False
DOTUSDT,2021-01-03 00:00:00+00:00,2021-01-10 00:00:00+00:00,0.3333333333333333,1,7,0.019863236730706703,-0.00828847,0.00046666666666666666,0.011108100064040036,False
DOTUSDT,2021-01-17 00:00:00+00:00,2021-01-24 00:00:00+00:00,0.3333333333333333,1,7,0.015379471748579046,-0.002439793333333333,0.00046666666666666666,0.012473011748579045,False
DOTUSDT,2021-08-15 00:00:00+00:00,2021-08-22 00:00:00+00:00,0.3333333333333333,1,7,0.07337562896521543,-0.00185926,0.00046666666666666666,0.07104970229854876,False
DOTUSDT,2021-09-19 00:00:00+00:00,2021-09-26 00:00:00+00:00,0.3333333333333333,1,7,-0.048634192932187216,-0.0005884533333333334,0.00046666666666666666,-0.049689312932187216,False
DOTUSDT,2021-10-24 00:00:00+00:00,2021-10-31 00:00:00+00:00,0.3333333333333333,1,7,-0.009080917187796095,-0.0014896233333333334,0.00046666666666666666,-0.011037207187796097,False
DOTUSDT,2022-03-13 00:00:00+00:00,2022-03-20 00:00:00+00:00,0.3333333333333333,1,7,0.02299674626371802,0.0005337066666666666,0.00046666666666666666,0.023063786263718022,False
DYDXUSDT,2023-01-29 00:00:00+00:00,2023-02-26 00:00:00+00:00,0.3333333333333333,1,28,0.07850819910027584,-0.003294366666666666,0.00046666666666666666,0.07474716576694251,False
DYDXUSDT,2023-04-16 00:00:00+00:00,2023-05-07 00:00:00+00:00,0.3333333333333333,1,21,-0.057880055788005515,-0.0020823466666666664,0.00046666666666666666,-0.060429069121338844,False
ENAUSDT,2025-01-05 00:00:00+00:00,2025-01-12 00:00:00+00:00,0.3333333333333333,1,7,-0.08799524350035137,0.00134362,0.00046666666666666666,-0.08711829016701804,False
ENAUSDT,2025-07-20 00:00:00+00:00,2025-08-31 00:00:00+00:00,0.3333333333333333,1,42,0.1690476190476191,0.0032978599999999997,0.00046666666666666666,0.17187881238095243,False
ENAUSDT,2026-07-26 00:00:00+00:00,2026-08-02 00:00:00+00:00,0.3333333333333333,1,7,-0.026204597433810168,8.805666666666661e-05,0.00046666666666666666,-0.02658320743381017,False
ENAUSDT,2026-09-06 00:00:00+00:00,2026-09-13 00:00:00+00:00,0.3333333333333333,1,7,-0.05726316606512201,-0.0002141033333333333,0.00046666666666666666,-0.057943936065122006,False
ENJUSDT,2026-05-03 00:00:00+00:00,2026-05-10 00:00:00+00:00,0.3333333333333333,1,7,-0.027268280753240427,0.006242199999999999,0.00046666666666666666,-0.021492747419907095,False
EOSUSDT,2021-05-16 00:00:00+00:00,2021-05-23 00:00:00+00:00,0.3333333333333333,1,7,-0.16720393344404286,0.0006358666666666665,0.00046666666666666666,-0.16703473344404285,False
EOSUSDT,2022-09-04 00:00:00+00:00,2022-09-18 00:00:00+00:00,0.3333333333333333,1,14,-0.010327400571303139,0.00100243,0.00046666666666666666,-0.009791637237969806,False
EOSUSDT,2025-05-18 00:00:00+00:00,2025-05-22 00:00:00+00:00,0.3333333333333333,1,4,-0.025196199917389528,-0.00015262333333333333,0.0006,-0.025948823250722862,True
ESPORTSUSDT,2026-08-02 00:00:00+00:00,2026-08-09 00:00:00+00:00,0.3333333333333333,1,7,-0.023017473118279508,-0.010804,0.00046666666666666666,-0.03428813978494617,False
ETCUSDT,2021-05-02 00:00:00+00:00,2021-05-30 00:00:00+00:00,0.3333333333333333,1,28,0.14458395593122045,0.0037537466666666664,0.00046666666666666666,0.14787103593122045,False
ETCUSDT,2021-07-04 00:00:00+00:00,2021-07-11 00:00:00+00:00,0.3333333333333333,1,7,-0.045223094341393634,0.0010793966666666666,0.00046666666666666666,-0.04461036434139363,False
ETCUSDT,2022-03-20 00:00:00+00:00,2022-04-17 00:00:00+00:00,0.3333333333333333,1,28,0.04055643785659672,-0.0010692866666666668,0.00046666666666666666,0.039020484523263385,False
ETCUSDT,2022-08-07 00:00:00+00:00,2022-08-21 00:00:00+00:00,0.3333333333333333,1,14,-0.044943325048037,-0.00018991666666666668,0.00046666666666666666,-0.045599908381370326,False
ETCUSDT,2022-09-11 00:00:00+00:00,2022-09-18 00:00:00+00:00,0.3333333333333333,1,7,-0.04106261730659803,0.0027139733333333333,0.00046666666666666666,-0.03881531063993136,False
ETCUSDT,2023-01-08 00:00:00+00:00,2023-01-15 00:00:00+00:00,0.3333333333333333,1,7,0.04132313995902651,-0.0006572366666666666,0.00046666666666666666,0.040199236625693184,False
ETHFIUSDT,2024-05-26 00:00:00+00:00,2024-06-02 00:00:00+00:00,0.3333333333333333,1,7,-0.005980292218824382,-0.00034672999999999995,0.00046666666666666666,-0.0067936888854910485,False
ETHUSDT,2020-04-19 00:00:00+00:00,2020-04-26 00:00:00+00:00,0.3333333333333333,1,7,0.011909840728100047,-0.0007000000000000001,0.00046666666666666666,0.01074317406143338,False
ETHUSDT,2020-06-14 00:00:00+00:00,2020-06-21 00:00:00+00:00,0.3333333333333333,1,7,-0.013017552700092305,-0.0007000000000000001,0.00046666666666666666,-0.014184219366758972,False
ETHUSDT,2020-08-02 00:00:00+00:00,2020-08-16 00:00:00+00:00,0.3333333333333333,1,14,0.039190875833871264,-0.008403503333333331,0.00046666666666666666,0.030320705833871267,False
ETHUSDT,2020-11-08 00:00:00+00:00,2020-11-15 00:00:00+00:00,0.3333333333333333,1,7,0.0194197043430356,-0.0020647666666666667,0.00046666666666666666,0.016888271009702267,False
ETHUSDT,2021-01-10 00:00:00+00:00,2021-01-17 00:00:00+00:00,0.3333333333333333,1,7,-0.012927487317312117,-0.005755296666666666,0.00046666666666666666,-0.019149450650645453,False
ETHUSDT,2021-07-18 00:00:00+00:00,2021-07-25 00:00:00+00:00,0.3333333333333333,1,7,0.05003643131161506,-1.3843333333333384e-05,0.00046666666666666666,0.04955592131161506,False
ETHUSDT,2021-08-01 00:00:00+00:00,2021-08-08 00:00:00+00:00,0.3333333333333333,1,7,0.08337252391284014,-0.00066208,0.00046666666666666666,0.08224377724617347,False
ETHUSDT,2022-07-17 00:00:00+00:00,2022-08-07 00:00:00+00:00,0.3333333333333333,1,21,0.08225491498079274,-0.00142676,0.00046666666666666666,0.08036148831412607,False
ETHUSDT,2022-10-23 00:00:00+00:00,2022-11-06 00:00:00+00:00,0.3333333333333333,1,14,0.07943313178695988,-0.0005553033333333333,0.00046666666666666666,0.07841116178695987,False
ETHUSDT,2023-03-19 00:00:00+00:00,2023-03-26 00:00:00+00:00,0.3333333333333333,1,7,-0.0033171833890620244,-0.00047164666666666663,0.00046666666666666666,-0.004255496722395357,False
ETHUSDT,2024-01-21 00:00:00+00:00,2024-01-28 00:00:00+00:00,0.3333333333333333,1,7,-0.027675082717837175,-0.00068959,0.00046666666666666666,-0.028831339384503843,False
ETHUSDT,2024-02-25 00:00:00+00:00,2024-03-03 00:00:00+00:00,0.3333333333333333,1,7,0.04787174238047368,-0.0030232333333333333,0.00046666666666666666,0.044381842380473685,False
ETHUSDT,2024-05-26 00:00:00+00:00,2024-06-02 00:00:00+00:00,0.3333333333333333,1,7,0.00589417673466334,-0.0009014966666666666,0.00046666666666666666,0.004526013401330006,False
ETHUSDT,2025-05-18 00:00:00+00:00,2025-06-01 00:00:00+00:00,0.3333333333333333,1,14,0.007139325300750269,-0.0008617399999999999,0.00046666666666666666,0.0058109186340836025,False
ETHUSDT,2025-06-15 00:00:00+00:00,2025-06-22 00:00:00+00:00,0.3333333333333333,1,7,-0.03096858866408921,-0.0003266633333333333,0.00046666666666666666,-0.03176191866408921,False
ETHUSDT,2025-07-27 00:00:00+00:00,2025-08-03 00:00:00+00:00,0.3333333333333333,1,7,-0.030978609625668414,-0.00040809333333333337,0.00046666666666666666,-0.03185336962566841,False
ETHUSDT,2025-08-17 00:00:00+00:00,2025-08-31 00:00:00+00:00,0.3333333333333333,1,14,-0.0036363197608566544,-0.0007175866666666665,0.00046666666666666666,-0.004820573094189987,False
ETHUSDT,2026-04-12 00:00:00+00:00,2026-04-26 00:00:00+00:00,0.3333333333333333,1,14,0.005013442154948218,0.00022767333333333328,0.00046666666666666666,0.004774448821614885,False
ETHUSDT,2026-07-19 00:00:00+00:00,2026-08-02 00:00:00+00:00,0.3333333333333333,1,14,-0.0031475762051831704,-0.00037428999999999994,0.00046666666666666666,-0.0039885328718498375,False
EVAAUSDT,2026-08-09 00:00:00+00:00,2026-08-16 00:00:00+00:00,0.3333333333333333,1,7,-0.05393623702390182,-0.0026629866666666663,0.00046666666666666666,-0.05706589035723515,False
FARTCOINUSDT,2025-03-23 00:00:00+00:00,2025-05-04 00:00:00+00:00,0.3333333333333333,1,42,0.4873303167420816,-0.0033340433333333332,0.00046666666666666666,0.4835296067420816,False
FARTCOINUSDT,2025-05-25 00:00:00+00:00,2025-06-01 00:00:00+00:00,0.3333333333333333,1,7,-0.08314103908817568,-0.0009869466666666666,0.00046666666666666666,-0.08459465242150901,False
FARTCOINUSDT,2025-06-29 00:00:00+00:00,2025-07-06 00:00:00+00:00,0.3333333333333333,1,7,0.02472176610107642,-0.0006830166666666667,0.00046666666666666666,0.023572082767743086,False
FARTCOINUSDT,2025-07-13 00:00:00+00:00,2025-07-20 00:00:00+00:00,0.3333333333333333,1,7,0.04632378507047526,-0.00168769,0.00046666666666666666,0.044169428403808594,False
FILUSDT,2021-03-14 00:00:00+00:00,2021-04-18 00:00:00+00:00,0.3333333333333333,1,35,0.8851941584225048,-0.023622156666666668,0.00046666666666666666,0.8611053350891715,False
FILUSDT,2023-03-05 00:00:00+00:00,2023-03-12 00:00:00+00:00,0.3333333333333333,1,7,-0.05413635594654035,-0.00040562,0.00046666666666666666,-0.055008642613207016,False
FILUSDT,2024-02-25 00:00:00+00:00,2024-03-03 00:00:00+00:00,0.3333333333333333,1,7,0.05077208153180949,-0.0037449899999999997,0.00046666666666666666,0.04656042486514283,False
FTMUSDT,2021-10-10 00:00:00+00:00,2021-10-31 00:00:00+00:00,0.3333333333333333,1,21,0.07755431575476586,-0.006849543333333333,0.00046666666666666666,0.07023810575476586,False
FTMUSDT,2021-12-26 00:00:00+00:00,2022-01-23 00:00:00+00:00,0.3333333333333333,1,28,-0.022940052732123885,-0.001903186666666667,0.00046666666666666666,-0.02530990606545722,False
FTMUSDT,2023-01-15 00:00:00+00:00,2023-01-22 00:00:00+00:00,0.3333333333333333,1,7,-0.005098605098605083,-0.0008716533333333334,0.00046666666666666666,-0.006436925098605083,False
FTMUSDT,2023-01-29 00:00:00+00:00,2023-02-26 00:00:00+00:00,0.3333333333333333,1,28,0.005943094866651824,-0.0032761499999999994,0.00046666666666666666,0.0022002781999851586,False
FUNUSDT,2025-07-06 00:00:00+00:00,2025-07-27 00:00:00+00:00,0.3333333333333333,1,21,0.010110065242293038,0.008225006666666666,0.00046666666666666666,0.017868405242293037,False
GALAUSDT,2021-12-05 00:00:00+00:00,2021-12-19 00:00:00+00:00,0.3333333333333333,1,14,-0.0559434300035803,-0.0008411000000000001,0.00046666666666666666,-0.05725119667024696,False
GALAUSDT,2022-02-13 00:00:00+00:00,2022-02-27 00:00:00+00:00,0.3333333333333333,1,14,-0.06484417124986515,-0.00048280999999999997,0.00046666666666666666,-0.06579364791653182,False
GMTUSDT,2022-07-03 00:00:00+00:00,2022-07-17 00:00:00+00:00,0.3333333333333333,1,14,0.05046759774234736,0.00237758,0.00046666666666666666,0.052378511075680693,False
GRTUSDT,2021-02-14 00:00:00+00:00,2021-03-07 00:00:00+00:00,0.3333333333333333,1,21,-0.07835008160874442,-0.0047554799999999986,0.00046666666666666666,-0.08357222827541108,False
HBARUSDT,2025-01-12 00:00:00+00:00,2025-01-19 00:00:00+00:00,0.3333333333333333,1,7,0.07132340352679341,-0.0005285133333333334,0.00046666666666666666,0.07032822352679341,False
HNTUSDT,2022-10-09 00:00:00+00:00,2022-10-23 00:00:00+00:00,0.3333333333333333,1,14,-0.03242542153047989,-0.00019180333333333342,0.00046666666666666666,-0.033083891530479886,False
HYPEUSDT,2025-07-13 00:00:00+00:00,2025-07-20 00:00:00+00:00,0.3333333333333333,1,7,-0.018489417427620853,-0.0012468099999999999,0.00046666666666666666,-0.02020289409428752,False
HYPEUSDT,2026-02-01 00:00:00+00:00,2026-02-22 00:00:00+00:00,0.3333333333333333,1,21,-0.013758558790966583,-0.0002726366666666667,0.00046666666666666666,-0.014497862124299916,False
HYPEUSDT,2026-03-15 00:00:00+00:00,2026-04-05 00:00:00+00:00,0.3333333333333333,1,21,-0.012630204888030386,-0.00102995,0.00046666666666666666,-0.014126821554697053,False
HYPEUSDT,2026-05-24 00:00:00+00:00,2026-06-07 00:00:00+00:00,0.3333333333333333,1,14,-0.012606353693077055,-0.0005562233333333333,0.00046666666666666666,-0.013629243693077055,False
HYPEUSDT,2026-08-23 00:00:00+00:00,2026-09-06 00:00:00+00:00,0.3333333333333333,1,14,0.025411871478451697,-0.00102279,0.00046666666666666666,0.02392241481178503,False
ICPUSDT,2021-07-18 00:00:00+00:00,2021-07-25 00:00:00+00:00,0.3333333333333333,1,7,0.11575795125980999,-0.0007843600000000001,0.00046666666666666666,0.11450692459314332,False
ICPUSDT,2021-08-08 00:00:00+00:00,2021-08-15 00:00:00+00:00,0.3333333333333333,1,7,0.012934518997574768,-0.0013630699999999999,0.00046666666666666666,0.011104782330908102,False
JUPUSDT,2025-02-02 00:00:00+00:00,2025-02-09 00:00:00+00:00,0.3333333333333333,1,7,-0.030283342356975346,-3.3600000000000356e-06,0.00046666666666666666,-0.030753369023642015,False
KLAYUSDT,2022-11-06 00:00:00+00:00,2022-11-20 00:00:00+00:00,0.3333333333333333,1,14,-0.08221934741986477,-0.0012124433333333335,0.00046666666666666666,-0.08389845741986476,False
KNCUSDT,2022-06-05 00:00:00+00:00,2022-06-12 00:00:00+00:00,0.3333333333333333,1,7,-0.04499299719887957,9.870666666666663e-05,0.00046666666666666666,-0.04536095719887957,False
LABUSDT,2026-06-07 00:00:00+00:00,2026-07-12 00:00:00+00:00,0.3333333333333333,1,35,-0.3192004965859714,0.3833057733333333,0.00046666666666666666,0.06363861008069527,False
LAYERUSDT,2025-05-04 00:00:00+00:00,2025-05-11 00:00:00+00:00,0.3333333333333333,1,7,-0.1960969365616593,0.11796253999999999,0.00046666666666666666,-0.07860106322832598,False
LDOUSDT,2023-03-05 00:00:00+00:00,2023-03-12 00:00:00+00:00,0.3333333333333333,1,7,-0.05549678042918893,0.0007769333333333332,0.00046666666666666666,-0.05518651376252226,False
LENDUSDT,2020-09-06 00:00:00+00:00,2020-09-20 00:00:00+00:00,0.3333333333333333,1,14,0.04445283969273409,0.000961093333333333,0.00046666666666666666,0.044947266359400766,False
LENDUSDT,2020-09-27 00:00:00+00:00,2020-10-04 00:00:00+00:00,0.3333333333333333,1,7,-0.01266347121131417,0.0009515766666666665,0.00046666666666666666,-0.01217856121131417,False
LINAUSDT,2023-05-28 00:00:00+00:00,2023-06-11 00:00:00+00:00,0.3333333333333333,1,14,-0.06369770580296903,0.04733876999999998,0.00046666666666666666,-0.01682560246963572,False
LINAUSDT,2023-06-18 00:00:00+00:00,2023-06-25 00:00:00+00:00,0.3333333333333333,1,7,-0.013819394805813623,0.0028512566666666662,0.00046666666666666666,-0.011434804805813624,False
LINKUSDT,2020-04-12 00:00:00+00:00,2020-05-03 00:00:00+00:00,0.3333333333333333,1,21,0.053966321769121375,0.001177896666666666,0.00046666666666666666,0.054677551769121376,False
LINKUSDT,2020-05-24 00:00:00+00:00,2020-05-31 00:00:00+00:00,0.3333333333333333,1,7,0.02154916433358789,-9.781333333333333e-05,0.00046666666666666666,0.02098468433358789,False
LINKUSDT,2020-07-05 00:00:00+00:00,2020-08-02 00:00:00+00:00,0.3333333333333333,1,28,0.24233617050723125,0.00226287,0.00046666666666666666,0.24413237384056458,False
LINKUSDT,2020-08-09 00:00:00+00:00,2020-09-06 00:00:00+00:00,0.3333333333333333,1,28,-0.05549002647374897,-0.010668916666666665,0.00046666666666666666,-0.06662560980708229,False
LINKUSDT,2020-10-25 00:00:00+00:00,2020-11-01 00:00:00+00:00,0.3333333333333333,1,7,-0.038606996533249206,-0.0003522866666666667,0.00046666666666666666,-0.03942594986658254,False
LINKUSDT,2021-08-01 00:00:00+00:00,2021-08-08 00:00:00+00:00,0.3333333333333333,1,7,0.02916666666666671,-0.0007059466666666667,0.00046666666666666666,0.027994053333333376,False
LINKUSDT,2023-09-24 00:00:00+00:00,2023-10-15 00:00:00+00:00,0.3333333333333333,1,21,0.0065896329296024625,-0.0009534866666666667,0.00046666666666666666,0.005169479596269129,False
LINKUSDT,2024-02-04 00:00:00+00:00,2024-02-25 00:00:00+00:00,0.3333333333333333,1,21,0.01676009285997404,-0.002912983333333333,0.00046666666666666666,0.013380442859974041,False
LINKUSDT,2025-02-02 00:00:00+00:00,2025-02-09 00:00:00+00:00,0.3333333333333333,1,7,-0.06576062493647546,0.00010292000000000002,0.00046666666666666666,-0.06612437160314212,False
LINKUSDT,2025-08-17 00:00:00+00:00,2025-09-07 00:00:00+00:00,0.3333333333333333,1,21,-0.006422721112486059,-0.0012641833333333333,0.00046666666666666666,-0.008153571112486059,False
LINKUSDT,2025-12-14 00:00:00+00:00,2025-12-21 00:00:00+00:00,0.3333333333333333,1,7,-0.028609593199757012,-0.00032071,0.00046666666666666666,-0.029396969866423678,False
LTCUSDT,2020-08-02 00:00:00+00:00,2020-08-09 00:00:00+00:00,0.3333333333333333,1,7,-0.0170746204138974,-0.003981813333333333,0.00046666666666666666,-0.021523100413897402,False
LTCUSDT,2020-10-25 00:00:00+00:00,2020-11-15 00:00:00+00:00,0.3333333333333333,1,21,0.025879043600562403,-0.003965253333333333,0.00046666666666666666,0.021447123600562404,False
LTCUSDT,2020-12-20 00:00:00+00:00,2021-01-03 00:00:00+00:00,0.3333333333333333,1,14,0.04772626195241281,-0.004612153333333333,0.00046666666666666666,0.04264744195241281,False
LTCUSDT,2021-11-21 00:00:00+00:00,2021-11-28 00:00:00+00:00,0.3333333333333333,1,7,-0.046453149814716745,-0.0009546233333333333,0.00046666666666666666,-0.04787443981471674,False
LTCUSDT,2022-12-04 00:00:00+00:00,2022-12-18 00:00:00+00:00,0.3333333333333333,1,14,-0.05046671900898551,-0.00066006,0.00046666666666666666,-0.05159344567565217,False
LTCUSDT,2023-01-08 00:00:00+00:00,2023-01-15 00:00:00+00:00,0.3333333333333333,1,7,0.05036881847147656,-0.00072499,0.00046666666666666666,0.049177161804809896,False
LTCUSDT,2023-05-21 00:00:00+00:00,2023-06-04 00:00:00+00:00,0.3333333333333333,1,14,0.013282800938458905,-0.0012672800000000002,0.00046666666666666666,0.011548854271792237,False
LTCUSDT,2025-01-19 00:00:00+00:00,2025-02-02 00:00:00+00:00,0.3333333333333333,1,14,-0.01949208881797626,-0.0012176333333333335,0.00046666666666666666,-0.02117638881797626,False
LTCUSDT,2025-02-16 00:00:00+00:00,2025-03-09 00:00:00+00:00,0.3333333333333333,1,21,-0.07839326206673147,-0.0004682466666666667,0.00046666666666666666,-0.07932817540006482,False
LTCUSDT,2025-11-09 00:00:00+00:00,2025-11-23 00:00:00+00:00,0.3333333333333333,1,14,-0.07743162752985946,-0.0005427466666666666,0.00046666666666666666,-0.0784410408631928,False
LUNAUSDT,2021-09-05 00:00:00+00:00,2021-09-19 00:00:00+00:00,0.3333333333333333,1,14,0.03572905730011766,-0.0032659333333333327,0.00046666666666666666,0.031996457300117666,False
LUNAUSDT,2021-09-26 00:00:00+00:00,2021-10-03 00:00:00+00:00,0.3333333333333333,1,7,0.032741398446171,-0.00076809,0.00046666666666666666,0.03150664177950434,False
LUNAUSDT,2021-10-10 00:00:00+00:00,2021-10-17 00:00:00+00:00,0.3333333333333333,1,7,-0.04600835233371721,-0.0026133666666666665,0.00046666666666666666,-0.04908838566705054,False
LUNAUSDT,2022-01-02 00:00:00+00:00,2022-01-09 00:00:00+00:00,0.3333333333333333,1,7,-0.08989940867136521,-0.0005782200000000001,0.00046666666666666666,-0.09094429533803189,False
MANAUSDT,2021-11-07 00:00:00+00:00,2021-11-21 00:00:00+00:00,0.3333333333333333,1,14,0.14273352299668077,-0.0044627933333333345,0.00046666666666666666,0.13780406299668077,False
MANAUSDT,2021-11-28 00:00:00+00:00,2021-12-12 00:00:00+00:00,0.3333333333333333,1,14,-0.08640529278559828,-0.0004587899999999999,0.00046666666666666666,-0.08733074945226495,False
MANAUSDT,2022-02-06 00:00:00+00:00,2022-02-20 00:00:00+00:00,0.3333333333333333,1,14,-0.01398895492324892,-0.0008049099999999999,0.00046666666666666666,-0.015260531589915588,False
MASKUSDT,2022-12-04 00:00:00+00:00,2022-12-11 00:00:00+00:00,0.3333333333333333,1,7,-0.04139087459182781,0.00015970666666666666,0.00046666666666666666,-0.041697834591827805,False
MASKUSDT,2023-04-02 00:00:00+00:00,2023-04-09 00:00:00+00:00,0.3333333333333333,1,7,-0.03888704502710475,3.444333333333333e-05,0.00046666666666666666,-0.03931926836043808,False
MATICUSDT,2021-06-13 00:00:00+00:00,2021-06-20 00:00:00+00:00,0.3333333333333333,1,7,0.005261320566527135,0.0007146599999999999,0.00046666666666666666,0.005509313899860468,False
MATICUSDT,2021-10-31 00:00:00+00:00,2021-11-07 00:00:00+00:00,0.3333333333333333,1,7,0.0025821847063433414,-0.0024569666666666664,0.00046666666666666666,-0.0003414486269899919,False
MATICUSDT,2022-07-10 00:00:00+00:00,2022-08-07 00:00:00+00:00,0.3333333333333333,1,28,0.1797873543716777,0.00053941,0.00046666666666666666,0.17986009770501102,False
MATICUSDT,2022-10-16 00:00:00+00:00,2022-11-13 00:00:00+00:00,0.3333333333333333,1,28,0.06321037731862951,-0.0006799400000000001,0.00046666666666666666,0.06206377065196284,False
MATICUSDT,2023-02-12 00:00:00+00:00,2023-02-26 00:00:00+00:00,0.3333333333333333,1,14,-0.000614070217594483,-0.0012899633333333335,0.00046666666666666666,-0.002370700217594483,False
MATICUSDT,2023-07-16 00:00:00+00:00,2023-07-23 00:00:00+00:00,0.3333333333333333,1,7,-0.02231398064731397,-0.00050707,0.00046666666666666666,-0.023287717313980636,False
MEWUSDT,2024-08-04 00:00:00+00:00,2024-08-11 00:00:00+00:00,0.3333333333333333,1,7,-0.0018752020691884899,-0.0007000000000000001,0.00046666666666666666,-0.003041868735855157,False
MKRUSDT,2023-08-06 00:00:00+00:00,2023-08-20 00:00:00+00:00,0.3333333333333333,1,14,-0.03876093411443689,-0.001370386666666667,0.00046666666666666666,-0.04059798744777022,False
MKRUSDT,2023-09-10 00:00:00+00:00,2023-10-08 00:00:00+00:00,0.3333333333333333,1,28,0.0819444444444446,-0.0014136966666666668,0.00046666666666666666,0.08006408111111125,False
MOODENGUSDT,2025-06-08 00:00:00+00:00,2025-06-15 00:00:00+00:00,0.3333333333333333,1,7,-0.07368195385807814,0.0023240599999999998,0.00046666666666666666,-0.07182456052474481,False
MYXUSDT,2025-09-14 00:00:00+00:00,2025-10-05 00:00:00+00:00,0.3333333333333333,1,21,-0.17233616121681355,0.09502154666666666,0.00046666666666666666,-0.07778128121681356,False
NEARUSDT,2022-01-09 00:00:00+00:00,2022-01-23 00:00:00+00:00,0.3333333333333333,1,14,-0.05838665778730049,-0.00033594000000000007,0.00046666666666666666,-0.059189264453967154,False
NEARUSDT,2022-04-10 00:00:00+00:00,2022-04-24 00:00:00+00:00,0.3333333333333333,1,14,-0.042210692361784166,-0.001029606666666667,0.00046666666666666666,-0.0437069656951175,False
NEARUSDT,2022-09-18 00:00:00+00:00,2022-09-25 00:00:00+00:00,0.3333333333333333,1,7,-0.052078574691640046,0.0003515433333333333,0.00046666666666666666,-0.052193698024973374,False
NEARUSDT,2024-04-28 00:00:00+00:00,2024-05-05 00:00:00+00:00,0.3333333333333333,1,7,-0.012707311375846648,-0.00044494,0.00046666666666666666,-0.013618918042513315,False
NEARUSDT,2024-05-12 00:00:00+00:00,2024-05-19 00:00:00+00:00,0.3333333333333333,1,7,0.042753313381787006,-0.00052199,0.00046666666666666666,0.04176465671512034,False
NEIROUSDT,2024-11-10 00:00:00+00:00,2024-11-17 00:00:00+00:00,0.3333333333333333,1,7,-0.07152018880508951,-0.0023325733333333333,0.00046666666666666666,-0.07431942880508952,False
NEOUSDT,2020-05-10 00:00:00+00:00,2020-05-31 00:00:00+00:00,0.3333333333333333,1,21,0.001698513800424628,-0.003017296666666666,0.00046666666666666666,-0.0017854495329087045,False
OCEANUSDT,2023-01-08 00:00:00+00:00,2023-01-29 00:00:00+00:00,0.3333333333333333,1,21,0.2902987353163314,0.004637673333333333,0.00046666666666666666,0.294469741982998,False
OMGUSDT,2020-09-06 00:00:00+00:00,2020-09-13 00:00:00+00:00,0.3333333333333333,1,7,0.03133001958126217,-0.00069733,0.00046666666666666666,0.030166022914595504,False
OMGUSDT,2020-10-11 00:00:00+00:00,2020-10-18 00:00:00+00:00,0.3333333333333333,1,7,-0.03421609195402301,-0.00056243,0.00046666666666666666,-0.03524518862068968,False
ONGUSDT,2024-05-05 00:00:00+00:00,2024-05-12 00:00:00+00:00,0.3333333333333333,1,7,-0.03220328139630916,0.004354446666666666,0.00046666666666666666,-0.02831550139630916,False
ONTUSDT,2020-06-28 00:00:00+00:00,2020-07-05 00:00:00+00:00,0.3333333333333333,1,7,-0.013786559499888346,-0.0031665533333333335,0.00046666666666666666,-0.017419779499888346,False
OPUSDT,2022-08-07 00:00:00+00:00,2022-08-21 00:00:00+00:00,0.3333333333333333,1,14,-0.13491645605167082,-0.0011155100000000003,0.00046666666666666666,-0.1364986327183375,False
OPUSDT,2022-09-11 00:00:00+00:00,2022-09-18 00:00:00+00:00,0.3333333333333333,1,7,-0.06133833465579841,-9.652333333333333e-05,0.00046666666666666666,-0.06190152465579841,False
OPUSDT,2023-04-16 00:00:00+00:00,2023-04-23 00:00:00+00:00,0.3333333333333333,1,7,-0.049656902530805014,-0.0013864766666666667,0.00046666666666666666,-0.05151004586413834,False
OPUSDT,2023-07-23 00:00:00+00:00,2023-08-13 00:00:00+00:00,0.3333333333333333,1,21,-0.00367936366149868,-0.0014441966666666666,0.00046666666666666666,-0.005590226994832013,False
OPUSDT,2024-01-07 00:00:00+00:00,2024-01-14 00:00:00+00:00,0.3333333333333333,1,7,0.06005931529073797,-0.0007000000000000001,0.00046666666666666666,0.05889264862407131,False
ORDIUSDT,2024-01-14 00:00:00+00:00,2024-01-21 00:00:00+00:00,0.3333333333333333,1,7,-0.039981599526845026,-0.0010068866666666666,0.00046666666666666666,-0.041455152860178354,False
ORDIUSDT,2024-06-09 00:00:00+00:00,2024-06-23 00:00:00+00:00,0.3333333333333333,1,14,-0.09747460152872445,-0.00094822,0.00046666666666666666,-0.09888948819539112,False
ORDIUSDT,2024-08-25 00:00:00+00:00,2024-09-01 00:00:00+00:00,0.3333333333333333,1,7,-0.08000331391013778,-0.0001337533333333333,0.00046666666666666666,-0.08060373391013778,False
ORDIUSDT,2024-09-22 00:00:00+00:00,2024-09-29 00:00:00+00:00,0.3333333333333333,1,7,0.042782255791669124,-0.0006486266666666668,0.00046666666666666666,0.041666962458335795,False
ORDIUSDT,2026-05-03 00:00:00+00:00,2026-05-10 00:00:00+00:00,0.3333333333333333,1,7,0.0031722791605660974,-0.00021873666666666667,0.00046666666666666666,0.002486875827232764,False
PENGUUSDT,2025-08-03 00:00:00+00:00,2025-08-17 00:00:00+00:00,0.3333333333333333,1,14,-0.0009726065856495343,0.0024188399999999994,0.00046666666666666666,0.0009795667476837984,False
PEOPLEUSDT,2024-06-02 00:00:00+00:00,2024-06-23 00:00:00+00:00,0.3333333333333333,1,21,-0.091860183841316,-0.0019910566666666665,0.00046666666666666666,-0.09431790717464934,False
PEOPLEUSDT,2024-07-28 00:00:00+00:00,2024-08-04 00:00:00+00:00,0.3333333333333333,1,7,-0.09790925084898323,-0.0003165933333333333,0.00046666666666666666,-0.09869251084898324,False
PEOPLEUSDT,2024-08-25 00:00:00+00:00,2024-09-08 00:00:00+00:00,0.3333333333333333,1,14,-0.10764163372859026,-6.149666666666669e-05,0.00046666666666666666,-0.10816979706192359,False
PIPPINUSDT,2026-01-04 00:00:00+00:00,2026-01-11 00:00:00+00:00,0.3333333333333333,1,7,-0.023603765268857803,0.08962055333333332,0.00046666666666666666,0.06555012139780886,False
PIPPINUSDT,2026-02-15 00:00:00+00:00,2026-03-08 00:00:00+00:00,0.3333333333333333,1,21,-0.16736595414942082,-0.006747309999999999,0.00046666666666666666,-0.1745799308160875,False
PIXELUSDT,2026-04-26 00:00:00+00:00,2026-05-03 00:00:00+00:00,0.3333333333333333,1,7,-0.011235494320744813,-0.0003738933333333333,0.00046666666666666666,-0.012076054320744814,False
PNUTUSDT,2025-02-23 00:00:00+00:00,2025-03-16 00:00:00+00:00,0.3333333333333333,1,21,-0.028984189064229095,0.0006724633333333334,0.00046666666666666666,-0.028778392397562427,False
PUMPUSDT,2025-09-07 00:00:00+00:00,2025-10-05 00:00:00+00:00,0.3333333333333333,1,28,0.1577861301496058,-0.003779763333333333,0.00046666666666666666,0.1535397001496058,False
PUMPUSDT,2025-11-02 00:00:00+00:00,2025-11-09 00:00:00+00:00,0.3333333333333333,1,7,-0.0631307708825424,-0.0004991866666666666,0.00046666666666666666,-0.06409662421587574,False
REEFUSDT,2024-10-06 00:00:00+00:00,2024-10-20 00:00:00+00:00,0.3333333333333333,1,14,-0.2246164896618952,0.02834965666666666,0.00046666666666666666,-0.1967334996618952,False
RIVERUSDT,2026-03-08 00:00:00+00:00,2026-03-29 00:00:00+00:00,0.3333333333333333,1,21,-0.04050061204676895,0.049846176666666665,0.00046666666666666666,0.008878897953231053,False
RIVERUSDT,2026-05-17 00:00:00+00:00,2026-05-24 00:00:00+00:00,0.3333333333333333,1,7,-0.03757624326610576,-0.0010749133333333334,0.00046666666666666666,-0.03911782326610576,False
RIVERUSDT,2026-05-31 00:00:00+00:00,2026-06-07 00:00:00+00:00,0.3333333333333333,1,7,-0.0839253996447602,-0.0013970933333333332,0.00046666666666666666,-0.08578915964476021,False
RNDRUSDT,2023-06-04 00:00:00+00:00,2023-06-11 00:00:00+00:00,0.3333333333333333,1,7,-0.09047399672399677,0.0008957433333333332,0.00046666666666666666,-0.0900449200573301,False
RUNEUSDT,2022-04-03 00:00:00+00:00,2022-04-10 00:00:00+00:00,0.3333333333333333,1,7,-0.05997552019583844,-0.0006801966666666667,0.00046666666666666666,-0.06112238352917177,False
RUNEUSDT,2023-09-03 00:00:00+00:00,2023-09-10 00:00:00+00:00,0.3333333333333333,1,7,-0.003207184092366792,0.0013274566666666664,0.00046666666666666666,-0.002346394092366792,False
RUNEUSDT,2023-09-17 00:00:00+00:00,2023-09-24 00:00:00+00:00,0.3333333333333333,1,7,-0.03742024486980514,0.0007166933333333334,0.00046666666666666666,-0.037170218203138476,False
RUNEUSDT,2023-10-01 00:00:00+00:00,2023-10-08 00:00:00+00:00,0.3333333333333333,1,7,-0.03187803187803188,0.0006509899999999999,0.00046666666666666666,-0.031693708544698544,False
RUNEUSDT,2023-11-05 00:00:00+00:00,2023-12-03 00:00:00+00:00,0.3333333333333333,1,28,0.36072791312004704,-0.00411642,0.00046666666666666666,0.35614482645338036,False
SANDUSDT,2021-12-05 00:00:00+00:00,2021-12-19 00:00:00+00:00,0.3333333333333333,1,14,-0.050251559891027364,-0.0008915166666666668,0.00046666666666666666,-0.051609743224360696,False
SANDUSDT,2024-12-08 00:00:00+00:00,2024-12-22 00:00:00+00:00,0.3333333333333333,1,14,-0.129772805805114,-0.00190718,0.00046666666666666666,-0.13214665247178067,False
SEIUSDT,2024-02-18 00:00:00+00:00,2024-03-03 00:00:00+00:00,0.3333333333333333,1,14,-0.0214485088879095,-0.00553418,0.00046666666666666666,-0.027449355554576168,False
SIRENUSDT,2026-03-08 00:00:00+00:00,2026-04-05 00:00:00+00:00,0.3333333333333333,1,28,0.07796585330109176,0.07995498833333332,0.00046666666666666666,0.15745417496775843,False
SIRENUSDT,2026-04-26 00:00:00+00:00,2026-05-03 00:00:00+00:00,0.3333333333333333,1,7,-0.007806178304536263,0.007151486666666666,0.00046666666666666666,-0.0011213583045362645,False
SIRENUSDT,2026-05-10 00:00:00+00:00,2026-05-17 00:00:00+00:00,0.3333333333333333,1,7,-0.20037293139616189,0.007056550000000001,0.00046666666666666666,-0.19378304806282856,False
SKYAIUSDT,2026-06-21 00:00:00+00:00,2026-06-28 00:00:00+00:00,0.3333333333333333,1,7,-0.0993711383678932,-0.0012766000000000001,0.00046666666666666666,-0.10111440503455987,False
SOLUSDT,2021-05-02 00:00:00+00:00,2021-05-16 00:00:00+00:00,0.3333333333333333,1,14,-0.04154278794510835,-0.007468999999999999,0.00046666666666666666,-0.04947845461177501,False
SOLUSDT,2021-06-13 00:00:00+00:00,2021-06-27 00:00:00+00:00,0.3333333333333333,1,14,-0.06226171864285919,5.932999999999993e-05,0.00046666666666666666,-0.06266905530952586,False
SOLUSDT,2021-08-22 00:00:00+00:00,2021-09-26 00:00:00+00:00,0.3333333333333333,1,35,0.28047240116205674,-0.009359766666666665,0.00046666666666666666,0.2706459678287234,False
SOLUSDT,2021-10-31 00:00:00+00:00,2021-11-14 00:00:00+00:00,0.3333333333333333,1,14,0.07778356410570593,-0.003265026666666666,0.00046666666666666666,0.07405187077237259,False
SOLUSDT,2022-06-26 00:00:00+00:00,2022-07-03 00:00:00+00:00,0.3333333333333333,1,7,-0.06990521327014217,0.00024710666666666667,0.00046666666666666666,-0.07012477327014217,False
SOLUSDT,2023-01-15 00:00:00+00:00,2023-01-29 00:00:00+00:00,0.3333333333333333,1,14,-0.0038708614725743162,-0.0017477233333333334,0.00046666666666666666,-0.006085251472574316,False
SOLUSDT,2023-04-23 00:00:00+00:00,2023-05-07 00:00:00+00:00,0.3333333333333333,1,14,0.0019281090758849206,-0.0007202099999999999,0.00046666666666666666,0.0007412324092182541,False
SOLUSDT,2023-07-16 00:00:00+00:00,2023-07-30 00:00:00+00:00,0.3333333333333333,1,14,-0.027931536780772055,-0.0010594466666666667,0.00046666666666666666,-0.029457650114105387,False
SOLUSDT,2023-08-13 00:00:00+00:00,2023-08-20 00:00:00+00:00,0.3333333333333333,1,7,-0.040463665689541996,-0.00022244,0.00046666666666666666,-0.04115277235620866,False
SOLUSDT,2023-10-08 00:00:00+00:00,2023-10-29 00:00:00+00:00,0.3333333333333333,1,21,0.11936366109655339,0.0005760433333333333,0.00046666666666666666,0.11947303776322005,False
SOLUSDT,2023-12-24 00:00:00+00:00,2024-01-07 00:00:00+00:00,0.3333333333333333,1,14,-0.04374216574353651,-0.004645186666666668,0.00046666666666666666,-0.04885401907686984,False
SOLUSDT,2024-03-17 00:00:00+00:00,2024-04-07 00:00:00+00:00,0.3333333333333333,1,21,-0.006244671079835802,-0.005196646666666666,0.00046666666666666666,-0.011907984413169134,False
SOLUSDT,2024-05-19 00:00:00+00:00,2024-05-26 00:00:00+00:00,0.3333333333333333,1,7,-0.007626321837746364,-0.0006374366666666667,0.00046666666666666666,-0.008730425171079697,False
SOLUSDT,2024-07-14 00:00:00+00:00,2024-07-28 00:00:00+00:00,0.3333333333333333,1,14,0.09896123495271594,-0.0009409033333333335,0.00046666666666666666,0.09755366495271593,False
SOLUSDT,2024-10-27 00:00:00+00:00,2024-11-10 00:00:00+00:00,0.3333333333333333,1,14,0.05686630369026028,-0.0010980066666666669,0.00046666666666666666,0.05530163035692695,False
SOLUSDT,2025-01-19 00:00:00+00:00,2025-02-09 00:00:00+00:00,0.3333333333333333,1,21,-0.07978567701373243,0.0002879333333333333,0.00046666666666666666,-0.07996441034706576,False
SOLUSDT,2025-04-20 00:00:00+00:00,2025-04-27 00:00:00+00:00,0.3333333333333333,1,7,0.022370084185924528,0.00018131999999999995,0.00046666666666666666,0.02208473751925786,False
SOLUSDT,2025-06-29 00:00:00+00:00,2025-07-06 00:00:00+00:00,0.3333333333333333,1,7,-0.007013119178779226,-6.667333333333335e-05,0.00046666666666666666,-0.007546459178779226,False
SOLUSDT,2025-08-31 00:00:00+00:00,2025-09-14 00:00:00+00:00,0.3333333333333333,1,14,0.06523849482534512,-0.00078428,0.00046666666666666666,0.06398754815867845,False
SOLUSDT,2026-01-18 00:00:00+00:00,2026-01-25 00:00:00+00:00,0.3333333333333333,1,7,-0.038333913447035586,4.3610000000000004e-05,0.00046666666666666666,-0.03875697011370225,False
SOLUSDT,2026-06-28 00:00:00+00:00,2026-07-05 00:00:00+00:00,0.3333333333333333,1,7,0.05335603803036748,-0.00031181666666666667,0.00046666666666666666,0.05257755469703415,False
SPKUSDT,2025-08-03 00:00:00+00:00,2025-08-17 00:00:00+00:00,0.3333333333333333,1,14,-0.01804143126177023,0.005210703333333333,0.00046666666666666666,-0.013297394595103564,False
STMXUSDT,2023-08-06 00:00:00+00:00,2023-08-13 00:00:00+00:00,0.3333333333333333,1,7,-0.0029197080291971282,0.009515533333333333,0.00046666666666666666,0.006129158637469538,False
STORJUSDT,2021-04-04 00:00:00+00:00,2021-04-18 00:00:00+00:00,0.3333333333333333,1,14,-0.053527980535279775,-0.021982073333333334,0.00046666666666666666,-0.07597672053527978,False
STORJUSDT,2023-10-08 00:00:00+00:00,2023-10-22 00:00:00+00:00,0.3333333333333333,1,14,-0.06668054399111856,0.0035120500000000005,0.00046666666666666666,-0.06363516065778523,False
STORJUSDT,2023-11-26 00:00:00+00:00,2023-12-03 00:00:00+00:00,0.3333333333333333,1,7,0.006460296096904386,-0.0007353433333333334,0.00046666666666666666,0.0052582860969043865,False
STXUSDT,2023-04-02 00:00:00+00:00,2023-04-09 00:00:00+00:00,0.3333333333333333,1,7,-0.03426721732336198,-0.00020704000000000005,0.00046666666666666666,-0.03494092399002864,False
SUIUSDT,2024-02-04 00:00:00+00:00,2024-02-25 00:00:00+00:00,0.3333333333333333,1,21,0.04629436446669917,-0.003197723333333333,0.00046666666666666666,0.04262997446669917,False
SUIUSDT,2024-09-08 00:00:00+00:00,2024-10-27 00:00:00+00:00,0.3333333333333333,1,49,0.3382369455362156,-0.00010656000000000016,0.00046666666666666666,0.33766371886954893,False
SUIUSDT,2024-11-10 00:00:00+00:00,2024-11-17 00:00:00+00:00,0.3333333333333333,1,7,0.1226800499448426,-0.0014132066666666667,0.00046666666666666666,0.12080017661150927,False
SUIUSDT,2024-12-15 00:00:00+00:00,2024-12-29 00:00:00+00:00,0.3333333333333333,1,14,-0.018331127016536164,0.00145921,0.00046666666666666666,-0.017338583683202832,False
SUIUSDT,2025-01-05 00:00:00+00:00,2025-01-19 00:00:00+00:00,0.3333333333333333,1,14,-0.01796539251641523,-0.0007587333333333335,0.00046666666666666666,-0.01919079251641523,False
SUIUSDT,2025-05-04 00:00:00+00:00,2025-05-18 00:00:00+00:00,0.3333333333333333,1,14,0.046553482512448285,-0.0009057066666666668,0.00046666666666666666,0.045181109179114956,False
SUIUSDT,2025-12-14 00:00:00+00:00,2025-12-21 00:00:00+00:00,0.3333333333333333,1,7,-0.031294807056916674,-0.0002253966666666667,0.00046666666666666666,-0.031986870390250007,False
SUIUSDT,2026-01-11 00:00:00+00:00,2026-01-25 00:00:00+00:00,0.3333333333333333,1,14,-0.057541120713688255,-0.0002285366666666667,0.00046666666666666666,-0.05823632404702159,False
SUIUSDT,2026-05-17 00:00:00+00:00,2026-05-31 00:00:00+00:00,0.3333333333333333,1,14,-0.047987178278495336,-0.00036330000000000005,0.00046666666666666666,-0.048817144945162,False
SUSHIUSDT,2020-11-15 00:00:00+00:00,2020-12-27 00:00:00+00:00,0.3333333333333333,1,42,0.42823080591320944,-0.004256463333333334,0.00046666666666666666,0.4235076759132094,False
SUSHIUSDT,2021-01-17 00:00:00+00:00,2021-02-07 00:00:00+00:00,0.3333333333333333,1,21,0.3107332783362931,-0.01375853,0.00046666666666666666,0.29650808166962644,False
SUSHIUSDT,2021-03-14 00:00:00+00:00,2021-03-21 00:00:00+00:00,0.3333333333333333,1,7,-0.048873619230420884,-0.0025777966666666666,0.00046666666666666666,-0.051918082563754214,False
SUSHIUSDT,2022-01-02 00:00:00+00:00,2022-01-09 00:00:00+00:00,0.3333333333333333,1,7,-0.09399744572158364,-0.0007000000000000001,0.00046666666666666666,-0.09516411238825032,False
SXPUSDT,2021-03-21 00:00:00+00:00,2021-04-04 00:00:00+00:00,0.3333333333333333,1,14,-0.017980210577362356,-0.011962166666666666,0.00046666666666666666,-0.03040904391069569,False
SYNUSDT,2026-07-05 00:00:00+00:00,2026-07-19 00:00:00+00:00,0.3333333333333333,1,14,-0.1244662285098956,-0.0008582933333333335,0.00046666666666666666,-0.1257911885098956,False
TAOUSDT,2026-04-05 00:00:00+00:00,2026-04-12 00:00:00+00:00,0.3333333333333333,1,7,-0.03051643192488255,0.00080386,0.00046666666666666666,-0.030179238591549216,False
TAOUSDT,2026-05-10 00:00:00+00:00,2026-05-17 00:00:00+00:00,0.3333333333333333,1,7,-0.0371899035857437,-0.00014738000000000004,0.00046666666666666666,-0.037803950252410366,False
THETAUSDT,2021-01-03 00:00:00+00:00,2021-01-17 00:00:00+00:00,0.3333333333333333,1,14,-0.048997090797733955,0.002593763333333333,0.00046666666666666666,-0.04686999413106729,False
TIAUSDT,2023-12-03 00:00:00+00:00,2023-12-10 00:00:00+00:00,0.3333333333333333,1,7,0.01748960743374154,-0.0023673,0.00046666666666666666,0.014655640767074873,False
TIAUSDT,2023-12-17 00:00:00+00:00,2023-12-24 00:00:00+00:00,0.3333333333333333,1,7,-0.020835557724866966,-0.0013015833333333334,0.00046666666666666666,-0.02260380772486697,False
TIAUSDT,2024-01-14 00:00:00+00:00,2024-02-04 00:00:00+00:00,0.3333333333333333,1,21,-0.013464769112231045,0.008989293333333332,0.00046666666666666666,-0.004942142445564381,False
TIAUSDT,2024-09-22 00:00:00+00:00,2024-09-29 00:00:00+00:00,0.3333333333333333,1,7,-0.0012427046579233472,0.00402991,0.00046666666666666666,0.002320538675409986,False
TNSRUSDT,2025-12-07 00:00:00+00:00,2025-12-21 00:00:00+00:00,0.3333333333333333,1,14,-0.08261419859624908,0.040604249999999995,0.00046666666666666666,-0.042476615262915754,False
TOMOUSDT,2023-06-04 00:00:00+00:00,2023-07-02 00:00:00+00:00,0.3333333333333333,1,28,-0.06417955261972663,0.0023190299999999997,0.00046666666666666666,-0.0623271892863933,False
TOMOUSDT,2023-07-30 00:00:00+00:00,2023-08-06 00:00:00+00:00,0.3333333333333333,1,7,0.0027902408535904755,-0.00051986,0.00046666666666666666,0.001803714186923809,False
TRBUSDT,2023-10-15 00:00:00+00:00,2023-11-12 00:00:00+00:00,0.3333333333333333,1,28,0.23543556320549763,0.10904272999999999,0.00046666666666666666,0.34401162653883094,False
TRBUSDT,2023-12-24 00:00:00+00:00,2024-01-07 00:00:00+00:00,0.3333333333333333,1,14,-0.08113411278431189,0.06554045333333333,0.00046666666666666666,-0.016060326117645227,False
TRBUSDT,2024-06-30 00:00:00+00:00,2024-07-07 00:00:00+00:00,0.3333333333333333,1,7,-0.03559356966199504,-0.00062704,0.00046666666666666666,-0.03668727632866171,False
TRUMPUSDT,2025-04-27 00:00:00+00:00,2025-05-04 00:00:00+00:00,0.3333333333333333,1,7,-0.0917985857420582,0.0025596066666666666,0.00046666666666666666,-0.0897056457420582,False
TRUMPUSDT,2025-05-11 00:00:00+00:00,2025-05-18 00:00:00+00:00,0.3333333333333333,1,7,-0.05108804820890518,0.00040483666666666664,0.00046666666666666666,-0.05114987820890518,False
TRXUSDT,2020-09-06 00:00:00+00:00,2020-09-27 00:00:00+00:00,0.3333333333333333,1,21,-0.030444964871194413,0.012864420000000001,0.00046666666666666666,-0.01804721153786108,False
TRXUSDT,2021-03-28 00:00:00+00:00,2021-04-11 00:00:00+00:00,0.3333333333333333,1,14,0.33134171907756804,-0.012975766666666666,0.00046666666666666666,0.3178992857442347,False
TRXUSDT,2021-04-18 00:00:00+00:00,2021-04-25 00:00:00+00:00,0.3333333333333333,1,7,-0.11358231021405155,-0.0007129433333333333,0.00046666666666666666,-0.11476192021405154,False
TRXUSDT,2022-06-05 00:00:00+00:00,2022-06-19 00:00:00+00:00,0.3333333333333333,1,14,-0.08104184811911577,0.009358466666666666,0.00046666666666666666,-0.07215004811911578,False
UMAUSDT,2024-02-04 00:00:00+00:00,2024-02-11 00:00:00+00:00,0.3333333333333333,1,7,-0.0223136090168304,-0.0007485433333333333,0.00046666666666666666,-0.0235288190168304,False
UNFIUSDT,2022-07-17 00:00:00+00:00,2022-07-24 00:00:00+00:00,0.3333333333333333,1,7,-0.005368850343296519,-0.0006681566666666668,0.00046666666666666666,-0.006503673676629853,False
UNFIUSDT,2022-08-14 00:00:00+00:00,2022-08-28 00:00:00+00:00,0.3333333333333333,1,14,-0.11838516093835245,-0.00080843,0.00046666666666666666,-0.11966025760501912,False
UNIUSDT,2020-11-15 00:00:00+00:00,2020-11-22 00:00:00+00:00,0.3333333333333333,1,7,0.00306820863818739,-0.0027422766666666664,0.00046666666666666666,-0.0001407346951459434,False
UNIUSDT,2021-01-17 00:00:00+00:00,2021-01-24 00:00:00+00:00,0.3333333333333333,1,7,0.03726823777476566,-0.0029047766666666667,0.00046666666666666666,0.03389679444143233,False
UNIUSDT,2021-01-31 00:00:00+00:00,2021-02-07 00:00:00+00:00,0.3333333333333333,1,7,-0.004650204500022144,-0.009201086666666667,0.00046666666666666666,-0.014317957833355478,False
UNIUSDT,2021-03-07 00:00:00+00:00,2021-03-14 00:00:00+00:00,0.3333333333333333,1,7,0.04671503002266301,-0.006684269999999999,0.00046666666666666666,0.039564093355996345,False
UNIUSDT,2021-03-21 00:00:00+00:00,2021-03-28 00:00:00+00:00,0.3333333333333333,1,7,-0.04035052749383845,-0.0029040866666666665,0.00046666666666666666,-0.043721280827171784,False
UNIUSDT,2025-07-27 00:00:00+00:00,2025-08-03 00:00:00+00:00,0.3333333333333333,1,7,-0.0569128787878788,-0.0006552766666666667,0.00046666666666666666,-0.05803482212121213,False
UXLINKUSDT,2025-01-05 00:00:00+00:00,2025-01-12 00:00:00+00:00,0.3333333333333333,1,7,-0.07406740313800833,0.002121786666666667,0.00046666666666666666,-0.07241228313800833,False
VELVETUSDT,2026-07-05 00:00:00+00:00,2026-07-12 00:00:00+00:00,0.3333333333333333,1,7,-0.0564373897707231,-8.653000000000005e-05,0.00046666666666666666,-0.056990586437389766,False
VETUSDT,2020-04-12 00:00:00+00:00,2020-04-19 00:00:00+00:00,0.3333333333333333,1,7,0.026470854863566297,-0.0007303133333333335,0.00046666666666666666,0.025273874863566297,False
VETUSDT,2020-05-31 00:00:00+00:00,2020-08-02 00:00:00+00:00,0.3333333333333333,1,63,0.5981999357119887,-0.00254287,0.00046666666666666666,0.5951903990453221,False
VIRTUALUSDT,2025-06-08 00:00:00+00:00,2025-06-15 00:00:00+00:00,0.3333333333333333,1,7,-0.0034315336034754043,0.00061608,0.00046666666666666666,-0.0032821202701420714,False
VOXELUSDT,2025-05-04 00:00:00+00:00,2025-05-11 00:00:00+00:00,0.3333333333333333,1,7,-0.038221628158615,0.0026374899999999997,0.00046666666666666666,-0.03605080482528166,False
WAVESUSDT,2020-11-29 00:00:00+00:00,2020-12-06 00:00:00+00:00,0.3333333333333333,1,7,0.07826254220386437,-9.266666666666657e-06,0.00046666666666666666,0.07778660887053104,False
WAVESUSDT,2022-06-05 00:00:00+00:00,2022-06-26 00:00:00+00:00,0.3333333333333333,1,21,-0.09059404075790103,0.02042205,0.00046666666666666666,-0.07063865742456771,False
WAVESUSDT,2023-01-22 00:00:00+00:00,2023-02-05 00:00:00+00:00,0.3333333333333333,1,14,0.08935123042505588,-0.00196969,0.00046666666666666666,0.08691487375838922,False
WAVESUSDT,2023-07-02 00:00:00+00:00,2023-07-16 00:00:00+00:00,0.3333333333333333,1,14,0.006292219593320306,0.001972253333333334,0.00046666666666666666,0.007797806259986974,False
WIFUSDT,2024-04-07 00:00:00+00:00,2024-04-21 00:00:00+00:00,0.3333333333333333,1,14,-0.05080770991581891,-0.002107973333333333,0.00046666666666666666,-0.05338234991581891,False
WIFUSDT,2024-05-05 00:00:00+00:00,2024-05-12 00:00:00+00:00,0.3333333333333333,1,7,-0.03798040545188337,-0.0006727566666666666,0.00046666666666666666,-0.039119828785216706,False
WIFUSDT,2024-07-21 00:00:00+00:00,2024-07-28 00:00:00+00:00,0.3333333333333333,1,7,-0.01949487675144353,-0.00059616,0.00046666666666666666,-0.020557703418110196,False
WIFUSDT,2024-09-29 00:00:00+00:00,2024-10-20 00:00:00+00:00,0.3333333333333333,1,21,0.03866672297059533,-0.001809036666666667,0.00046666666666666666,0.036391019637262,False
WIFUSDT,2025-04-27 00:00:00+00:00,2025-05-04 00:00:00+00:00,0.3333333333333333,1,7,-0.04249871991807478,0.00018180666666666666,0.00046666666666666666,-0.04278357991807478,False
WLDUSDT,2023-12-03 00:00:00+00:00,2023-12-10 00:00:00+00:00,0.3333333333333333,1,7,-0.008787369134691914,-0.0014149899999999999,0.00046666666666666666,-0.01066902580135858,False
WLDUSDT,2023-12-31 00:00:00+00:00,2024-01-07 00:00:00+00:00,0.3333333333333333,1,7,-0.08098482783683114,-0.002274666666666666,0.00046666666666666666,-0.08372616117016447,False
WLDUSDT,2024-03-03 00:00:00+00:00,2024-03-17 00:00:00+00:00,0.3333333333333333,1,14,0.03325214582492153,-0.010784403333333333,0.00046666666666666666,0.022001075824921536,False
WLDUSDT,2024-10-20 00:00:00+00:00,2024-11-03 00:00:00+00:00,0.3333333333333333,1,14,-0.08789777813949698,-0.0011837700000000002,0.00046666666666666666,-0.08954821480616365,False
WLDUSDT,2026-06-07 00:00:00+00:00,2026-06-28 00:00:00+00:00,0.3333333333333333,1,21,0.02844251067601311,0.0011479333333333337,0.00046666666666666666,0.029123777342679777,False
XLMUSDT,2020-04-26 00:00:00+00:00,2020-05-17 00:00:00+00:00,0.3333333333333333,1,21,0.033900134952766336,-0.0007136900000000001,0.00046666666666666666,0.03271977828609967,False
XLMUSDT,2020-07-19 00:00:00+00:00,2020-08-02 00:00:00+00:00,0.3333333333333333,1,14,0.022530558308556287,-0.007861476666666667,0.00046666666666666666,0.014202414975222953,False
XLMUSDT,2020-12-06 00:00:00+00:00,2020-12-20 00:00:00+00:00,0.3333333333333333,1,14,0.01901214449229808,-0.0030892,0.00046666666666666666,0.015456277825631411,False
XLMUSDT,2021-01-24 00:00:00+00:00,2021-01-31 00:00:00+00:00,0.3333333333333333,1,7,0.0723650940487203,-0.006087223333333333,0.00046666666666666666,0.06581120404872029,False
XLMUSDT,2024-12-08 00:00:00+00:00,2024-12-15 00:00:00+00:00,0.3333333333333333,1,7,-0.05299619897537592,-0.00118242,0.00046666666666666666,-0.05464528564204259,False
XLMUSDT,2026-06-07 00:00:00+00:00,2026-06-21 00:00:00+00:00,0.3333333333333333,1,14,0.0064477574385102265,0.0013930800000000003,0.00046666666666666666,0.007374170771843561,False
XMRUSDT,2020-04-05 00:00:00+00:00,2020-04-19 00:00:00+00:00,0.3333333333333333,1,14,0.024885760158083414,0.00018259333333333342,0.00046666666666666666,0.024601686824750082,False
XMRUSDT,2026-03-01 00:00:00+00:00,2026-03-08 00:00:00+00:00,0.3333333333333333,1,7,0.007924950716712878,-0.0007000000000000001,0.00046666666666666666,0.006758284050046212,False
XPLUSDT,2025-10-05 00:00:00+00:00,2025-10-12 00:00:00+00:00,0.3333333333333333,1,7,-0.18092928359702815,-0.0008771433333333334,0.00046666666666666666,-0.18227309359702815,False
XRPUSDT,2020-08-02 00:00:00+00:00,2020-08-16 00:00:00+00:00,0.3333333333333333,1,14,0.009386446886446926,-0.007755066666666668,0.00046666666666666666,0.001164713553113591,False
XRPUSDT,2020-11-29 00:00:00+00:00,2020-12-13 00:00:00+00:00,0.3333333333333333,1,14,-0.06350221085717334,0.0024689833333333333,0.00046666666666666666,-0.06149989419050667,False
XRPUSDT,2021-04-11 00:00:00+00:00,2021-05-02 00:00:00+00:00,0.3333333333333333,1,21,0.06709783688200965,-0.018155976666666664,0.00046666666666666666,0.04847519354867632,False
XRPUSDT,2021-08-15 00:00:00+00:00,2021-08-22 00:00:00+00:00,0.3333333333333333,1,7,-0.016530001301574854,-0.002135203333333333,0.00046666666666666666,-0.019131871301574854,False
XRPUSDT,2022-02-20 00:00:00+00:00,2022-02-27 00:00:00+00:00,0.3333333333333333,1,7,-0.016514505984986827,0.0002061766666666666,0.00046666666666666666,-0.01677499598498683,False
XRPUSDT,2022-09-18 00:00:00+00:00,2022-10-16 00:00:00+00:00,0.3333333333333333,1,28,0.09350350084197445,0.0006701699999999998,0.00046666666666666666,0.09370700417530778,False
XRPUSDT,2023-03-26 00:00:00+00:00,2023-04-02 00:00:00+00:00,0.3333333333333333,1,7,0.050071530758226304,-0.0003182833333333333,0.00046666666666666666,0.049286580758226305,False
XRPUSDT,2023-04-09 00:00:00+00:00,2023-04-16 00:00:00+00:00,0.3333333333333333,1,7,0.009978852762357732,-0.00026971000000000005,0.00046666666666666666,0.009242476095691066,False
XRPUSDT,2023-06-11 00:00:00+00:00,2023-06-25 00:00:00+00:00,0.3333333333333333,1,14,-0.013293846660085446,0.0004074766666666667,0.00046666666666666666,-0.013353036660085447,False
XRPUSDT,2023-07-16 00:00:00+00:00,2023-08-06 00:00:00+00:00,0.3333333333333333,1,21,-0.04007464427338473,-0.0016994066666666666,0.00046666666666666666,-0.04224071760671806,False
XRPUSDT,2024-07-14 00:00:00+00:00,2024-08-11 00:00:00+00:00,0.3333333333333333,1,28,0.03698065334601952,-0.0016273433333333334,0.00046666666666666666,0.03488664334601952,False
XRPUSDT,2024-11-17 00:00:00+00:00,2024-12-29 00:00:00+00:00,0.3333333333333333,1,42,0.3154470095373925,-0.00589312,0.00046666666666666666,0.3090872228707259,False
XRPUSDT,2025-01-12 00:00:00+00:00,2025-02-02 00:00:00+00:00,0.3333333333333333,1,21,0.03889600558984522,-0.00148171,0.00046666666666666666,0.03694762892317856,False
XRPUSDT,2025-03-23 00:00:00+00:00,2025-03-30 00:00:00+00:00,0.3333333333333333,1,7,-0.033223619433426145,0.00013764999999999998,0.00046666666666666666,-0.033552636100092806,False
XRPUSDT,2025-07-06 00:00:00+00:00,2025-07-13 00:00:00+00:00,0.3333333333333333,1,7,0.0786746679901938,-0.0005915166666666668,0.00046666666666666666,0.07761648465686047,False
XRPUSDT,2025-07-20 00:00:00+00:00,2025-07-27 00:00:00+00:00,0.3333333333333333,1,7,-0.025295142437248654,-0.0007331100000000001,0.00046666666666666666,-0.02649491910391532,False
XTZUSDT,2020-04-19 00:00:00+00:00,2020-05-10 00:00:00+00:00,0.3333333333333333,1,21,0.07117233462476694,-0.0016845800000000008,0.00046666666666666666,0.06902108795810026,False
YFIUSDT,2020-11-22 00:00:00+00:00,2020-11-29 00:00:00+00:00,0.3333333333333333,1,7,-0.01629817901385418,-0.00427541,0.00046666666666666666,-0.02104025568052085,False
ZECUSDT,2020-05-31 00:00:00+00:00,2020-06-14 00:00:00+00:00,0.3333333333333333,1,14,-0.010921959851119729,-0.002696513333333333,0.00046666666666666666,-0.014085139851119729,False
ZECUSDT,2025-11-02 00:00:00+00:00,2025-11-30 00:00:00+00:00,0.3333333333333333,1,28,0.039226635589653704,0.01681082,0.00046666666666666666,0.055570788922987044,False
ZECUSDT,2025-12-28 00:00:00+00:00,2026-01-11 00:00:00+00:00,0.3333333333333333,1,14,-0.09063125928797562,0.0025163833333333337,0.00046666666666666666,-0.08858154262130896,False
ZECUSDT,2026-03-29 00:00:00+00:00,2026-05-03 00:00:00+00:00,0.3333333333333333,1,35,0.2720301127666884,0.00079173,0.00046666666666666666,0.27235517610002175,False
ZECUSDT,2026-05-10 00:00:00+00:00,2026-05-31 00:00:00+00:00,0.3333333333333333,1,21,-0.037068820461046495,0.0003668033333333333,0.00046666666666666666,-0.03716868379437983,False
ZECUSDT,2026-06-28 00:00:00+00:00,2026-07-05 00:00:00+00:00,0.3333333333333333,1,7,0.056902144150975234,-0.00039637,0.00046666666666666666,0.05603910748430857,False
ZECUSDT,2026-07-12 00:00:00+00:00,2026-07-26 00:00:00+00:00,0.3333333333333333,1,14,-0.01533117032084689,-0.0007548233333333333,0.00046666666666666666,-0.01655266032084689,False
ZECUSDT,2026-08-23 00:00:00+00:00,2026-09-15 00:00:00+00:00,0.3333333333333333,1,23,0.15009809789837725,-0.0010922966666666667,0.00046666666666666666,0.14853913456504392,False
ZILUSDT,2021-01-03 00:00:00+00:00,2021-01-10 00:00:00+00:00,0.3333333333333333,1,7,0.017849730178497298,-0.009277716666666666,0.00046666666666666666,0.008105346845163964,False
ZILUSDT,2022-04-10 00:00:00+00:00,2022-04-24 00:00:00+00:00,0.3333333333333333,1,14,-0.027071210861734696,-0.0013016133333333335,0.00046666666666666666,-0.028839490861734696,False
ZROUSDT,2024-09-01 00:00:00+00:00,2024-09-08 00:00:00+00:00,0.3333333333333333,1,7,-0.0634411256479882,0.00040432,0.00046666666666666666,-0.06350347231465488,False
