symbol,entscheid,typ,sicherheit,grund,quelle,pruefdatum,first_month,binance_spot_usdt,sensitivitaet_ohne
CHIPUSDT,zugelassen,KRYPTO_EINZEL,auffang,Auffangregel M2: Spot-Paar vorhanden,"Binance-Spot-USDT-Paar vorhanden (data.binance.vision Spot-Listing 2026-10-01), Ankuendigung nicht widersprechend",2026-10-01,2026-04,ja,ja
GENIUSUSDT,zugelassen,KRYPTO_EINZEL,auffang,Auffangregel M2: Spot-Paar vorhanden,"Binance-Spot-USDT-Paar vorhanden (data.binance.vision Spot-Listing 2026-10-01), Ankuendigung nicht widersprechend",2026-10-01,2026-04,ja,ja
GRAMUSDT,zugelassen,KRYPTO_EINZEL,auffang,Auffangregel M2: Spot-Paar vorhanden,"Binance-Spot-USDT-Paar vorhanden (data.binance.vision Spot-Listing 2026-10-01), Ankuendigung nicht widersprechend",2026-10-01,2026-07,ja,ja
KATUSDT,zugelassen,KRYPTO_EINZEL,auffang,Auffangregel M2: Spot-Paar vorhanden,"Binance-Spot-USDT-Paar vorhanden (data.binance.vision Spot-Listing 2026-10-01), Ankuendigung nicht widersprechend",2026-10-01,2026-03,ja,ja
MARSCOINUSDT,zugelassen,KRYPTO_EINZEL,auffang,Auffangregel M2: Spot-Paar vorhanden,"Binance-Spot-USDT-Paar vorhanden (data.binance.vision Spot-Listing 2026-10-01), Ankuendigung nicht widersprechend",2026-10-01,nach 2026-08 (nur Snapshot),ja,ja
OUSDT,zugelassen,KRYPTO_EINZEL,wahrscheinlich,"Token des O1-Exchange-Oekosystems; Bezug zu Stablecoin-Wrapper, Peg nicht belegt",Binance Futures OUSDT 2026-06-24 (gate.com/news/detail/...22078664),2026-10-01,2026-06,nein,ja
OPGUSDT,zugelassen,KRYPTO_EINZEL,auffang,Auffangregel M2: Spot-Paar vorhanden,"Binance-Spot-USDT-Paar vorhanden (data.binance.vision Spot-Listing 2026-10-01), Ankuendigung nicht widersprechend",2026-10-01,2026-04,ja,ja
OPNUSDT,zugelassen,KRYPTO_EINZEL,auffang,Auffangregel M2: Spot-Paar vorhanden,"Binance-Spot-USDT-Paar vorhanden (data.binance.vision Spot-Listing 2026-10-01), Ankuendigung nicht widersprechend",2026-10-01,2026-02,ja,ja
PONSUSDT,zugelassen,KRYPTO_EINZEL,wahrscheinlich,"Standard-Perpetual zusammen mit Meme-Token gelistet, Underlying im Auszug nicht genannt","Binance-Ankuendigung Perpetual PONSUSDT 2026-09-06, Underlying Krypto-Token",2026-10-01,nach 2026-08 (nur Snapshot),nein,ja
REUSDT,zugelassen,KRYPTO_EINZEL,auffang,Auffangregel M2: Spot-Paar vorhanden,"Binance-Spot-USDT-Paar vorhanden (data.binance.vision Spot-Listing 2026-10-01), Ankuendigung nicht widersprechend",2026-10-01,2026-06,ja,ja
ROBOUSDT,zugelassen,KRYPTO_EINZEL,auffang,Auffangregel M2: Spot-Paar vorhanden,"Binance-Spot-USDT-Paar vorhanden (data.binance.vision Spot-Listing 2026-10-01), Ankuendigung nicht widersprechend",2026-10-01,2026-02,ja,ja
