coin,event,mech,t4,b,e,t_entry,entry,stop,R,entry_to_stop_atr4,entry_to_stop_atr1,tight,valid_stop,q0,q1,entry_to_q0_atr4,entry_to_q1_atr4,q0_above,q1_above,episode,flow_flag,gap_in_window,ctx_low,atr4,bullish_harami,hikkake,baseline_entry,baseline_entry_to_stop_atr4,rr_geo_q0,pbe_geo_q0,rr_geo_q1,pbe_geo_q1,cost_R
DOT,0,M3,199,811,812,2020-09-21 19:00:00+00:00,4.08,3.887548113751775,0.19245188624822518,1.0238517076829075,1.4825939914259396,False,True,4.75733389248238,4.877056193197479,3.60344331255413,4.24037072555324,True,True,1,True,False,4.5714,0.18796851614748547,False,False,4.6466,0.9000669981402442,2.753011482547636,0.26645268863424193,3.2671856042914573,0.23434649737154906,0.20988102942208756
DOT,1,M1,272,1089,1090,2020-10-03 09:00:00+00:00,4.0522,4.012114064797171,0.040085935202829326,0.29390027910076466,0.7064380076055059,True,True,4.231855640228924,4.556277731381512,1.3171912427174814,3.695774719783766,True,True,1,False,False,4.0348,0.13639298106649886,False,False,4.0604,0.6876929428466597,1.7903516092415048,0.35837777457437625,5.835377894600284,0.14629769054757982,1.0007694668220812
DOT,2,M1,308,1234,1235,2020-10-09 10:00:00+00:00,4.0637,4.019899223993269,0.043800776006730935,0.3141475640016576,0.7156626563819816,True,True,3.962342871100053,4.435201270013832,-0.7269527629653695,2.664478341215529,False,True,1,False,False,4.0087,0.13942739344781238,False,False,4.0724,0.9568686140133776,,,3.9905834728859797,0.200377371790901,0.918491261292213
DOT,2,M3,308,1245,1246,2020-10-09 21:00:00+00:00,4.3264,4.141303426317156,0.18509657368284316,1.3275481173799948,2.6753358364038733,False,True,4.036908665681381,4.43053072003621,-2.0762873575986016,0.7468454904106545,False,True,1,True,False,4.0087,0.13942739344781238,False,False,4.0724,0.9568686140133776,,,0.2879232877508009,0.7764437598968931,0.23140006942208508
DOT,3,M1,350,1404,1405,2020-10-16 12:00:00+00:00,3.9621,3.8309897356510345,0.13111026434896544,1.037522056100612,1.9383236956462089,False,True,4.137165058973242,3.9326082239905285,1.3853519466168784,-0.2333788909308001,True,False,2,False,False,3.8,0.12636865267397385,False,False,3.9396,1.6047043475264602,0.8207492550936037,0.5492244454871906,,,0.2991740592910299
DOT,4,M3,381,1526,1527,2020-10-21 14:00:00+00:00,4.0843,3.9816979677044535,0.10260203229554632,1.116820320446021,2.119520709205695,False,True,4.003659669162145,4.01728230206762,-0.8777677996453814,-0.7294858123745411,False,False,3,True,False,3.9559,0.0918697756632602,False,False,4.013,1.1215319411390974,,,,,0.3940913166663965
DOT,5,M1,434,1738,1739,2020-10-30 10:00:00+00:00,4.0285,3.8970020543027792,0.13149794569722095,0.8399660742444713,1.501258925328221,True,True,4.294319145913001,4.024772032939419,1.697966179377964,-0.023813040121549674,True,False,4,False,False,3.9153,0.15655149622024925,False,False,3.9973,1.0237893088203773,1.3418448331320976,0.427013773864151,,,0.3032910498224069
DOT,5,M2,434,1738,1740,2020-10-30 11:00:00+00:00,4.0389,3.8970020543027792,0.1418979456972207,0.906397889021688,1.6369334292819837,True,True,4.294319145913001,4.025604683828382,1.6315343646007472,-0.08492615204975833,True,False,4,False,False,3.9153,0.15655149622024925,False,False,3.9973,1.0237893088203773,1.2066705998075793,0.45317139770983467,,,0.2817878004049439
DOT,6,M1,469,1877,1878,2020-11-05 05:00:00+00:00,4.1318,4.091376969527305,0.04042303047269513,0.38371737414406043,0.7942885651230441,True,True,4.055209009485801,4.048749296596536,-0.7270433072318246,-0.7883624126677163,False,False,5,False,False,4.0729,0.10534584357266806,True,False,4.1147,0.8967883172454372,,,,,1.0119186889669318
DOT,6,M3,469,1889,1890,2020-11-05 17:00:00+00:00,4.2768,4.076748936987815,0.200051063012185,1.8989934128173631,3.413592973523522,False,True,4.074642629960383,4.064206579275561,-1.918987623846472,-2.018052288677061,False,False,5,True,False,4.0729,0.10534584357266806,False,False,4.1147,0.8967883172454372,,,,,0.21164756318950959
DOT,7,M1,677,2725,2726,2020-12-10 14:00:00+00:00,4.8371,4.685836708837206,0.15126329116279447,1.2217010967302846,2.6699883774216158,False,True,4.894595047847341,4.906618480957605,0.4643675439803815,0.5614766396793781,True,True,8,False,False,4.8367,0.12381366568928351,False,False,4.9075,1.0718270241483308,0.07253234092012385,0.9323728169745459,0.13290591874280533,0.8826858289430669,0.31658236199860373
DOT,7,M2,677,2722,2724,2020-12-10 12:00:00+00:00,4.8082,4.68567426219813,0.12252573780186982,0.9895978535144432,2.1323701135754103,True,True,4.894595047847341,4.907850834419511,0.6977828123121189,0.8048451991526485,True,True,8,False,False,4.8367,0.12381366568928351,False,False,4.9075,1.0718270241483308,0.25629141120466203,0.7959936612486245,0.3342084553940348,0.7495080667171067,0.388499435742827
DOT,7,M3,677,2727,2728,2020-12-10 16:00:00+00:00,4.8226,4.684879100987183,0.1377208990128178,1.1123238961233504,2.2769958799420134,False,True,4.887462186147594,4.904482790294678,0.5238693627759058,0.6613388743385308,True,True,8,True,False,4.8367,0.12381366568928351,True,False,4.9075,1.0718270241483308,0.11830312378888354,0.894211934785566,0.2100758964191833,0.8263944459675356,0.346670260956955
DOT,8,M2,691,2799,2801,2020-12-13 17:00:00+00:00,4.9836,4.844138281128244,0.13946171887175574,1.2135766907729182,2.584301548663843,False,True,4.78753240598279,4.84679724600049,-1.7061532285717624,-1.1904387442694162,False,False,8,False,False,4.607,0.1149179280816061,False,False,4.7659,1.8827259388731872,,,,,0.35377191962884963
DOT,9,M1,762,3045,3046,2020-12-24 01:00:00+00:00,4.6941,4.604895823020545,0.08920417697945471,0.4908275356257021,0.8954740509297278,True,True,5.023444959497647,4.742539626456702,1.812152528218585,0.2665290268397278,True,True,9,False,True,4.5859,0.18174240543725426,False,False,4.7149,1.209795821672101,2.1195197631806537,0.32056216210036215,0.049103363150410514,0.9531949235173974,0.5209575557286203
DOT,11,M1,1453,5811,5812,2021-04-18 10:00:00+00:00,35.4577,33.68220069703179,1.775499302968214,0.697617106634462,1.017596366435273,True,True,41.466557679423005,36.659552783908445,2.3609594785475325,0.4722238191302693,True,True,16,True,False,32.0,2.5450914062784613,False,False,35.8001,1.993109438280122,2.6772642391719192,0.2719412952018888,0.4167724094096937,0.7058296684480577,0.19770845835487458
DOT,11,M3,1453,5809,5810,2021-04-18 08:00:00+00:00,36.4845,34.24427462495994,2.2402253750400547,0.8802141131409522,1.2777182788215935,True,True,41.466557679423005,37.04031055835768,1.9575162083109543,0.2183853031708649,True,True,16,True,False,32.0,2.5450914062784613,False,False,35.8001,1.993109438280122,1.7903076715828392,0.35838341778013916,0.08883545807515499,0.9184124126227499,0.16123223762410147
DOT,12,M1,1468,5864,5865,2021-04-20 17:00:00+00:00,34.8118,33.41552953639813,1.3962704636018657,0.6195866214706621,1.3365508912699844,True,True,36.65097147677313,33.43444839414145,0.816121282591278,-0.6111914921194139,True,False,17,False,True,33.5128,2.253551666896313,False,False,34.2292,0.817898191784818,0.878476683496307,0.5323462403263659,,,0.2468266922376653
DOT,12,M2,1468,6027,6029,2021-04-27 16:00:00+00:00,34.053,32.989503742374275,1.0634962576257223,0.4719200687732243,1.5719228788423738,True,True,32.557658552081804,32.322307942568244,-0.6635487749777845,-0.7679841926213015,False,False,17,False,True,33.5128,2.253551666896313,True,False,34.2292,0.817898191784818,,,,,0.316996602087381
DOT,13,M1,1642,6557,6558,2021-05-19 17:00:00+00:00,28.921,24.254340934740753,4.666659065259246,1.052770701716278,1.2576439017375123,False,True,38.57865216486778,26.07011836868952,2.1787092445277585,-0.6431420452048917,True,False,18,False,False,18.0,4.432740251653501,False,False,26.989,2.5278652683623686,1.8979000570368614,0.34507746310012927,,,0.06135393565205609
DOT,14,M1,1670,6669,6670,2021-05-24 09:00:00+00:00,20.197,19.424872825540096,0.7721271744599036,0.26208130854002515,0.6389090751603127,True,True,22.157016814723722,20.38265836281006,0.6652838917663566,0.06301758088062978,True,True,19,False,False,17.501,2.9461359864279832,False,False,20.131,1.392694706597274,1.8314008517817528,0.35318206511477057,0.00607468330992894,0.9939619956542951,0.25896031976838985
DOT,15,M1,1708,6821,6822,2021-05-30 17:00:00+00:00,20.752,19.685007014689898,1.066992985310101,0.5882420515494096,1.4986447126710682,True,True,21.35021424671834,21.279010259870137,0.32980045848512385,0.29054511203135924,True,True,19,False,False,19.835,1.8138672379842238,False,False,20.127,0.6609820133939367,0.3249836270914923,0.7547263072186992,0.2690249093685266,0.7880065967322936,0.1925455957335009
DOT,16,M1,1759,7037,7038,2021-06-08 17:00:00+00:00,20.765,19.886752647615392,0.8782473523846086,0.7240428192687407,1.267331564229211,True,True,23.184780702196285,22.13590678383289,1.9949104735393854,1.130200062688402,True,True,19,False,False,20.485,1.2129770905975,False,False,21.058,0.9723914445224564,2.062123271829406,0.32657078478835033,1.0943674697005985,0.477471128857323,0.23407243920727897
DOT,17,M1,1787,7157,7158,2021-06-13 17:00:00+00:00,20.792,20.007365662670466,0.7846343373295355,0.7486983358172059,2.051131317577492,True,True,21.17512008713458,20.715695821112394,0.365573309768793,-0.07280947191718003,True,False,20,False,False,20.54,1.0479979716705332,False,False,20.84,0.7862600960207906,0.19997603137076966,0.8333499785472124,,,0.26233978071947384
DOT,17,M3,1787,7180,7181,2021-06-14 16:00:00+00:00,23.04,21.604114071976277,1.4358859280237226,1.37012281210324,3.455438949575115,False,True,21.52216852584534,21.09781052366063,-1.448315278449632,-1.853237819958252,False,False,20,True,False,20.54,1.0479979716705332,False,False,20.84,0.7862600960207906,,,,,0.15885384454873738
DOT,19,M1,1874,7499,7500,2021-06-27 23:00:00+00:00,14.845,14.050397495027443,0.7946025049725574,0.9779711126455345,3.0280951364013013,True,True,14.87596361152248,16.584969577276315,0.03810901352898255,2.141498387948155,True,True,21,False,False,14.514,0.8125009979313785,False,False,14.732,0.7683073627663562,-0.10743450068746713,,1.7076292618111808,0.36932678121933227,0.1849547403642726
DOT,20,M1,2000,7998,7999,2021-07-18 18:00:00+00:00,12.517,12.245507475648127,0.27149252435187243,0.5396437176981607,1.245549401413159,True,True,12.73174669210053,15.707006939139902,0.42685043930828515,6.340753610914349,True,True,21,False,False,12.489,0.5030958676030146,False,False,12.565,0.6510646477024326,0.2613620713846811,0.7927937764152314,7.785840572741326,0.11381950215470206,0.45643356219780695
DOT,22,M1,2420,9665,9666,2021-09-26 09:00:00+00:00,27.34,26.571206226724367,0.7687937732756325,0.46642413504571084,1.0180338047394386,True,True,30.21551373773954,28.136426774915734,1.7445627872643619,0.4831889676142493,True,True,23,False,False,26.9,1.6482718528283031,False,False,27.35,0.7730132163743729,2.532265129842176,0.2831044565572236,0.5321040689941817,0.6526971765413394,0.35206580673352983
DOT,22,M3,2420,9668,9669,2021-09-26 12:00:00+00:00,29.17,26.53678665456029,2.63321334543971,1.5975600996409214,2.949211370239208,False,True,30.115941000811965,28.432030823510278,0.573898655849036,-0.4477229743524574,True,False,23,True,False,26.9,1.6482718528283031,False,False,27.35,0.7730132163743729,0.23488325092640824,0.8097931519030652,,,0.10966942746972036
DOT,24,M1,2750,10993,10994,2021-11-20 19:00:00+00:00,41.64,39.66921027184122,1.9707897281587776,1.2648234686126287,3.064234498569279,False,True,41.14524624878998,41.537193994330714,-0.3175255821427494,-0.06597936189078846,False,False,25,False,False,40.99,1.5581539851727417,False,False,41.39,0.7567140371274993,,,,,0.2091730000973437
DOT,25,M1,2773,11077,11078,2021-11-24 07:00:00+00:00,39.51,39.040340330702,0.46965966929799663,0.35302937834612097,0.8407217195535714,True,True,40.33067077761378,41.27961996279487,0.6168741184033746,1.3301713479212374,True,True,25,False,False,39.3,1.330369929829261,False,False,39.55,0.6879176568821608,0.544873436272764,0.6473022168163161,1.647266127037564,0.377748194556871,0.8328349772605618
DOT,28,M1,2869,11468,11469,2021-12-10 14:00:00+00:00,28.19,25.976515786247198,2.2134842137528032,1.7124249624552461,3.8566685418896123,False,True,28.280475722940928,35.323699574701756,0.06999502661803467,5.5188671102670455,True,True,25,False,False,26.74,1.2926021649317392,False,False,27.32,0.9487072788019271,-0.06435750453949111,,2.7613354052787273,0.2658630226372744,0.12608221837138756
DOT,29,M1,2905,11603,11604,2021-12-16 05:00:00+00:00,26.99,26.533834564791004,0.45616543520899455,0.3796873919676111,0.7802211147880931,True,True,26.63361622762504,33.8665457245729,-0.2966345422700243,5.723664070937109,False,True,25,False,False,26.81,1.2014237102924592,False,False,26.9,0.5749111235519828,,,9.17423646102067,0.09828747383955345,0.5857545955396213
DOT,30,M1,2922,11673,11674,2021-12-19 03:00:00+00:00,25.34,24.736623197235183,0.6033768027648172,0.6761346839766836,1.6154354853113717,True,True,25.618531588593846,33.169553961635344,0.31211817684815596,8.773676696338162,True,True,25,False,False,25.26,0.8923914377769512,False,False,25.48,0.7465285867691017,0.06204979242703635,0.9415754394290329,8.901483204803565,0.10099497007830747,0.4157700442749403
DOT,32,M1,3031,12247,12248,2022-01-12 01:00:00+00:00,25.56,25.288327882266625,0.27167211773337385,0.2242622948630325,0.6680103744022571,True,True,24.73202322741598,24.91725463836287,-0.6834855658438034,-0.5305791076976788,False,False,27,False,False,25.56,1.211403450139921,False,False,25.6,0.5330195526481137,,,,,0.931431617315782
DOT,34,M1,3145,12564,12565,2022-01-25 06:00:00+00:00,17.66,17.401710928632752,0.25828907136724766,0.23610057698993808,0.5458853222487169,True,True,18.632176452855933,23.076099093378627,0.8886609884045714,4.950825500329417,True,True,27,False,False,17.64,1.093978992597952,False,False,17.88,0.7193826404564259,1.8816879236730564,0.34701883982127396,12.141872463126196,0.07609265748133119,0.6768927507250693
DOT,34,M3,3145,12577,12578,2022-01-25 19:00:00+00:00,19.03,17.806869838599905,1.2231301614000962,1.1180563517910336,2.7029267576892804,False,True,18.510463048281917,22.92358267025901,-0.47490578451081766,3.5591018626533515,False,True,27,True,False,17.64,1.093978992597952,False,False,17.88,0.7193826404564259,,,2.6384300437867254,0.2748438166916745,0.15402857843383172
DOT,35,M1,3161,12628,12629,2022-01-27 22:00:00+00:00,17.76,17.159405328557025,0.6005946714429768,0.6843183163204369,1.4926105499122537,True,True,18.297213451680758,22.45824160327976,0.6121016756202932,5.353182331602304,True,True,27,False,False,17.71,0.8776539471752851,False,False,17.91,0.7278802489793327,0.4883311873168966,0.6718934659984916,5.8475894131214305,0.14603679333982678,0.29274985004040865
DOT,38,M1,3290,13325,13326,2022-02-25 23:00:00+00:00,17.14,16.012885154895017,1.127114845104984,1.9593897537712504,3.234565944950717,False,True,16.177513009665265,16.731136465125733,-1.6731987473950356,-0.710773196185447,False,False,30,False,False,18.25,0.5752376947647188,False,False,18.41,0.7781458890058335,,,,,0.1505489886296323
DOT,40,M1,3593,14456,14457,2022-04-14 02:00:00+00:00,18.46,18.065477183824328,0.3945228161756731,0.7752676027959413,1.8089803675241107,True,True,18.18649849019958,18.894425609736604,-0.5374514506396202,0.8536796536089137,False,True,32,False,False,19.4,0.5088859830500562,False,False,19.53,0.7554599740021047,,,0.46794120631097513,0.6812261933249086,0.4632279617476503
DOT,41,M3,3649,14593,14594,2022-04-19 19:00:00+00:00,18.71,18.323883894104945,0.38611610589505574,0.9230489532850285,2.093173840250781,True,True,18.137727446648434,18.609491803969014,-1.3680744555848343,-0.24027483890605716,False,False,32,True,False,18.07,0.4183051229524843,False,False,18.17,0.7390599457500774,,,,,0.47972357840556956
DOT,42,M1,3690,14747,14748,2022-04-26 05:00:00+00:00,18.01,17.866106951314194,0.14389304868580766,0.3349004818983162,0.6674935459890828,True,True,18.172812355421012,18.58094904411843,0.3789337760752743,1.328841884726181,True,True,32,False,False,17.92,0.4296591270044724,False,False,18.11,0.9422110181265132,0.007831836419623383,0.9922290245886194,1.2745815602634327,0.4396413025893801,1.239107807002673
DOT,43,M3,3733,14958,14959,2022-05-05 00:00:00+00:00,16.34,15.009574345851002,1.330425654148998,2.867751452536557,5.50439077940476,False,True,15.391030921854448,17.6297232424065,-2.0455163682219606,2.7800168241247536,False,True,32,True,False,14.88,0.46392641627719244,False,False,15.15,1.081988846780126,,,0.7668567500862319,0.5659768399170984,0.12158965778773488
DOT,44,M1,3778,15160,15161,2022-05-13 10:00:00+00:00,10.58,9.861463764364464,0.7185362356355363,1.0450641828647191,1.5154358323070527,False,True,9.96279045657721,14.139890878338317,-0.8976911047261651,5.177629557634806,False,True,32,False,False,11.29,0.6875522550834076,False,False,11.69,1.0817739626953529,,,4.209669013857654,0.19195077409716677,0.1457713540464066
DOT,45,M1,3834,15326,15327,2022-05-20 08:00:00+00:00,9.91,9.579645447009215,0.3303545529907854,0.5934538936958097,1.3683911843453531,True,True,10.202148887466846,13.278021300284795,0.5248206608217524,6.050364181783162,True,True,32,False,False,9.82,0.5566642269940473,False,False,10.04,0.8952113129093741,0.4760028852937978,0.6775054506759656,7.654845499438155,0.11554221274832888,0.2969809228048888
DOT,46,M1,3874,15489,15490,2022-05-27 03:00:00+00:00,8.88,8.637308493724243,0.24269150627575797,0.6303004369395613,1.151473564855261,True,True,9.735848915062036,12.80893064358719,2.2227475258442286,10.203928185869113,True,True,32,True,False,8.82,0.38504099323515045,False,False,9.38,1.9543905969461288,2.349693515997039,0.2985347749650311,11.64506295458334,0.07908224764017796,0.3622376462574264
DOT,47,M1,3946,15770,15771,2022-06-07 20:00:00+00:00,9.34,9.01741104038674,0.3225889596132596,1.1966706531935303,2.474679795254954,False,True,9.400324465509291,9.475508782459839,0.22377863653826924,0.5026811314748109,True,True,33,False,False,8.93,0.2695720487106232,False,False,9.12,1.2048208481138096,-0.05493618125164646,,0.12620685826438066,0.8879363437202997,0.2866372119828719
DOT,48,M1,3987,15931,15932,2022-06-14 13:00:00+00:00,7.26,7.017562326791532,0.24243767320846743,0.5779621219947225,0.9707187213680031,True,True,7.573319871445555,7.701478063505894,0.746942566174828,1.0524667846427576,True,True,34,False,False,7.14,0.4194698302576326,False,False,7.21,0.666877317391354,0.7912715073760601,0.5582626619595192,1.1990138948989608,0.45474928663238273,0.2964638253156181
DOT,50,M1,4079,16302,16303,2022-06-30 00:00:00+00:00,7.04,6.917442688335021,0.12255731166497874,0.47664896802598966,0.9410890011905618,True,True,7.510056155502346,7.600337158028254,1.8281388388064728,2.179259029856018,True,True,34,False,False,7.02,0.2571227882282884,False,False,7.15,1.0055950151123108,2.1190800406719785,0.320607354399459,2.588674045290387,0.2786544521401587,0.5686808812396291
DOT,51,M1,4090,16435,16436,2022-07-05 13:00:00+00:00,6.66,6.5704610244823165,0.08953897551768364,0.33462896968163497,0.7578036640444946,True,True,6.913907035890244,7.488857689909711,0.9489124632444548,3.097643156888801,True,True,34,False,False,6.65,0.26757687955968296,False,False,6.71,0.7242346203406451,1.2518769595948578,0.444073996023261,4.94995150988268,0.16806859658251533,0.736372061650161
DOT,53,M1,4245,16969,16970,2022-07-27 19:00:00+00:00,7.16,6.682000970433204,0.47799902956679574,2.4081526971219285,4.267996399897173,False,True,6.902067720953937,6.764999514260552,-1.2994593608746732,-1.990007147001959,False,False,35,False,False,6.71,0.19849199352602095,False,False,6.73,0.6007597316381365,,,,,0.14829318809337594
DOT,53,M3,4245,16974,16975,2022-07-28 00:00:00+00:00,7.69,6.688576046838846,1.0014239531611544,5.0451604388258335,7.967043070818317,False,True,7.005275390622157,6.886102893145683,-3.449633394346864,-4.050022837565647,False,False,35,True,False,6.71,0.19849199352602095,False,False,6.73,0.6007597316381365,,,,,0.07602274716884928
DOT,54,M1,4397,17573,17574,2022-08-21 23:00:00+00:00,7.44,7.275439327176505,0.1645606728234954,0.7601512640799485,1.6750423940552166,True,True,7.60961591182459,7.510809400908582,0.7835028112690485,0.32708820817191664,True,True,36,False,False,7.36,0.21648411388576974,False,False,7.43,0.8233493615006577,0.43405824873224863,0.6973217446948411,0.01928244926829706,0.9810823297486,0.44759175285459607
DOT,55,M1,4448,17778,17779,2022-08-30 12:00:00+00:00,7.26,7.202344800868394,0.05765519913160588,0.3431467841686822,0.8164053928510066,True,True,7.1635100660749265,7.357045324187725,-0.5742797012192944,0.5775852206773496,False,True,36,False,False,7.25,0.16801905712531479,False,False,7.31,0.8571023491415599,,,0.2503784814941525,0.7997578451646415,1.2466178433611468
DOT,56,M1,4499,17990,17991,2022-09-08 08:00:00+00:00,7.11,7.029803666681459,0.08019633331854159,0.41644466154954024,0.9927090731479047,True,True,7.192730027140918,7.295948776053946,0.42960166290692814,0.9655974519652111,True,True,36,False,False,7.07,0.19257380565317064,False,False,7.12,0.7596407119359248,0.1291694663236018,0.8856066603145432,0.8146196800883329,0.5510796620211469,0.8777084573232712
DOT,56,M2,4499,17996,17998,2022-09-08 15:00:00+00:00,7.32,7.0460297422804095,0.2739702577195908,1.4226766552716772,2.670176146532884,False,True,7.197231929317973,7.2930105505860725,-0.6375117854976337,-0.14015119721181774,False,False,36,False,False,7.07,0.19257380565317064,True,False,7.12,0.7596407119359248,,,,,0.26451046403062906
DOT,56,M3,4499,18002,18003,2022-09-08 20:00:00+00:00,7.43,7.044426634895798,0.3855733651042019,2.002210860383719,3.769286555886562,False,True,7.224808903591357,7.292939957785201,-1.0655192470890684,-0.71172733877237,False,False,36,True,False,7.07,0.19257380565317064,False,False,7.12,0.7596407119359248,,,,,0.19077303220911296
DOT,58,M1,4587,18334,18335,2022-09-22 16:00:00+00:00,6.36,6.2857999596977505,0.0742000403022498,0.3969677086539412,0.7665280654031991,True,True,6.377854364279048,6.493709704715455,0.0955202456555999,0.7153424026385559,True,True,37,False,False,6.32,0.1869170682770424,False,False,6.46,1.2489952698835187,-0.2825057911356727,,0.5621422680867896,0.6401465605464571,0.8485709676641627
DOT,59,M2,4655,18624,18626,2022-10-04 19:00:00+00:00,6.47,6.377660300757104,0.09233969924289553,0.7960814219137673,1.8690507462636483,True,True,6.346776500362981,6.424764012406543,-1.062337646846691,-0.3899896753003906,False,False,37,False,False,6.29,0.1159927825233157,False,False,6.33,0.8448490425855565,,,,,0.6936669766652735
DOT,60,M1,4714,18839,18840,2022-10-13 17:00:00+00:00,6.05,5.957062885900215,0.09293711409978478,0.7524345703697318,1.012955615247339,True,True,6.15215085847529,6.059610611690978,0.8270306007912941,0.0778091352280139,True,True,38,False,False,5.68,0.12351521017185225,False,False,6.0,3.0907740395273593,0.31607138826693737,0.7598372010175265,-0.2894312400870209,,0.6444680425055149
DOT,60,M3,4714,18841,18842,2022-10-13 19:00:00+00:00,6.13,5.9577863659037575,0.17221363409624235,1.3942706639662743,1.9381524129517267,False,True,6.15215085847529,6.060138231279056,0.1793370909094546,-0.5656126773677701,True,False,38,True,False,5.68,0.12351521017185225,False,False,6.0,3.0907740395273593,-0.13914149117910443,,,,0.35239370168615564
DOT,61,M1,4768,19057,19058,2022-10-22 19:00:00+00:00,5.83,5.780091586708952,0.04990841329104789,0.521790056346366,1.2592433274897175,True,True,5.93455889563998,5.85448403878093,1.093158216217725,0.2559794458017663,True,True,40,False,False,5.82,0.09564845608694106,False,False,5.83,0.6045495181951526,0.4894001707342207,0.6714112296005954,-0.2546142252198866,,1.1564583242391464
DOT,62,M1,4878,19495,19496,2022-11-10 01:00:00+00:00,5.51,5.271004341422473,0.2389956585775268,0.7157628415349652,1.2194736509121384,True,True,6.391792697731049,5.521774565465147,2.640861556771838,0.03526338714826328,True,True,41,False,False,5.34,0.3339034170382423,False,False,5.42,0.7395902405240652,2.83688928889542,0.26062779629690186,-0.1269463894026561,,0.22824263973943723
DOT,64,M1,4958,19817,19818,2022-11-23 11:00:00+00:00,5.42,5.355452799001248,0.064547200998752,0.5383642616172418,1.1092718283793572,True,True,5.327599936509198,5.549144230213233,-0.7706746564513841,1.077144121899551,False,True,42,False,False,5.38,0.11989503315998863,True,False,5.45,1.0838440355289085,,,0.6844557560042364,0.5936635595417117,0.8312986337089576
DOT,65,M1,4995,19964,19965,2022-11-29 14:00:00+00:00,5.26,5.227864572665116,0.03213542733488417,0.31158038212609823,0.6620168051789013,True,True,5.258235387972671,5.466828563547325,-0.017109418961502483,2.005379365057067,False,True,42,False,False,5.26,0.10313687631937878,False,False,5.29,0.7908755924224508,,,1.9001977404617527,0.34480407526997997,1.6204545673949007
DOT,65,M3,4995,19969,19970,2022-11-29 19:00:00+00:00,5.34,5.206407910912396,0.13359208908760412,1.295289268543641,2.4571662278435946,False,True,5.26030820816575,5.464028352062958,-0.7726799053664624,1.2025606794497636,False,True,42,True,False,5.26,0.10313687631937878,False,False,5.29,0.7908755924224508,,,0.41029248147563646,0.7090727725880425,0.3957270251633888
DOT,66,M1,5042,20151,20152,2022-12-07 09:00:00+00:00,5.28,5.228384186394988,0.05161581360501266,0.563060028554119,1.1108953569713593,True,True,5.487914530413497,5.323678637853612,2.2680716093579254,0.4764759743062764,True,True,45,False,False,5.25,0.09167017899948755,False,False,5.25,0.5000000000000014,1.5490029564519796,0.3923102550622086,-0.03189365558299261,,1.0127128945405912
DOT,66,M3,5042,20153,20154,2022-12-07 11:00:00+00:00,5.32,5.228606772963025,0.09139322703697506,0.9969788216240524,2.0054288995639995,True,True,5.487914530413497,5.31998914969481,1.831724692218998,-0.00011836243049536103,True,False,45,True,False,5.25,0.09167017899948755,False,False,5.25,0.5000000000000014,0.8369117276958356,0.5443919731811875,,,0.5762790275333209
DOT,67,M3,5073,20283,20284,2022-12-12 21:00:00+00:00,5.16,5.101350591353546,0.058649408646454404,0.8544301717263392,1.6951855046904345,True,True,5.233091713911089,5.18108896100393,1.0648319754644247,0.30723318423785867,True,True,46,True,False,5.11,0.06864154683109541,False,True,5.15,1.082737450518519,0.24757923996163927,0.8015522926068793,-0.2263215852164536,,0.8710062245970869
DOT,68,M1,5103,20400,20401,2022-12-17 18:00:00+00:00,4.67,4.64066569564287,0.029334304357130137,0.27324166983092235,0.647024807011577,True,True,4.983464179508995,4.994474974504732,2.919840020695733,3.0224028077375866,True,True,47,False,False,4.66,0.10735662820126132,False,False,4.677,0.6583507258455382,3.5981325762791987,0.21747959272831546,3.7438410290208837,0.21079964397677076,1.5760728271288418
DOT,69,M1,5115,20445,20446,2022-12-19 15:00:00+00:00,4.64,4.592259742947134,0.04774025705286533,0.6198831911121825,1.541946757284853,True,True,4.758146711223634,4.9084577188772345,1.5340755348597388,3.4857882577389594,True,True,47,False,False,4.605,0.0770149243234208,False,False,4.624,0.7467054297191791,0.8203862285003989,0.549333973386396,2.424965792015347,0.2919737190751828,0.9622068006280865
DOT,70,M1,5176,20688,20689,2022-12-29 18:00:00+00:00,4.334,4.313517843359117,0.02048215664088282,0.35770142429612567,0.7899437554355583,True,True,4.391871584855245,4.666019453234875,1.010672298427613,5.798404601548679,True,True,47,False,False,4.323,0.057260483883135226,False,False,4.337,0.7444967113545986,0.30445438399400043,0.7666040394131554,4.62932022625627,0.17764134208173146,2.0948282328022776
DOT,71,M1,5196,20769,20770,2023-01-02 03:00:00+00:00,4.373,4.309799763951835,0.06320023604816516,1.3729273221459173,2.5482995952579994,False,True,4.338824841507567,4.62914377589197,-0.7424024302246298,5.564327134026836,False,True,47,False,False,4.356,0.04603319857411077,False,False,4.371,0.8258517866372405,,,2.0397979805319935,0.32896922966735787,0.6850085174841191
DOT,71,M2,5196,20768,20770,2023-01-02 03:00:00+00:00,4.373,4.310515130409669,0.06248486959033084,1.357387092920207,2.519455271740425,False,True,4.338824841507567,4.62914377589197,-0.7424024302246298,5.564327134026836,False,True,47,False,False,4.356,0.04603319857411077,False,False,4.371,0.8258517866372405,,,2.05359299455701,0.32748306725306453,0.6928509298945433
DOT,71,M3,5196,20775,20776,2023-01-02 09:00:00+00:00,4.492,4.362153382405051,0.1298466175949491,2.820716822140951,4.137025158411212,False,True,4.360398566404154,4.624263929559525,-2.8588374840817448,2.8732291836420654,False,True,47,True,False,4.356,0.04603319857411077,False,False,4.371,0.8258517866372405,,,0.5294085400803882,0.6538475324241608,0.34248716542409086
DOT,72,M1,5458,21815,21816,2023-02-14 17:00:00+00:00,6.179,6.013412410948859,0.16558758905114157,1.1711650749816505,1.917624852164619,False,True,6.191948751176407,6.122684051637816,0.09158370641987996,-0.39831047884808424,True,False,48,False,False,5.95,0.1413870619850374,False,False,6.202,2.2823413009789277,-0.18541368176823797,,,,0.36942442577086526
DOT,72,M2,5458,21815,21817,2023-02-14 18:00:00+00:00,6.197,6.013412410948859,0.18358758905114136,1.2984751679087152,2.2358452379438294,False,True,6.191948751176407,6.123501131244373,-0.03572638650718492,-0.5198415450729534,False,False,48,False,False,5.95,0.1413870619850374,False,False,6.202,2.2823413009789277,,,,,0.33417455023558185
DOT,74,M1,5575,22459,22460,2023-03-13 13:00:00+00:00,5.753,5.339652688087725,0.4133473119122755,3.78550320528717,5.078647657419796,False,True,5.610712445395002,5.956651229135675,-1.303093012841478,1.865071716777926,False,True,49,False,False,5.856,0.10919217063003879,False,False,5.932,1.196020598926464,,,0.3241524069093517,0.7552000772585218,0.13778896912746216
DOT,75,M1,5693,22758,22759,2023-03-26 01:00:00+00:00,5.959,5.81974114679626,0.13925885320373954,0.9869646172666017,2.4416208515145272,True,True,6.093010511306954,5.907230614101453,0.9497682191039171,-0.36690343891266847,True,False,51,False,True,5.83,0.1410981212167635,False,False,5.847,0.6204835319804453,0.4084449184660452,0.7100029166132477,,,0.4236290809726115
DOT,76,M1,5710,22823,22824,2023-03-28 18:00:00+00:00,5.926,5.888116668626759,0.037883331373240736,0.3167302537080165,0.6821729301631911,True,True,5.960382465516336,5.905349165128166,0.28746064908611346,-0.17265493638340287,True,False,52,False,True,5.906,0.11960755541895333,False,False,5.968,1.0183619026643511,-0.1901480622937322,,,,1.5486336041037903
DOT,77,M1,5861,23541,23542,2023-04-27 16:00:00+00:00,5.948,5.825566891794918,0.12243310820508224,1.0943259263611858,1.7557555824926712,False,True,5.9375974907067315,5.956521578557595,-0.09297922584607554,0.07616717802735944,False,True,53,False,False,5.93,0.11187993015224681,False,False,5.952,0.6966393791099309,,,-0.24495938596652056,,0.48095814002666687
DOT,78,M1,5929,23750,23751,2023-05-06 09:00:00+00:00,5.743,5.694082947917345,0.048917052082654955,0.5413570413173411,1.2331550665196067,True,True,5.7621493767643175,5.891828751927338,0.21192303106665725,1.6470635366619772,True,True,53,False,False,5.732,0.09036005510082577,False,False,5.777,0.9980076644462852,-0.3021886318198987,,0.9238300980481072,0.5197964212196217,1.1622879462141573
DOT,80,M1,6102,24390,24391,2023-06-02 01:00:00+00:00,5.223,5.152681106326491,0.07031889367350885,1.2179709279301014,2.4019645868073063,False,True,5.308303831038299,5.207820225605309,1.477520205708968,-0.26292398727307975,True,False,54,False,False,5.187,0.057734459879935994,False,False,5.206,0.8290928855922912,0.31812025452552295,0.7586561215235745,,,0.735331534652397
DOT,80,M2,6102,24390,24392,2023-06-02 02:00:00+00:00,5.233,5.152681106326491,0.08031889367350864,1.3911777098207727,2.7122818498714314,False,True,5.308303831038299,5.210481268799362,1.3043134238182967,-0.390039696352358,True,False,54,False,False,5.187,0.057734459879935994,False,False,5.206,0.8290928855922912,0.21744561548986135,0.8213919268973932,,,0.6450126194540358
DOT,80,M3,6102,24391,24392,2023-06-02 02:00:00+00:00,5.233,5.1525967415888845,0.08040325841111517,1.3926389642913606,2.7151307554789903,False,True,5.308303831038299,5.210481268799362,1.3043134238182967,-0.390039696352358,True,False,54,True,False,5.187,0.057734459879935994,False,False,5.206,0.8290928855922912,0.2173068608717149,0.8214855531857421,,,0.6443358269773565
DOT,81,M1,6127,24504,24505,2023-06-06 19:00:00+00:00,5.167,5.048027426781056,0.11897257321894372,1.5394042348423742,2.9824943524342395,False,True,5.184067234558876,5.07292576946647,0.22083554592562848,-1.2172407888190053,True,False,55,False,False,5.029,0.07728481611662306,False,False,5.073,1.0693226976642431,-0.1699862865885561,,,,0.4299587595358068
DOT,81,M2,6127,24520,24522,2023-06-07 12:00:00+00:00,5.139,5.05762616788495,0.0813738321150499,1.0529084004321947,1.955969846684217,False,True,5.1831860934448,5.095522496134327,0.5717305890735795,-0.5625620406480005,True,False,55,True,False,5.029,0.07728481611662306,False,False,5.073,1.0693226976642431,-0.011727843866494642,,,,0.6252145029629321
DOT,82,M1,6166,24647,24648,2023-06-12 18:00:00+00:00,4.524,4.446265703198227,0.0777342968017729,0.8125403950171287,1.8104189365467565,True,True,4.606345389779893,4.739711758713513,0.8607391883947372,2.2547900327943786,True,True,55,False,False,4.49,0.0956682243473375,False,False,4.509,0.6986030380475925,0.3434634206486101,0.7443447917005515,1.4319739025699965,0.4111886229302241,0.5761626700529761
DOT,82,M2,6166,24647,24649,2023-06-12 19:00:00+00:00,4.528,4.446265703198227,0.08173429680177247,0.8543515609218807,1.9355754745668092,True,True,4.606345389779893,4.739025061994446,0.8189280224899852,2.205800969277833,True,True,55,False,False,4.49,0.0956682243473375,False,False,4.509,0.6986030380475925,0.300614252686055,0.7688674777588971,1.3489557749292937,0.4257210845232287,0.5484503048789658
DOT,84,M1,6469,25859,25860,2023-08-02 06:00:00+00:00,5.161,5.147539736921794,0.013460263078205692,0.19126757270347913,0.45106529545613067,True,True,5.1535509948094615,5.181095081410116,-0.1058488332339306,0.2855469779647226,False,True,57,False,False,5.163,0.07037399433657816,False,False,5.167,0.5568391781325985,,,-0.4002502295410716,,3.7959064918076635
DOT,86,M1,6589,26340,26341,2023-08-22 07:00:00+00:00,4.426,4.39956074862627,0.0264392513737306,0.4046113815312082,1.0264877793710863,True,True,4.4973519150096015,4.920281940546986,1.0919294385020482,7.564211860754493,True,True,57,False,False,4.42,0.06534480387989607,False,False,4.43,0.6530343563105582,0.45491087868089897,0.687327323379872,6.474697151835399,0.13378468447440064,1.6572859564221967
DOT,87,M1,6656,26606,26607,2023-09-02 09:00:00+00:00,4.236,4.222454859625274,0.013545140374725761,0.22485286216092978,0.5173739446074613,True,True,4.348743389374484,4.739052291128171,1.8715696618308468,8.35079920528862,True,True,57,False,False,4.219,0.060240017603295386,False,False,4.233,0.7324036505466318,1.3525758093167355,0.42506600469144185,8.387508493548596,0.10652453744113603,3.0960476480738612
DOT,88,M1,6678,26699,26700,2023-09-06 06:00:00+00:00,4.241,4.220443823228904,0.020556176771095558,0.40576716812426944,0.9249245307506965,True,True,4.268202037078781,4.696068794445928,0.5369526481300244,8.982797632081681,True,True,57,False,False,4.229,0.05066002965720495,False,False,4.257,1.0527039796356996,-0.1685723190773657,,6.67269006709414,0.13033238554606802,2.04249557043298
DOT,88,M3,6678,26742,26743,2023-09-08 01:00:00+00:00,4.325,4.259944482503319,0.06505551749668115,1.2841586934884244,2.6857951253684695,False,True,4.262051858668915,4.677225735576747,-1.2425602937271962,6.952734492263621,False,True,57,True,False,4.229,0.05066002965720495,False,True,4.257,1.0527039796356996,,,2.908356907568654,0.255861996140493,0.6581686173226484
DOT,89,M1,6717,26851,26852,2023-09-12 14:00:00+00:00,4.015,3.9686857781634868,0.0463142218365129,0.7023775370159424,1.2431049702658352,True,True,4.101175375491851,4.605275775176813,1.306891179194388,8.951817145765139,True,True,57,False,False,3.992,0.0659392127391763,False,False,4.047,1.3341015568013128,0.5861059749849941,0.6304748962372838,6.443466617640065,0.13434600453908502,0.8582352984426769
DOT,89,M3,6717,26893,26894,2023-09-14 08:00:00+00:00,4.013,3.9662861089702526,0.04671389102974732,0.7084387133119853,1.513953556305115,True,True,4.035705541364633,4.579581641729069,0.34434049818649615,8.592484171295656,True,True,57,True,False,3.992,0.0659392127391763,False,False,4.047,1.3341015568013128,-0.15050634739638372,,6.141254390979367,0.1400314209872109,0.8504686534183339
DOT,90,M1,6793,27154,27155,2023-09-25 05:00:00+00:00,4.007,3.988878633084833,0.018121366915166526,0.46770035135021504,0.8845962032860841,True,True,4.028698367691911,4.017767876641293,0.5600203472917671,0.2779116891129056,True,True,58,False,False,3.947,0.03874567736126674,False,False,3.998,1.8162758654203837,-0.2416295407801213,,-0.4307689232112568,,2.1890898289134637
DOT,90,M3,6793,27157,27158,2023-09-25 08:00:00+00:00,4.064,3.993979995221348,0.07002000477865211,1.8071694585639038,2.907805199214822,False,True,4.031965189816491,4.01914208977091,-0.8267970097622712,-1.1577526393675424,False,False,58,True,False,3.947,0.03874567736126674,False,False,3.998,1.8162758654203837,,,,,0.5746015032016468
DOT,91,M1,6883,27661,27662,2023-10-16 08:00:00+00:00,3.802,3.708995211900959,0.09300478809904122,1.8005562180881283,4.645790503940598,False,True,3.7473407514139705,3.7967358400397204,-1.0581933675586195,-0.10191320407502485,False,False,59,True,False,3.82,0.05165336531274532,False,False,3.855,1.177593798353425,,,,,0.4047081958825303
DOT,93,M1,7140,28544,28545,2023-11-22 03:00:00+00:00,5.001,4.822374203982171,0.17862579601782969,1.2024233012380885,2.165077603107049,False,True,5.23735362199669,4.98337008013566,1.5910193754572373,-0.11867617620988746,True,False,60,False,False,4.819,0.14855483575035983,False,False,4.857,0.7557977988939917,0.8409237368171291,0.5432055549074255,,,0.2771710531386974
