symbol,first_month,binance_spot_usdt,status
ACUUSDT,2026-01,nein,"vorlaeufig NICHT ausgeschlossen, vor Freeze klaeren"
AGPUUSDT,nach 2026-08 (nur Snapshot),nein,"vorlaeufig NICHT ausgeschlossen, vor Freeze klaeren"
ARXUSDT,2026-06,nein,"vorlaeufig NICHT ausgeschlossen, vor Freeze klaeren"
BASEDUSDT,2026-03,nein,"vorlaeufig NICHT ausgeschlossen, vor Freeze klaeren"
BBXUSDT,2026-06,nein,"vorlaeufig NICHT ausgeschlossen, vor Freeze klaeren"
BILLUSDT,2026-05,nein,"vorlaeufig NICHT ausgeschlossen, vor Freeze klaeren"
BOTUSDT,2026-07,nein,"vorlaeufig NICHT ausgeschlossen, vor Freeze klaeren"
BSBUSDT,2026-03,nein,"vorlaeufig NICHT ausgeschlossen, vor Freeze klaeren"
BSPUSDT,2026-07,nein,"vorlaeufig NICHT ausgeschlossen, vor Freeze klaeren"
BTWUSDT,2026-06,nein,"vorlaeufig NICHT ausgeschlossen, vor Freeze klaeren"
CAPUSDT,2026-06,nein,"vorlaeufig NICHT ausgeschlossen, vor Freeze klaeren"
CBRSUSDT,2026-05,nein,"vorlaeufig NICHT ausgeschlossen, vor Freeze klaeren"
CHIPUSDT,2026-04,ja,"vorlaeufig NICHT ausgeschlossen, vor Freeze klaeren"
COLLECTUSDT,2025-12,nein,"vorlaeufig NICHT ausgeschlossen, vor Freeze klaeren"
CTRUSDT,2026-05,nein,"vorlaeufig NICHT ausgeschlossen, vor Freeze klaeren"
CYPHUSDT,nach 2026-08 (nur Snapshot),nein,"vorlaeufig NICHT ausgeschlossen, vor Freeze klaeren"
CYSUSDT,2025-12,nein,"vorlaeufig NICHT ausgeschlossen, vor Freeze klaeren"
DATAIPUSDT,2026-07,nein,"vorlaeufig NICHT ausgeschlossen, vor Freeze klaeren"
DOSUSDT,2026-08,nein,"vorlaeufig NICHT ausgeschlossen, vor Freeze klaeren"
EDGEUSDT,2026-03,nein,"vorlaeufig NICHT ausgeschlossen, vor Freeze klaeren"
GENIUSUSDT,2026-04,ja,"vorlaeufig NICHT ausgeschlossen, vor Freeze klaeren"
GRAMUSDT,2026-07,ja,"vorlaeufig NICHT ausgeschlossen, vor Freeze klaeren"
GUAUSDT,2025-12,nein,"vorlaeufig NICHT ausgeschlossen, vor Freeze klaeren"
GWEIUSDT,2026-01,nein,"vorlaeufig NICHT ausgeschlossen, vor Freeze klaeren"
INTWUSDT,2026-07,nein,"vorlaeufig NICHT ausgeschlossen, vor Freeze klaeren"
INXUSDT,2026-01,nein,"vorlaeufig NICHT ausgeschlossen, vor Freeze klaeren"
IRUSDT,2025-12,nein,"vorlaeufig NICHT ausgeschlossen, vor Freeze klaeren"
KATUSDT,2026-03,ja,"vorlaeufig NICHT ausgeschlossen, vor Freeze klaeren"
KSTRUSDT,2026-07,nein,"vorlaeufig NICHT ausgeschlossen, vor Freeze klaeren"
LYTEUSDT,2026-08,nein,"vorlaeufig NICHT ausgeschlossen, vor Freeze klaeren"
MAGMAUSDT,2025-12,nein,"vorlaeufig NICHT ausgeschlossen, vor Freeze klaeren"
MARSCOINUSDT,nach 2026-08 (nur Snapshot),ja,"vorlaeufig NICHT ausgeschlossen, vor Freeze klaeren"
MOONSHOTUSDT,nach 2026-08 (nur Snapshot),nein,"vorlaeufig NICHT ausgeschlossen, vor Freeze klaeren"
OUSDT,2026-06,nein,"vorlaeufig NICHT ausgeschlossen, vor Freeze klaeren"
OPGUSDT,2026-04,ja,"vorlaeufig NICHT ausgeschlossen, vor Freeze klaeren"
OPNUSDT,2026-02,ja,"vorlaeufig NICHT ausgeschlossen, vor Freeze klaeren"
PAYPUSDT,2026-03,nein,"vorlaeufig NICHT ausgeschlossen, vor Freeze klaeren"
PENGUSDT,2026-07,nein,"vorlaeufig NICHT ausgeschlossen, vor Freeze klaeren"
PONSUSDT,nach 2026-08 (nur Snapshot),nein,"vorlaeufig NICHT ausgeschlossen, vor Freeze klaeren"
POWERUSDT,2025-12,nein,"vorlaeufig NICHT ausgeschlossen, vor Freeze klaeren"
PRLUSDT,2026-04,nein,"vorlaeufig NICHT ausgeschlossen, vor Freeze klaeren"
RAMUSDT,2026-08,nein,"vorlaeufig NICHT ausgeschlossen, vor Freeze klaeren"
RAVEUSDT,2025-12,nein,"vorlaeufig NICHT ausgeschlossen, vor Freeze klaeren"
REUSDT,2026-06,ja,"vorlaeufig NICHT ausgeschlossen, vor Freeze klaeren"
RLSUSDT,2025-12,nein,"vorlaeufig NICHT ausgeschlossen, vor Freeze klaeren"
ROBOUSDT,2026-02,ja,"vorlaeufig NICHT ausgeschlossen, vor Freeze klaeren"
SECZUSDT,nach 2026-08 (nur Snapshot),nein,"vorlaeufig NICHT ausgeschlossen, vor Freeze klaeren"
SHAZUSDT,2026-07,nein,"vorlaeufig NICHT ausgeschlossen, vor Freeze klaeren"
SKDDUSDT,2026-08,nein,"vorlaeufig NICHT ausgeschlossen, vor Freeze klaeren"
SKRUSDT,2026-01,nein,"vorlaeufig NICHT ausgeschlossen, vor Freeze klaeren"
SPACEUSDT,2026-01,nein,"vorlaeufig NICHT ausgeschlossen, vor Freeze klaeren"
SPORTFUNUSDT,2026-01,nein,"vorlaeufig NICHT ausgeschlossen, vor Freeze klaeren"
STARUSDT,2026-05,nein,"vorlaeufig NICHT ausgeschlossen, vor Freeze klaeren"
STXXUSDT,2026-06,nein,"vorlaeufig NICHT ausgeschlossen, vor Freeze klaeren"
TRIAUSDT,2026-02,nein,"vorlaeufig NICHT ausgeschlossen, vor Freeze klaeren"
USUSDT,2025-12,nein,"vorlaeufig NICHT ausgeschlossen, vor Freeze klaeren"
WENUSDT,2026-07,nein,"vorlaeufig NICHT ausgeschlossen, vor Freeze klaeren"
WETUSDT,2025-12,nein,"vorlaeufig NICHT ausgeschlossen, vor Freeze klaeren"
ZESTUSDT,2026-06,nein,"vorlaeufig NICHT ausgeschlossen, vor Freeze klaeren"
